event_id,bracket_bundle_id,bracket_name
19787,1211252,Men / Adults / Beginner / -60 kg
19787,1211249,Men / Adults / Beginner / -65 kg
19787,1211246,Men / Adults / Beginner / -70 kg
19787,1211251,Men / Adults / Beginner / -76 kg
19787,1211256,Men / Adults / Beginner / -83 kg
19787,1211257,Men / Adults / Beginner / -91 kg
19787,1211258,Men / Adults / Beginner / -100 kg
19787,1211248,Men / Adults / Beginner / +100 kg
19787,1211250,Men / Adults / Intermediate  / -60 kg
19787,1211254,Men / Adults / Intermediate  / -65 kg
19787,1211247,Men / Adults / Intermediate  / -70 kg
19787,1211239,Men / Adults / Intermediate  / -76 kg
19787,1211243,Men / Adults / Intermediate  / -83 kg
19787,1211245,Men / Adults / Intermediate  / -91 kg
19787,1211261,Men / Adults / Intermediate  / -100 kg
19787,1211242,Men / Adults / Intermediate  / +100 kg
19787,1211255,Men / Adults / Advanced / -60 kg
19787,1211240,Men / Adults / Advanced / -65 kg
19787,1211259,Men / Adults / Advanced / -70 kg
19787,1211238,Men / Adults / Advanced / -76 kg
19787,1211244,Men / Adults / Advanced / -83 kg
19787,1211253,Men / Adults / Advanced / -91 kg
19787,1211241,Men / Adults / Advanced / -100 kg
19787,1211260,Men / Adults / Advanced / +100 kg
19787,1211100,Men / Masters 35+ / Beginner / -70 kg
19787,1211087,Men / Masters 35+ / Beginner / -76 kg
19787,1211097,Men / Masters 35+ / Beginner / -83 kg
19787,1211098,Men / Masters 35+ / Beginner / -100 kg
19787,1211086,Men / Masters 35+ / Intermediate  / -65 kg
19787,1211083,Men / Masters 35+ / Intermediate  / -70 kg
19787,1211092,Men / Masters 35+ / Intermediate  / -76 kg
19787,1211094,Men / Masters 35+ / Intermediate  / -83 kg
19787,1211093,Men / Masters 35+ / Intermediate  / -91 kg
19787,1211099,Men / Masters 35+ / Intermediate  / -100 kg
19787,1211095,Men / Masters 35+ / Intermediate  / +100 kg
19787,1211090,Men / Masters 35+ / Advanced / -65 kg
19787,1211089,Men / Masters 35+ / Advanced / -70 kg
19787,1211084,Men / Masters 35+ / Advanced / -76 kg
19787,1211088,Men / Masters 35+ / Advanced / -83 kg
19787,1211096,Men / Masters 35+ / Advanced / -91 kg
19787,1211085,Men / Masters 35+ / Advanced / -100 kg
19787,1211091,Men / Masters 35+ / Advanced / +100 kg
19787,1218311,Men's Absolute / Adult / Advanced
19787,1211109,"Women / Adult / Beginner / -55,0 kg"
19787,1211118,"Women / Adult / Beginner / -60,0 kg"
19787,1211114,"Women / Adult / Beginner / -70,0 kg"
19787,1211108,"Women / Adult / Intermediate / -55,0 kg"
19787,1211107,"Women / Adult / Intermediate / -60,0 kg"
19787,1211110,"Women / Adult / Intermediate / -65,0 kg"
19787,1211116,"Women / Adult / Intermediate / +70,0 kg"
19787,1211112,"Women / Adult / Advanced / -55,0 kg"
19787,1211111,"Women / Adult / Advanced / -60,0 kg"
19787,1211115,"Women / Adult / Advanced / -65,0 kg"
19787,1211113,"Women / Adult / Advanced / -70,0 kg"
19787,1211101,"Women / Master 35+ / Beginner / -55,0 kg"
19787,1211106,"Women / Master 35+ / Intermediate / -60,0 kg"
19787,1211104,"Women / Master 35+ / Intermediate / -70,0 kg"
19787,1211102,"Women / Master 35+ / Intermediate / +70,0 kg"
19787,1211103,"Women / Master 35+ / Advanced / -60,0 kg"
19787,1218118,Women's Absolute / Adult / Advanced
19787,1211172,"Girls [9-10 years] / Beginner / -44,0 kg"
19787,1211173,"Girls [9-10 years] / Advanced / -40,0 kg"
19787,1211174,"Girls [9-10 years] / Advanced / -44,0 kg"
19787,1211171,"Girls [11-12 years] / Beginner / -32,0 kg"
19787,1211170,"Girls [11-12 years] / Advanced / -48,0 kg"
19787,1211224,"Girls [13-14 years] / Intermediate / -50,0 kg"
19787,1211225,"Girls [13-14 years] / Advanced / -60,0 kg"
19787,1211203,"Girls [15-17 years] / Beginner / -55,0 kg"
19787,1211215,"Girls [15-17 years] / Advanced / -55,0 kg"
19787,1211218,"Girls [15-17 years] / Advanced / -65,0 kg"
19787,1211202,"Girls [15-17 years] / Advanced / +65,0 kg"
19787,1210979,"Boys [7-8 years] / Intermediate / -36,0 kg"
19787,1217503,"Boys [7-8 years] / Advanced / -36,0 kg"
19787,1211167,"Boys [9-10 years] / Intermediate / -36,0 kg"
19787,1211164,"Boys [9-10 years] / Advanced / -32,0 kg"
19787,1211168,"Boys [9-10 years] / Advanced / -40,0 kg"
19787,1211166,"Boys [11-12 years] / Intermediate / -36,0 kg"
19787,1211165,"Boys [11-12 years] / Advanced / -40,0 kg"
19787,1211163,"Boys [11-12 years] / Advanced / -44,0 kg"
19787,1211221,"Boys [13-14 years] / Beginner / -50,0 kg"
19787,1211195,"Boys [13-14 years] / Intermediate / -65,0 kg"
19787,1211214,"Boys [13-14 years] / Advanced / -55,0 kg"
19787,1211207,"Boys [13-14 years] / Advanced / -65,0 kg"
19787,1211197,"Boys [13-14 years] / Advanced / +65,0 kg"
19787,1211208,"Boys [15-17 years] / Beginner / -55,0 kg"
19787,1211196,"Boys [15-17 years] / Beginner / -60,0 kg"
19787,1211194,"Boys [15-17 years] / Beginner / -65,0 kg"
19787,1211209,"Boys [15-17 years] / Beginner / -70,0 kg"
19787,1211206,"Boys [15-17 years] / Beginner / -75,0 kg"
19787,1211198,"Boys [15-17 years] / Beginner / -80,0 kg"
19787,1211213,"Boys [15-17 years] / Intermediate / -65,0 kg"
19787,1211220,"Boys [15-17 years] / Intermediate / -80,0 kg"
19787,1211217,"Boys [15-17 years] / Advanced / -50,0 kg"
19787,1211205,"Boys [15-17 years] / Advanced / -60,0 kg"
19787,1211200,"Boys [15-17 years] / Advanced / -65,0 kg"
19787,1211201,"Boys [15-17 years] / Advanced / -70,0 kg"
19787,1211199,"Boys [15-17 years] / Advanced / -75,0 kg"
19787,1217506,"Boys [15-17 years] / Advanced / -80,0 kg"
19787,1211204,"Boys [15-17 years] / Advanced / +80,0 kg"
19885,1199570,"Men / Adult (age 15+) / Beginner / -65,0 kg"
19885,1199566,"Men / Adult (age 15+) / Beginner / -70,0 kg"
19885,1199571,"Men / Adult (age 15+) / Beginner / -76,0 kg"
19885,1199555,"Men / Adult (age 15+) / Beginner / -83,0 kg"
19885,1199557,"Men / Adult (age 15+) / Beginner / -91,0 kg"
19885,1199569,"Men / Adult (age 15+) / Beginner / -100,0 kg"
19885,1199573,"Men / Adult (age 15+) / Intermediate / -55,0 kg"
19885,1199562,"Men / Adult (age 15+) / Intermediate / -60,0 kg"
19885,1199561,"Men / Adult (age 15+) / Intermediate / -65,0 kg"
19885,1199552,"Men / Adult (age 15+) / Intermediate / -70,0 kg"
19885,1199556,"Men / Adult (age 15+) / Intermediate / -76,0 kg"
19885,1199559,"Men / Adult (age 15+) / Intermediate / -83,0 kg"
19885,1199563,"Men / Adult (age 15+) / Intermediate / -91,0 kg"
19885,1199558,"Men / Adult (age 15+) / Intermediate / -100,0 kg"
19885,1199565,"Men / Adult (age 15+) / Intermediate / +100,0 kg"
19885,1199574,"Men / Adult (age 15+) / Advanced / -60,0 kg"
19885,1199553,"Men / Adult (age 15+) / Advanced / -65,0 kg"
19885,1199554,"Men / Adult (age 15+) / Advanced / -70,0 kg"
19885,1199560,"Men / Adult (age 15+) / Advanced / -76,0 kg"
19885,1199564,"Men / Adult (age 15+) / Advanced / -83,0 kg"
19885,1199568,"Men / Adult (age 15+) / Advanced / -91,0 kg"
19885,1199572,"Men / Adult (age 15+) / Advanced / -100,0 kg"
19885,1199567,"Men / Adult (age 15+) / Advanced / +100,0 kg"
19885,1199517,"Men / Master (age 35+) / Beginner / -76,0 kg"
19885,1199513,"Men / Master (age 35+) / Beginner / -83,0 kg"
19885,1199523,"Men / Master (age 35+) / Beginner / -91,0 kg"
19885,1199526,"Men / Master (age 35+) / Intermediate / -65,0 kg"
19885,1199514,"Men / Master (age 35+) / Intermediate / -76,0 kg"
19885,1199522,"Men / Master (age 35+) / Intermediate / -83,0 kg"
19885,1199519,"Men / Master (age 35+) / Intermediate / -91,0 kg"
19885,1199521,"Men / Master (age 35+) / Intermediate / -100,0 kg"
19885,1199511,"Men / Master (age 35+) / Intermediate / +100,0 kg"
19885,1199520,"Men / Master (age 35+) / Advanced / -70,0 kg"
19885,1199512,"Men / Master (age 35+) / Advanced / -76,0 kg"
19885,1199516,"Men / Master (age 35+) / Advanced / -83,0 kg"
19885,1199518,"Men / Master (age 35+) / Advanced / -91,0 kg"
19885,1199515,"Men / Master (age 35+) / Advanced / -100,0 kg"
19885,1199524,"Men / Master (age 35+) / Advanced / +100,0 kg"
19885,1199486,"Men / Master 2 (age 45+) / Beginner / -100,0 kg"
19885,1199484,"Men / Master 2 (age 45+) / Intermediate / -76,0 kg"
19885,1199485,"Men / Master 2 (age 45+) / Intermediate / -91,0 kg"
19885,1199489,"Men / Master 2 (age 45+) / Advanced / -76,0 kg"
19885,1199487,"Men / Master 2 (age 45+) / Advanced / -91,0 kg"
19885,1199488,"Men / Master 2 (age 45+) / Advanced / +100,0 kg"
19885,1199604,"Women / Adult (age 15+) / Beginner / -65,0 kg"
19885,1199608,"Women / Adult (age 15+) / Beginner / -70,0 kg"
19885,1199605,"Women / Adult (age 15+) / Beginner / +70,0 kg"
19885,1199603,"Women / Adult (age 15+) / Intermediate / -50,0 kg"
19885,1199601,"Women / Adult (age 15+) / Intermediate / -60,0 kg"
19885,1199599,"Women / Adult (age 15+) / Intermediate / -65,0 kg"
19885,1199600,"Women / Adult (age 15+) / Intermediate / -70,0 kg"
19885,1199607,"Women / Adult (age 15+) / Intermediate / +70,0 kg"
19885,1199611,"Women / Adult (age 15+) / Advanced / -50,0 kg"
19885,1199598,"Women / Adult (age 15+) / Advanced / -55,0 kg"
19885,1199609,"Women / Adult (age 15+) / Advanced / -60,0 kg"
19885,1199610,"Women / Adult (age 15+) / Advanced / -65,0 kg"
19885,1199602,"Women / Adult (age 15+) / Advanced / -70,0 kg"
19885,1199606,"Women / Adult (age 15+) / Advanced / +70,0 kg"
19885,1199584,"Women / Master (age 35+) / Intermediate / -60,0 kg"
19885,1199596,"Women / Master (age 35+) / Intermediate / -70,0 kg"
19885,1199597,"Women / Master (age 35+) / Intermediate / +70,0 kg"
19885,1199583,"Women / Master 2 (age 45+) / Advanced / -65,0 kg"
19885,1200853,Men's Absolute / Adult / Advanced
19885,1200849,Women's Absolute / Adult / Advanced
19885,1199280,"Girls [6 and under] / Beginner / -20,0 kg"
19885,1199289,"Girls [7-8 years] / Beginner / -24,0 kg"
19885,1199285,"Girls [7-8 years] / Beginner / -28,0 kg"
19885,1199283,"Girls [7-8 years] / Intermediate / -24,0 kg"
19885,1199281,"Girls [7-8 years] / Intermediate / -28,0 kg"
19885,1199286,"Girls [7-8 years] / Advanced / -24,0 kg"
19885,1199282,"Girls [7-8 years] / Advanced / -28,0 kg"
19885,1199312,"Girls [9-10 years] / Intermediate / -28,0 kg"
19885,1199310,"Girls [9-10 years] / Intermediate / -32,0 kg"
19885,1199317,"Girls [9-10 years] / Intermediate / -36,0 kg"
19885,1199308,"Girls [9-10 years] / Intermediate / -44,0 kg"
19885,1199314,"Girls [9-10 years] / Advanced / -28,0 kg"
19885,1199311,"Girls [9-10 years] / Advanced / -32,0 kg"
19885,1199316,"Girls [9-10 years] / Advanced / -36,0 kg"
19885,1199313,"Girls [9-10 years] / Advanced / -40,0 kg"
19885,1199309,"Girls [9-10 years] / Advanced / -44,0 kg"
19885,1199339,"Girls [11-12 years] / Intermediate / -32,0 kg"
19885,1199344,"Girls [11-12 years] / Intermediate / -36,0 kg"
19885,1199340,"Girls [11-12 years] / Intermediate / -40,0 kg"
19885,1199337,"Girls [11-12 years] / Intermediate / -48,0 kg"
19885,1199346,"Girls [11-12 years] / Intermediate / -52,0 kg"
19885,1199347,"Girls [11-12 years] / Intermediate / +55,0 kg"
19885,1199348,"Girls [11-12 years] / Advanced / -32,0 kg"
19885,1199342,"Girls [11-12 years] / Advanced / -40,0 kg"
19885,1199336,"Girls [11-12 years] / Advanced / -44,0 kg"
19885,1199335,"Girls [11-12 years] / Advanced / -48,0 kg"
19885,1199338,"Girls [11-12 years] / Advanced / -52,0 kg"
19885,1199341,"Girls [11-12 years] / Advanced / -55,0 kg"
19885,1199343,"Girls [11-12 years] / Advanced / +55,0 kg"
19885,1199363,"Girls [13-14 years] / Intermediate / -45,0 kg"
19885,1199362,"Girls [13-14 years] / Intermediate / -50,0 kg"
19885,1199365,"Girls [13-14 years] / Intermediate / -55,0 kg"
19885,1199360,"Girls [13-14 years] / Intermediate / +60,0 kg"
19885,1199359,"Girls [13-14 years] / Advanced / -45,0 kg"
19885,1199361,"Girls [13-14 years] / Advanced / -50,0 kg"
19885,1199357,"Girls [13-14 years] / Advanced / -55,0 kg"
19885,1199358,"Girls [13-14 years] / Advanced / -60,0 kg"
19885,1199367,"Girls [13-14 years] / Advanced / +60,0 kg"
19885,1199374,"Girls [15-17 years] / Intermediate / -50,0 kg"
19885,1199369,"Girls [15-17 years] / Intermediate / -55,0 kg"
19885,1199373,"Girls [15-17 years] / Intermediate / +65,0 kg"
19885,1199370,"Girls [15-17 years] / Advanced / -55,0 kg"
19885,1199377,"Girls [15-17 years] / Advanced / -60,0 kg"
19885,1199371,"Girls [15-17 years] / Advanced / -65,0 kg"
19885,1199372,"Girls [15-17 years] / Advanced / +65,0 kg"
19885,1199392,"Boys [6 and under] / Beginner / -20,0 kg"
19885,1199391,"Boys [6 and under] / Beginner / -24,0 kg"
19885,1199394,"Boys [6 and under] / Intermediate / -20,0 kg"
19885,1199393,"Boys [6 and under] / Intermediate / -24,0 kg"
19885,1199390,"Boys [6 and under] / Intermediate / -28,0 kg"
19885,1199406,"Boys [7-8 years] / Beginner / -24,0 kg"
19885,1199403,"Boys [7-8 years] / Beginner / -28,0 kg"
19885,1199408,"Boys [7-8 years] / Intermediate / -24,0 kg"
19885,1199402,"Boys [7-8 years] / Intermediate / -28,0 kg"
19885,1199401,"Boys [7-8 years] / Intermediate / -32,0 kg"
19885,1199407,"Boys [7-8 years] / Intermediate / -36,0 kg"
19885,1199410,"Boys [7-8 years] / Intermediate / +44,0 kg"
19885,1199404,"Boys [7-8 years] / Advanced / -24,0 kg"
19885,1199405,"Boys [7-8 years] / Advanced / -28,0 kg"
19885,1199409,"Boys [7-8 years] / Advanced / -32,0 kg"
19885,1199411,"Boys [7-8 years] / Advanced / -36,0 kg"
19885,1199423,"Boys [9-10 years] / Beginner / -32,0 kg"
19885,1199422,"Boys [9-10 years] / Beginner / -36,0 kg"
19885,1199428,"Boys [9-10 years] / Beginner / -40,0 kg"
19885,1199417,"Boys [9-10 years] / Intermediate / -24,0 kg"
19885,1199414,"Boys [9-10 years] / Intermediate / -28,0 kg"
19885,1199415,"Boys [9-10 years] / Intermediate / -32,0 kg"
19885,1199418,"Boys [9-10 years] / Intermediate / -36,0 kg"
19885,1199412,"Boys [9-10 years] / Intermediate / -40,0 kg"
19885,1199421,"Boys [9-10 years] / Intermediate / -44,0 kg"
19885,1199426,"Boys [9-10 years] / Intermediate / +48,0 kg"
19885,1199424,"Boys [9-10 years] / Advanced / -24,0 kg"
19885,1199419,"Boys [9-10 years] / Advanced / -28,0 kg"
19885,1199420,"Boys [9-10 years] / Advanced / -32,0 kg"
19885,1199416,"Boys [9-10 years] / Advanced / -36,0 kg"
19885,1199413,"Boys [9-10 years] / Advanced / -40,0 kg"
19885,1199427,"Boys [9-10 years] / Advanced / -44,0 kg"
19885,1199440,"Boys [11-12 years] / Beginner / -48,0 kg"
19885,1199429,"Boys [11-12 years] / Intermediate / -32,0 kg"
19885,1199431,"Boys [11-12 years] / Intermediate / -36,0 kg"
19885,1199441,"Boys [11-12 years] / Intermediate / -40,0 kg"
19885,1199442,"Boys [11-12 years] / Intermediate / -44,0 kg"
19885,1199439,"Boys [11-12 years] / Intermediate / -48,0 kg"
19885,1199443,"Boys [11-12 years] / Intermediate / -52,0 kg"
19885,1199437,"Boys [11-12 years] / Intermediate / -55,0 kg"
19885,1199430,"Boys [11-12 years] / Intermediate / +55,0 kg"
19885,1199435,"Boys [11-12 years] / Advanced / -28,0 kg"
19885,1199432,"Boys [11-12 years] / Advanced / -32,0 kg"
19885,1199433,"Boys [11-12 years] / Advanced / -36,0 kg"
19885,1199436,"Boys [11-12 years] / Advanced / -40,0 kg"
19885,1199434,"Boys [11-12 years] / Advanced / -44,0 kg"
19885,1199438,"Boys [11-12 years] / Advanced / -55,0 kg"
19885,1199457,"Boys [13-14 years] / Beginner / -60,0 kg"
19885,1199463,"Boys [13-14 years] / Intermediate / -40,0 kg"
19885,1199464,"Boys [13-14 years] / Intermediate / -45,0 kg"
19885,1199454,"Boys [13-14 years] / Intermediate / -50,0 kg"
19885,1199455,"Boys [13-14 years] / Intermediate / -55,0 kg"
19885,1199459,"Boys [13-14 years] / Intermediate / -60,0 kg"
19885,1199458,"Boys [13-14 years] / Intermediate / -65,0 kg"
19885,1199451,"Boys [13-14 years] / Intermediate / +65,0 kg"
19885,1199462,"Boys [13-14 years] / Advanced / -45,0 kg"
19885,1199453,"Boys [13-14 years] / Advanced / -50,0 kg"
19885,1199456,"Boys [13-14 years] / Advanced / -55,0 kg"
19885,1199461,"Boys [13-14 years] / Advanced / -60,0 kg"
19885,1199452,"Boys [13-14 years] / Advanced / -65,0 kg"
19885,1199460,"Boys [13-14 years] / Advanced / +65,0 kg"
19885,1199474,"Boys [15-17 years] / Beginner / -65,0 kg"
19885,1199469,"Boys [15-17 years] / Beginner / -70,0 kg"
19885,1199471,"Boys [15-17 years] / Intermediate / -60,0 kg"
19885,1199472,"Boys [15-17 years] / Intermediate / -65,0 kg"
19885,1199475,"Boys [15-17 years] / Advanced / -50,0 kg"
19885,1199476,"Boys [15-17 years] / Advanced / -55,0 kg"
19885,1199473,"Boys [15-17 years] / Advanced / -60,0 kg"
19885,1199468,"Boys [15-17 years] / Advanced / -65,0 kg"
19885,1199467,"Boys [15-17 years] / Advanced / -70,0 kg"
19885,1199470,"Boys [15-17 years] / Advanced / -80,0 kg"
19790,1188873,"Women / Adult / Beginner / -60,0 kg"
19790,1188880,"Women / Adult / Beginner / -65,0 kg"
19790,1188877,"Women / Adult / Intermediate / -50,0 kg"
19790,1188872,"Women / Adult / Intermediate / -55,0 kg"
19790,1188870,"Women / Adult / Intermediate / -60,0 kg"
19790,1188871,"Women / Adult / Intermediate / -65,0 kg"
19790,1190021,"Women / Adult / Intermediate / -70,0 kg"
19790,1188868,"Women / Adult / Intermediate / +70,0 kg"
19790,1188879,"Women / Adult / Advanced / -50,0 kg"
19790,1188878,"Women / Adult / Advanced / -55,0 kg"
19790,1188875,"Women / Adult / Advanced / -60,0 kg"
19790,1188874,"Women / Adult / Advanced / -65,0 kg"
19790,1188876,"Women / Adult / Advanced / -70,0 kg"
19790,1188869,"Women / Adult / Advanced / +70,0 kg"
19790,1188866,"Women / Masters 35+ / Intermediate / -65,0 kg"
19790,1188867,"Women / Masters 35+ / Advanced / +70,0 kg"
19790,1190549,Women's Absolute / Adult / Advanced
19790,1188925,"Men / Adult / Beginner / -60,0 kg"
19790,1188911,"Men / Adult / Beginner / -65,0 kg"
19790,1188926,"Men / Adult / Beginner / -70,0 kg"
19790,1188921,"Men / Adult / Beginner / -76,0 kg"
19790,1188923,"Men / Adult / Beginner / -83,0 kg"
19790,1188928,"Men / Adult / Beginner / -100,0 kg"
19790,1188922,"Men / Adult / Intermediate / -60,0 kg"
19790,1188912,"Men / Adult / Intermediate / -65,0 kg"
19790,1188920,"Men / Adult / Intermediate / -70,0 kg"
19790,1188915,"Men / Adult / Intermediate / -76,0 kg"
19790,1188908,"Men / Adult / Intermediate / -83,0 kg"
19790,1188913,"Men / Adult / Intermediate / -91,0 kg"
19790,1188916,"Men / Adult / Intermediate / -100,0 kg"
19790,1188907,"Men / Adult / Intermediate / +100,0 kg"
19790,1188924,"Men / Adult / Advanced / -60,0 kg"
19790,1188910,"Men / Adult / Advanced / -65,0 kg"
19790,1188909,"Men / Adult / Advanced / -70,0 kg"
19790,1188914,"Men / Adult / Advanced / -76,0 kg"
19790,1188919,"Men / Adult / Advanced / -83,0 kg"
19790,1188918,"Men / Adult / Advanced / -91,0 kg"
19790,1188917,"Men / Adult / Advanced / -100,0 kg"
19790,1188927,"Men / Adult / Advanced / +100,0 kg"
19790,1188900,"Men / Masters 35+ / Intermediate / -76,0 kg"
19790,1188894,"Men / Masters 35+ / Intermediate / -83,0 kg"
19790,1188901,"Men / Masters 35+ / Intermediate / -91,0 kg"
19790,1188899,"Men / Masters 35+ / Intermediate / -100,0 kg"
19790,1188902,"Men / Masters 35+ / Advanced / -65,0 kg"
19790,1188898,"Men / Masters 35+ / Advanced / -70,0 kg"
19790,1188896,"Men / Masters 35+ / Advanced / -76,0 kg"
19790,1188892,"Men / Masters 35+ / Advanced / -83,0 kg"
19790,1188897,"Men / Masters 35+ / Advanced / -91,0 kg"
19790,1188895,"Men / Masters 35+ / Advanced / -100,0 kg"
19790,1188893,"Men / Masters 35+ / Advanced / +100,0 kg"
19790,1190148,EXTRA MATCH 
19790,1190556,Men's Absolute / Adult / Advanced
19790,1188932,"Girls [7-8 years] / Intermediate / -28,0 kg"
19790,1189776,"Girls [7-8 years] / Intermediate / -32,0 kg"
19790,1189777,"Girls [7-8 years] / Advanced / -32,0 kg"
19790,1188941,"Girls [9-10 years] / Intermediate  / -32,0 kg"
19790,1188937,"Girls [9-10 years] / Advanced / -32,0 kg"
19790,1188939,"Girls [9-10 years] / Advanced / -40,0 kg"
19790,1188940,"Girls [9-10 years] / Advanced / -44,0 kg"
19790,1188938,"Girls [9-10 years] / Advanced / -48,0 kg"
19790,1188954,"Girls [11-12 years] / Intermediate / -36,0 kg"
19790,1188955,"Girls [11-12 years] / Intermediate / -40,0 kg"
19790,1188959,"Girls [11-12 years] / Intermediate / -44,0 kg"
19790,1188957,"Girls [11-12 years] / Intermediate / -48,0 kg"
19790,1188961,"Girls [11-12 years] / Intermediate / -52,0 kg"
19790,1188962,"Girls [11-12 years] / Intermediate / +52,0 kg"
19790,1188958,"Girls [11-12 years] / Advanced / -36,0 kg"
19790,1188956,"Girls [11-12 years] / Advanced / -40,0 kg"
19790,1188953,"Girls [11-12 years] / Advanced / -44,0 kg"
19790,1188951,"Girls [11-12 years] / Advanced / -48,0 kg"
19790,1188952,"Girls [11-12 years] / Advanced / -52,0 kg"
19790,1188960,"Girls [11-12 years] / Advanced / +52,0 kg"
19790,1188970,"Girls [13-14 years] / Intermediate / -45,0 kg"
19790,1190039,"Girls [13-14 years] / Intermediate / -55,0 kg"
19790,1188972,"Girls [13-14 years] / Intermediate / -60,0 kg"
19790,1188968,"Girls [13-14 years] / Advanced / -50,0 kg"
19790,1188966,"Girls [13-14 years] / Advanced / -55,0 kg"
19790,1188971,"Girls [13-14 years] / Advanced / -60,0 kg"
19790,1188967,"Girls [13-14 years] / Advanced / +60,0 kg"
19790,1188980,"Girls [15-17 years] / Advanced / -45,0 kg"
19790,1188983,"Girls [15-17 years] / Advanced / -50,0 kg"
19790,1188982,"Girls [15-17 years] / Advanced / -55,0 kg"
19790,1188984,"Girls [15-17 years] / Advanced / -60,0 kg"
19790,1188985,"Girls [15-17 years] / Advanced / -65,0 kg"
19790,1188981,"Girls [15-17 years] / Advanced / +65,0 kg"
19790,1188986,"Boys [6 and under] / Intermediate / -28,0 kg"
19790,1188987,"Boys [6 and under] / Intermediate / -32,0 kg"
19790,1188993,"Boys [7-8 years] / Beginner / -32,0 kg"
19790,1188989,"Boys [7-8 years] / Intermediate / -24,0 kg"
19790,1188990,"Boys [7-8 years] / Intermediate / -28,0 kg"
19790,1188992,"Boys [7-8 years] / Intermediate / -32,0 kg"
19790,1188995,"Boys [7-8 years] / Intermediate / -36,0 kg"
19790,1188994,"Boys [7-8 years] / Advanced / -24,0 kg"
19790,1188991,"Boys [7-8 years] / Advanced / -28,0 kg"
19790,1189009,"Boys [9-10 years] / Beginner / -32,0 kg"
19790,1189010,"Boys [9-10 years] / Beginner / -36,0 kg"
19790,1189011,"Boys [9-10 years] / Beginner / +48,0 kg"
19790,1189008,"Boys [9-10 years] / Intermediate / -28,0 kg"
19790,1189007,"Boys [9-10 years] / Intermediate / -32,0 kg"
19790,1189012,"Boys [9-10 years] / Intermediate / -48,0 kg"
19790,1189002,"Boys [9-10 years] / Advanced / -28,0 kg"
19790,1189003,"Boys [9-10 years] / Advanced / -32,0 kg"
19790,1189001,"Boys [9-10 years] / Advanced / -36,0 kg"
19790,1189004,"Boys [9-10 years] / Advanced / -40,0 kg"
19790,1189005,"Boys [9-10 years] / Advanced / -44,0 kg"
19790,1189006,"Boys [9-10 years] / Advanced / -48,0 kg"
19790,1189013,"Boys [11-12 years] / Beginner / +52,0 kg"
19790,1189015,"Boys [11-12 years] / Intermediate / -44,0 kg"
19790,1189017,"Boys [11-12 years] / Intermediate / -48,0 kg"
19790,1189018,"Boys [11-12 years] / Intermediate / -52,0 kg"
19790,1189016,"Boys [11-12 years] / Intermediate / +52,0 kg"
19790,1189022,"Boys [11-12 years] / Advanced / -32,0 kg"
19790,1189026,"Boys [11-12 years] / Advanced / -36,0 kg"
19790,1189021,"Boys [11-12 years] / Advanced / -40,0 kg"
19790,1189027,"Boys [11-12 years] / Advanced / -44,0 kg"
19790,1189024,"Boys [11-12 years] / Advanced / -48,0 kg"
19790,1189025,"Boys [11-12 years] / Advanced / -52,0 kg"
19790,1189023,"Boys [11-12 years] / Advanced / +52,0 kg"
19790,1189040,"Boys [13-14 years] / Intermediate / -45,0 kg"
19790,1189044,"Boys [13-14 years] / Intermediate / -50,0 kg"
19790,1189046,"Boys [13-14 years] / Intermediate / -55,0 kg"
19790,1189043,"Boys [13-14 years] / Intermediate / -60,0 kg"
19790,1189035,"Boys [13-14 years] / Intermediate / -65,0 kg"
19790,1189036,"Boys [13-14 years] / Intermediate / +65,0 kg"
19790,1189047,"Boys [13-14 years] / Advanced / -40,0 kg"
19790,1189042,"Boys [13-14 years] / Advanced / -45,0 kg"
19790,1189045,"Boys [13-14 years] / Advanced / -50,0 kg"
19790,1189041,"Boys [13-14 years] / Advanced / -55,0 kg"
19790,1189039,"Boys [13-14 years] / Advanced / -60,0 kg"
19790,1189038,"Boys [13-14 years] / Advanced / -65,0 kg"
19790,1189037,"Boys [13-14 years] / Advanced / +65,0 kg"
19790,1189067,"Boys [15-17 years] / Beginner / -60,0 kg"
19790,1189054,"Boys [15-17 years] / Beginner / -65,0 kg"
19790,1189063,"Boys [15-17 years] / Beginner / -70,0 kg"
19790,1189064,"Boys [15-17 years] / Beginner / -80,0 kg"
19790,1189055,"Boys [15-17 years] / Intermediate / -65,0 kg"
19790,1189068,"Boys [15-17 years] / Intermediate / -70,0 kg"
19790,1189053,"Boys [15-17 years] / Intermediate / -75,0 kg"
19790,1189065,"Boys [15-17 years] / Intermediate / +80,0 kg"
19790,1189066,"Boys [15-17 years] / Advanced / -50,0 kg"
19790,1189060,"Boys [15-17 years] / Advanced / -55,0 kg"
19790,1189057,"Boys [15-17 years] / Advanced / -60,0 kg"
19790,1189056,"Boys [15-17 years] / Advanced / -65,0 kg"
19790,1189059,"Boys [15-17 years] / Advanced / -70,0 kg"
19790,1189061,"Boys [15-17 years] / Advanced / -75,0 kg"
19790,1189062,"Boys [15-17 years] / Advanced / -80,0 kg"
19790,1189058,"Boys [15-17 years] / Advanced / +80,0 kg"
20721,1170932,"Women / Adult (age 16+) / Beginner / -60,0 kg"
20721,1170936,"Women / Adult (age 16+) / Intermediate / -55,0 kg"
20721,1170934,"Women / Adult (age 16+) / Intermediate / -60,0 kg"
20721,1170935,"Women / Adult (age 16+) / Intermediate / -65,0 kg"
20721,1170937,"Women / Adult (age 16+) / Intermediate / -70,0 kg"
20721,1170931,"Women / Adult (age 16+) / Intermediate / +70,0 kg"
20721,1170938,"Women / Adult (age 16+) / Advanced / -60,0 kg"
20721,1170933,"Women / Adult (age 16+) / Advanced / +70,0 kg"
20721,1170909,"Women / Master (age 35+) / Intermediate / -50,0 kg"
20721,1170910,"Women / Master (age 35+) / Intermediate / -65,0 kg"
20721,1172296,Women's Absolute / Adult / Advanced
20721,1170958,"Men / Adult (age 16+) / Beginner / -60,0 kg"
20721,1170959,"Men / Adult (age 16+) / Beginner / -65,0 kg"
20721,1170952,"Men / Adult (age 16+) / Beginner / -70,0 kg"
20721,1170960,"Men / Adult (age 16+) / Beginner / -76,0 kg"
20721,1170951,"Men / Adult (age 16+) / Beginner / -83,0 kg"
20721,1170957,"Men / Adult (age 16+) / Beginner / -91,0 kg"
20721,1170939,"Men / Adult (age 16+) / Beginner / -100,0 kg"
20721,1170962,"Men / Adult (age 16+) / Beginner / +100,0 kg"
20721,1170961,"Men / Adult (age 16+) / Intermediate / -60,0 kg"
20721,1170953,"Men / Adult (age 16+) / Intermediate / -65,0 kg"
20721,1170956,"Men / Adult (age 16+) / Intermediate / -70,0 kg"
20721,1170954,"Men / Adult (age 16+) / Intermediate / -76,0 kg"
20721,1170955,"Men / Adult (age 16+) / Intermediate / -83,0 kg"
20721,1170948,"Men / Adult (age 16+) / Intermediate / -91,0 kg"
20721,1170949,"Men / Adult (age 16+) / Intermediate / -100,0 kg"
20721,1170947,"Men / Adult (age 16+) / Intermediate / +100,0 kg"
20721,1170950,"Men / Adult (age 16+) / Advanced / -60,0 kg"
20721,1170946,"Men / Adult (age 16+) / Advanced / -65,0 kg"
20721,1170943,"Men / Adult (age 16+) / Advanced / -70,0 kg"
20721,1170942,"Men / Adult (age 16+) / Advanced / -76,0 kg"
20721,1170940,"Men / Adult (age 16+) / Advanced / -83,0 kg"
20721,1170944,"Men / Adult (age 16+) / Advanced / -91,0 kg"
20721,1170945,"Men / Adult (age 16+) / Advanced / -100,0 kg"
20721,1170941,"Men / Adult (age 16+) / Advanced / +100,0 kg"
20721,1170921,"Men / Master (age 35+) / Intermediate / -76,0 kg"
20721,1170917,"Men / Master (age 35+) / Intermediate / -83,0 kg"
20721,1170922,"Men / Master (age 35+) / Intermediate / -91,0 kg"
20721,1170925,"Men / Master (age 35+) / Intermediate / -100,0 kg"
20721,1170929,"Men / Master (age 35+) / Advanced / -60,0 kg"
20721,1170924,"Men / Master (age 35+) / Advanced / -70,0 kg"
20721,1170918,"Men / Master (age 35+) / Advanced / -76,0 kg"
20721,1170923,"Men / Master (age 35+) / Advanced / -83,0 kg"
20721,1170920,"Men / Master (age 35+) / Advanced / -91,0 kg"
20721,1170919,"Men / Master (age 35+) / Advanced / -100,0 kg"
20721,1170926,"Men / Master 2 (age 45+) / Advanced / -83,0 kg"
20721,1170930,"Men / Master 2 (age 45+) / Advanced / -91,0 kg"
20721,1170927,"Men / Master 2 (age 45+) / Advanced / +100,0 kg"
20721,1172328,Men's Absolute / Adult / Advanced
20721,1170835,"Girls [7-8 years] / Beginner / -28,0 kg"
20721,1170834,"Girls [7-8 years] / Intermediate / -24,0 kg"
20721,1170836,"Girls [9-10 years] / Intermediate / -32,0 kg"
20721,1170837,"Girls [9-10 years] / Advanced / -36,0 kg"
20721,1170839,"Girls [11-12 years] / Beginner / -48,0 kg"
20721,1170842,"Girls [11-12 years] / Intermediate / -40,0 kg"
20721,1170841,"Girls [11-12 years] / Intermediate / -44,0 kg"
20721,1170840,"Girls [11-12 years] / Advanced / -44,0 kg"
20721,1170843,"Girls [11-12 years] / Advanced / -52,0 kg"
20721,1170838,"Girls [11-12 years] / Advanced / +52,0 kg"
20721,1170848,"Girls [13-14 years] / Intermediate / -45,0 kg"
20721,1170846,"Girls [13-14 years] / Intermediate / -50,0 kg"
20721,1170847,"Girls [13-14 years] / Intermediate / -60,0 kg"
20721,1170845,"Girls [13-14 years] / Advanced / +60,0 kg"
20721,1170849,"Girls [15-17 years] / Intermediate / -50,0 kg"
20721,1170851,"Girls [15-17 years] / Advanced / -50,0 kg"
20721,1170850,"Girls [15-17 years] / Advanced / +65,0 kg"
20721,1170853,"Boys [6 and under] / Beginner / -20,0 kg"
20721,1170859,"Boys [6 and under] / Beginner / -24,0 kg"
20721,1170858,"Boys [6 and under] / Beginner / -28,0 kg"
20721,1170856,"Boys [6 and under] / Intermediate / -24,0 kg"
20721,1170857,"Boys [6 and under] / Intermediate / -28,0 kg"
20721,1170967,"Boys [7-8 years] / Beginner / -24,0 kg"
20721,1170970,"Boys [7-8 years] / Beginner / -28,0 kg"
20721,1170965,"Boys [7-8 years] / Intermediate / -24,0 kg"
20721,1170964,"Boys [7-8 years] / Intermediate / -28,0 kg"
20721,1170966,"Boys [7-8 years] / Intermediate / -32,0 kg"
20721,1170854,"Boys [7-8 years] / Intermediate / +44,0 kg"
20721,1170971,"Boys [7-8 years] / Advanced / -24,0 kg"
20721,1170968,"Boys [7-8 years] / Advanced / -28,0 kg"
20721,1170972,"Boys [7-8 years] / Advanced / -32,0 kg"
20721,1170860,"Boys [9-10 years] / Intermediate / -28,0 kg"
20721,1170861,"Boys [9-10 years] / Intermediate / -32,0 kg"
20721,1170863,"Boys [9-10 years] / Intermediate / -36,0 kg"
20721,1170862,"Boys [9-10 years] / Intermediate / -44,0 kg"
20721,1170864,"Boys [9-10 years] / Advanced / -36,0 kg"
20721,1170867,"Boys [11-12 years] / Beginner / -40,0 kg"
20721,1170868,"Boys [11-12 years] / Intermediate / -32,0 kg"
20721,1170875,"Boys [11-12 years] / Intermediate / -40,0 kg"
20721,1170874,"Boys [11-12 years] / Intermediate / -44,0 kg"
20721,1170873,"Boys [11-12 years] / Intermediate / -48,0 kg"
20721,1170870,"Boys [11-12 years] / Intermediate / -52,0 kg"
20721,1170869,"Boys [11-12 years] / Intermediate / +52,0 kg"
20721,1170871,"Boys [11-12 years] / Advanced / -36,0 kg"
20721,1170876,"Boys [11-12 years] / Advanced / -40,0 kg"
20721,1170879,"Boys [13-14 years] / Intermediate / -50,0 kg"
20721,1170878,"Boys [13-14 years] / Intermediate / -55,0 kg"
20721,1170877,"Boys [13-14 years] / Intermediate / +65,0 kg"
20721,1170887,"Boys [13-14 years] / Advanced / -40,0 kg"
20721,1170872,"Boys [13-14 years] / Advanced / -45,0 kg"
20721,1170880,"Boys [13-14 years] / Advanced / +65,0 kg"
20721,1170892,"Boys [15-17 years] / Beginner / -70,0 kg"
20721,1170890,"Boys [15-17 years] / Beginner / -80,0 kg"
20721,1170893,"Boys [15-17 years] / Beginner / +80,0 kg"
20721,1170897,"Boys [15-17 years] / Intermediate / -60,0 kg"
20721,1170896,"Boys [15-17 years] / Intermediate / -80,0 kg"
20721,1170891,"Boys [15-17 years] / Intermediate / +80,0 kg"
20721,1170899,"Boys [15-17 years] / Advanced / -65,0 kg"
20721,1170898,"Boys [15-17 years] / Advanced / -70,0 kg"
20721,1170894,"Boys [15-17 years] / Advanced / -80,0 kg"
20699,1163630,"Women / Adult / Intermediate / -55,0 kg"
20699,1163628,"Women / Adult / Intermediate / -65,0 kg"
20699,1164524,"Women / Adult / Intermediate / -70,0 kg"
20699,1163631,"Women / Adult / Advanced / -65,0 kg"
20699,1163629,"Women / Adult / Advanced / +70,0 kg"
20699,1164718,Women's Absolute / Adult / Advanced
20699,1163670,"Men / Adult / Beginner / -65,0 kg"
20699,1163651,"Men / Adult / Beginner / -70,0 kg"
20699,1163669,"Men / Adult / Beginner / -76,0 kg"
20699,1163661,"Men / Adult / Beginner / -83,0 kg"
20699,1163667,"Men / Adult / Beginner / -100,0 kg"
20699,1163662,"Men / Adult / Intermediate / -60,0 kg"
20699,1163660,"Men / Adult / Intermediate / -65,0 kg"
20699,1163656,"Men / Adult / Intermediate / -70,0 kg"
20699,1163663,"Men / Adult / Intermediate / -76,0 kg"
20699,1163654,"Men / Adult / Intermediate / -83,0 kg"
20699,1163658,"Men / Adult / Intermediate / -91,0 kg"
20699,1163653,"Men / Adult / Intermediate / -100,0 kg"
20699,1163666,"Men / Adult / Intermediate / +100,0 kg"
20699,1163665,"Men / Adult / Advanced / -60,0 kg"
20699,1163657,"Men / Adult / Advanced / -70,0 kg"
20699,1163664,"Men / Adult / Advanced / -76,0 kg"
20699,1163659,"Men / Adult / Advanced / -83,0 kg"
20699,1163655,"Men / Adult / Advanced / -91,0 kg"
20699,1163668,"Men / Adult / Advanced / -100,0 kg"
20699,1163652,"Men / Adult / Advanced / +100,0 kg"
20699,1163650,"Men / Masters 35+ / Intermediate / -76,0 kg"
20699,1163643,"Men / Masters 35+ / Intermediate / -91,0 kg"
20699,1163645,"Men / Masters 35+ / Advanced / -65,0 kg"
20699,1163641,"Men / Masters 35+ / Advanced / -70,0 kg"
20699,1163646,"Men / Masters 35+ / Advanced / -76,0 kg"
20699,1163647,"Men / Masters 35+ / Advanced / -83,0 kg"
20699,1164667,"Men / Masters 35+ / Advanced / -91,0 kg"
20699,1163642,"Men / Masters 35+ / Advanced / -100,0 kg"
20699,1163644,"Men / Masters 35+ / Advanced / +100,0 kg"
20699,1164719,Men's Absolute / Adult / Advanced
20699,1164483,"Girls [9-10 years] / Intermediate  / -36,0 kg"
20699,1163485,"Girls [9-10 years] / Intermediate  / -40,0 kg"
20699,1163482,"Girls [9-10 years] / Intermediate  / -44,0 kg"
20699,1163484,"Girls [9-10 years] / Intermediate  / +48,0 kg"
20699,1163489,"Girls [11-12 years] / Intermediate / -48,0 kg"
20699,1163488,"Girls [11-12 years] / Intermediate / +52,0 kg"
20699,1163520,"Girls [11-12 years] / Advanced / -36,0 kg"
20699,1163483,"Girls [11-12 years] / Advanced / -40,0 kg"
20699,1163487,"Girls [11-12 years] / Advanced / -44,0 kg"
20699,1163491,"Girls [11-12 years] / Advanced / -48,0 kg"
20699,1163495,"Girls [13-14 years] / Intermediate / -55,0 kg"
20699,1163499,"Girls [15-17 years] / Advanced / -55,0 kg"
20699,1163496,"Girls [15-17 years] / Advanced / -60,0 kg"
20699,1163497,"Girls [15-17 years] / Advanced / -65,0 kg"
20699,1163498,"Girls [15-17 years] / Advanced / +65,0 kg"
20699,1163831,"Boys [7-8 years] / Intermediate / -24,0 kg"
20699,1164487,"Boys [7-8 years] / Intermediate / -32,0 kg"
20699,1163541,"Boys [9-10 years] / Beginner / -36,0 kg"
20699,1163538,"Boys [9-10 years] / Intermediate / -32,0 kg"
20699,1163540,"Boys [9-10 years] / Intermediate / -36,0 kg"
20699,1163537,"Boys [9-10 years] / Intermediate / -40,0 kg"
20699,1163547,"Boys [9-10 years] / Advanced / -32,0 kg"
20699,1163524,"Boys [9-10 years] / Advanced / -36,0 kg"
20699,1163536,"Boys [9-10 years] / Advanced / -40,0 kg"
20699,1163546,"Boys [9-10 years] / Advanced / -44,0 kg"
20699,1163832,"Boys [9-10 years] / Advanced / -48,0 kg"
20699,1163564,"Boys [11-12 years] / Intermediate / -36,0 kg"
20699,1163580,"Boys [11-12 years] / Intermediate / -44,0 kg"
20699,1164478,"Boys [11-12 years] / Intermediate / -48,0 kg"
20699,1163565,"Boys [11-12 years] / Advanced / -32,0 kg"
20699,1163563,"Boys [11-12 years] / Advanced / -44,0 kg"
20699,1164598,"Boys [11-12 years] / Advanced / -52,0 kg"
20699,1163587,"Boys [13-14 years] / Beginner / -50,0 kg"
20699,1163586,"Boys [13-14 years] / Intermediate / -45,0 kg"
20699,1163584,"Boys [13-14 years] / Intermediate / -50,0 kg"
20699,1163590,"Boys [13-14 years] / Advanced / -55,0 kg"
20699,1163585,"Boys [13-14 years] / Advanced / -60,0 kg"
20699,1163582,"Boys [13-14 years] / Advanced / -65,0 kg"
20699,1163583,"Boys [13-14 years] / Advanced / +65,0 kg"
20699,1163596,"Boys [15-17 years] / Beginner / -50,0 kg"
20699,1163593,"Boys [15-17 years] / Beginner / -65,0 kg"
20699,1163595,"Boys [15-17 years] / Beginner / -75,0 kg"
20699,1163599,"Boys [15-17 years] / Intermediate / +80,0 kg"
20699,1163591,"Boys [15-17 years] / Advanced / -55,0 kg"
20699,1163592,"Boys [15-17 years] / Advanced / -60,0 kg"
20699,1163594,"Boys [15-17 years] / Advanced / -65,0 kg"
20699,1163598,"Boys [15-17 years] / Advanced / -70,0 kg"
20699,1163600,"Boys [15-17 years] / Advanced / -75,0 kg"
20699,1163597,"Boys [15-17 years] / Advanced / +80,0 kg"
19883,1156096,"Men / Adult (age 15+) / Beginner / -60,0 kg"
19883,1156099,"Men / Adult (age 15+) / Beginner / -65,0 kg"
19883,1156098,"Men / Adult (age 15+) / Beginner / -70,0 kg"
19883,1156093,"Men / Adult (age 15+) / Beginner / -76,0 kg"
19883,1156095,"Men / Adult (age 15+) / Beginner / -83,0 kg"
19883,1156094,"Men / Adult (age 15+) / Beginner / -91,0 kg"
19883,1156097,"Men / Adult (age 15+) / Beginner / -100,0 kg"
19883,1156092,"Men / Adult (age 15+) / Beginner / +100,0 kg"
19883,1156115,"Men / Adult (age 15+) / Intermediate / -55,0 kg"
19883,1156107,"Men / Adult (age 15+) / Intermediate / -60,0 kg"
19883,1156113,"Men / Adult (age 15+) / Intermediate / -65,0 kg"
19883,1156108,"Men / Adult (age 15+) / Intermediate / -70,0 kg"
19883,1156109,"Men / Adult (age 15+) / Intermediate / -76,0 kg"
19883,1156111,"Men / Adult (age 15+) / Intermediate / -83,0 kg"
19883,1156110,"Men / Adult (age 15+) / Intermediate / -91,0 kg"
19883,1156112,"Men / Adult (age 15+) / Intermediate / -100,0 kg"
19883,1156114,"Men / Adult (age 15+) / Intermediate / +100,0 kg"
19883,1156131,"Men / Adult (age 15+) / Advanced / -60,0 kg"
19883,1156128,"Men / Adult (age 15+) / Advanced / -65,0 kg"
19883,1156132,"Men / Adult (age 15+) / Advanced / -70,0 kg"
19883,1156127,"Men / Adult (age 15+) / Advanced / -76,0 kg"
19883,1156133,"Men / Adult (age 15+) / Advanced / -83,0 kg"
19883,1156134,"Men / Adult (age 15+) / Advanced / -91,0 kg"
19883,1156130,"Men / Adult (age 15+) / Advanced / -100,0 kg"
19883,1156129,"Men / Adult (age 15+) / Advanced / +100,0 kg"
19883,1156090,"Men / Master (age 35+) / Beginner / -76,0 kg"
19883,1156091,"Men / Master (age 35+) / Beginner / -91,0 kg"
19883,1156100,"Men / Master (age 35+) / Intermediate / -65,0 kg"
19883,1156101,"Men / Master (age 35+) / Intermediate / -70,0 kg"
19883,1156105,"Men / Master (age 35+) / Intermediate / -76,0 kg"
19883,1156102,"Men / Master (age 35+) / Intermediate / -83,0 kg"
19883,1156103,"Men / Master (age 35+) / Intermediate / -91,0 kg"
19883,1156104,"Men / Master (age 35+) / Intermediate / -100,0 kg"
19883,1156106,"Men / Master (age 35+) / Intermediate / +100,0 kg"
19883,1156141,"Men / Master (age 35+) / Advanced / -65,0 kg"
19883,1156140,"Men / Master (age 35+) / Advanced / -70,0 kg"
19883,1156139,"Men / Master (age 35+) / Advanced / -76,0 kg"
19883,1156138,"Men / Master (age 35+) / Advanced / -83,0 kg"
19883,1156143,"Men / Master (age 35+) / Advanced / -91,0 kg"
19883,1156142,"Men / Master (age 35+) / Advanced / -100,0 kg"
19883,1156144,"Men / Master (age 35+) / Advanced / +100,0 kg"
19883,1156118,"Men / Master 2 (age 45+) / Advanced / -76,0 kg"
19883,1156120,"Men / Master 2 (age 45+) / Advanced / -91,0 kg"
19883,1156119,"Men / Master 2 (age 45+) / Advanced / -100,0 kg"
19883,1156066,"Women / Adult (age 15+) / Beginner / -55,0 kg"
19883,1156064,"Women / Adult (age 15+) / Beginner / -60,0 kg"
19883,1156065,"Women / Adult (age 15+) / Beginner / -65,0 kg"
19883,1156069,"Women / Adult (age 15+) / Beginner / +70,0 kg"
19883,1156077,"Women / Adult (age 15+) / Intermediate / -55,0 kg"
19883,1156079,"Women / Adult (age 15+) / Intermediate / -60,0 kg"
19883,1156078,"Women / Adult (age 15+) / Intermediate / -65,0 kg"
19883,1156075,"Women / Adult (age 15+) / Intermediate / -70,0 kg"
19883,1156076,"Women / Adult (age 15+) / Intermediate / +70,0 kg"
19883,1156081,"Women / Adult (age 15+) / Advanced / -50,0 kg"
19883,1156083,"Women / Adult (age 15+) / Advanced / -55,0 kg"
19883,1156084,"Women / Adult (age 15+) / Advanced / -60,0 kg"
19883,1156082,"Women / Adult (age 15+) / Advanced / -65,0 kg"
19883,1156086,"Women / Adult (age 15+) / Advanced / -70,0 kg"
19883,1156085,"Women / Adult (age 15+) / Advanced / +70,0 kg"
19883,1156074,"Women / Master (age 35+) / Intermediate / -60,0 kg"
19883,1156073,"Women / Master (age 35+) / Intermediate / +70,0 kg"
19883,1156080,"Women / Master (age 35+) / Advanced / -55,0 kg"
19883,1157247,Men's Absolute / Adult / Advanced
19883,1157240,Women's Absolute / Adult / Advanced
19883,1156147,"Girls [7-8 years] / Beginner / -24,0 kg"
19883,1156148,"Girls [7-8 years] / Beginner / -28,0 kg"
19883,1156150,"Girls [7-8 years] / Intermediate / -24,0 kg"
19883,1156149,"Girls [7-8 years] / Intermediate / -28,0 kg"
19883,1156154,"Girls [7-8 years] / Advanced / -24,0 kg"
19883,1156153,"Girls [7-8 years] / Advanced / -28,0 kg"
19883,1156151,"Girls [7-8 years] / Advanced / -32,0 kg"
19883,1156155,"Girls [9-10 years] / Beginner / -40,0 kg"
19883,1156156,"Girls [9-10 years] / Intermediate / -28,0 kg"
19883,1156158,"Girls [9-10 years] / Intermediate / -32,0 kg"
19883,1156159,"Girls [9-10 years] / Intermediate / -36,0 kg"
19883,1156157,"Girls [9-10 years] / Intermediate / -40,0 kg"
19883,1156162,"Girls [9-10 years] / Advanced / -28,0 kg"
19883,1156163,"Girls [9-10 years] / Advanced / -32,0 kg"
19883,1156161,"Girls [9-10 years] / Advanced / -36,0 kg"
19883,1156164,"Girls [9-10 years] / Advanced / -40,0 kg"
19883,1156165,"Girls [9-10 years] / Advanced / -44,0 kg"
19883,1156178,"Girls [11-12 years] / Intermediate / -32,0 kg"
19883,1156180,"Girls [11-12 years] / Intermediate / -36,0 kg"
19883,1156176,"Girls [11-12 years] / Intermediate / -40,0 kg"
19883,1156179,"Girls [11-12 years] / Intermediate / -44,0 kg"
19883,1156181,"Girls [11-12 years] / Intermediate / -48,0 kg"
19883,1156177,"Girls [11-12 years] / Intermediate / -55,0 kg"
19883,1156186,"Girls [11-12 years] / Advanced / -32,0 kg"
19883,1156187,"Girls [11-12 years] / Advanced / -36,0 kg"
19883,1156192,"Girls [11-12 years] / Advanced / -40,0 kg"
19883,1156190,"Girls [11-12 years] / Advanced / -44,0 kg"
19883,1156189,"Girls [11-12 years] / Advanced / -48,0 kg"
19883,1156191,"Girls [11-12 years] / Advanced / -52,0 kg"
19883,1156193,"Girls [11-12 years] / Advanced / -55,0 kg"
19883,1156188,"Girls [11-12 years] / Advanced / +55,0 kg"
19883,1156202,"Girls [13-14 years] / Intermediate / -40,0 kg"
19883,1156199,"Girls [13-14 years] / Intermediate / -45,0 kg"
19883,1156200,"Girls [13-14 years] / Intermediate / -50,0 kg"
19883,1156198,"Girls [13-14 years] / Intermediate / -55,0 kg"
19883,1156197,"Girls [13-14 years] / Intermediate / -60,0 kg"
19883,1156208,"Girls [13-14 years] / Advanced / -36,0 kg"
19883,1156209,"Girls [13-14 years] / Advanced / -40,0 kg"
19883,1156204,"Girls [13-14 years] / Advanced / -45,0 kg"
19883,1156207,"Girls [13-14 years] / Advanced / -50,0 kg"
19883,1156205,"Girls [13-14 years] / Advanced / -55,0 kg"
19883,1156203,"Girls [13-14 years] / Advanced / -60,0 kg"
19883,1156206,"Girls [13-14 years] / Advanced / +60,0 kg"
19883,1156212,"Girls [15-17 years] / Intermediate / -55,0 kg"
19883,1156213,"Girls [15-17 years] / Intermediate / +65,0 kg"
19883,1156217,"Girls [15-17 years] / Advanced / -50,0 kg"
19883,1156215,"Girls [15-17 years] / Advanced / -55,0 kg"
19883,1156216,"Girls [15-17 years] / Advanced / +65,0 kg"
19883,1156221,"Boys [6 and under] / Beginner / -20,0 kg"
19883,1156219,"Boys [6 and under] / Intermediate / -20,0 kg"
19883,1156220,"Boys [6 and under] / Intermediate / -24,0 kg"
19883,1156222,"Boys [7-8 years] / Beginner / -28,0 kg"
19883,1156223,"Boys [7-8 years] / Beginner / -32,0 kg"
19883,1156224,"Boys [7-8 years] / Intermediate / -24,0 kg"
19883,1156225,"Boys [7-8 years] / Intermediate / -28,0 kg"
19883,1156226,"Boys [7-8 years] / Intermediate / -32,0 kg"
19883,1156227,"Boys [7-8 years] / Intermediate / -40,0 kg"
19883,1156230,"Boys [7-8 years] / Advanced / -24,0 kg"
19883,1156228,"Boys [7-8 years] / Advanced / -28,0 kg"
19883,1156229,"Boys [7-8 years] / Advanced / -32,0 kg"
19883,1156231,"Boys [7-8 years] / Advanced / -36,0 kg"
19883,1156232,"Boys [9-10 years] / Beginner / -36,0 kg"
19883,1156233,"Boys [9-10 years] / Beginner / -40,0 kg"
19883,1156236,"Boys [9-10 years] / Intermediate / -24,0 kg"
19883,1156235,"Boys [9-10 years] / Intermediate / -28,0 kg"
19883,1156234,"Boys [9-10 years] / Intermediate / -32,0 kg"
19883,1156237,"Boys [9-10 years] / Intermediate / -36,0 kg"
19883,1156238,"Boys [9-10 years] / Intermediate / -40,0 kg"
19883,1156240,"Boys [9-10 years] / Intermediate / -44,0 kg"
19883,1156239,"Boys [9-10 years] / Intermediate / -48,0 kg"
19883,1156245,"Boys [9-10 years] / Advanced / -24,0 kg"
19883,1156243,"Boys [9-10 years] / Advanced / -28,0 kg"
19883,1156241,"Boys [9-10 years] / Advanced / -32,0 kg"
19883,1156242,"Boys [9-10 years] / Advanced / -36,0 kg"
19883,1156244,"Boys [9-10 years] / Advanced / -40,0 kg"
19883,1156246,"Boys [9-10 years] / Advanced / -44,0 kg"
19883,1156248,"Boys [11-12 years] / Intermediate / -32,0 kg"
19883,1156249,"Boys [11-12 years] / Intermediate / -36,0 kg"
19883,1156250,"Boys [11-12 years] / Intermediate / -40,0 kg"
19883,1156251,"Boys [11-12 years] / Intermediate / -44,0 kg"
19883,1156252,"Boys [11-12 years] / Intermediate / -48,0 kg"
19883,1156254,"Boys [11-12 years] / Intermediate / -55,0 kg"
19883,1156270,"Boys [11-12 years] / Advanced / -28,0 kg"
19883,1156271,"Boys [11-12 years] / Advanced / -32,0 kg"
19883,1156268,"Boys [11-12 years] / Advanced / -36,0 kg"
19883,1156269,"Boys [11-12 years] / Advanced / -40,0 kg"
19883,1156265,"Boys [11-12 years] / Advanced / -44,0 kg"
19883,1156266,"Boys [11-12 years] / Advanced / -48,0 kg"
19883,1156267,"Boys [11-12 years] / Advanced / -52,0 kg"
19883,1156272,"Boys [11-12 years] / Advanced / +55,0 kg"
19883,1156277,"Boys [13-14 years] / Beginner / -50,0 kg"
19883,1156278,"Boys [13-14 years] / Beginner / -60,0 kg"
19883,1156275,"Boys [13-14 years] / Beginner / -65,0 kg"
19883,1156276,"Boys [13-14 years] / Beginner / +65,0 kg"
19883,1156286,"Boys [13-14 years] / Intermediate / -40,0 kg"
19883,1156287,"Boys [13-14 years] / Intermediate / -45,0 kg"
19883,1156283,"Boys [13-14 years] / Intermediate / -50,0 kg"
19883,1156285,"Boys [13-14 years] / Intermediate / -55,0 kg"
19883,1156282,"Boys [13-14 years] / Intermediate / -60,0 kg"
19883,1156289,"Boys [13-14 years] / Intermediate / -65,0 kg"
19883,1156284,"Boys [13-14 years] / Intermediate / +65,0 kg"
19883,1156290,"Boys [13-14 years] / Advanced / -40,0 kg"
19883,1156296,"Boys [13-14 years] / Advanced / -45,0 kg"
19883,1156291,"Boys [13-14 years] / Advanced / -50,0 kg"
19883,1156293,"Boys [13-14 years] / Advanced / -55,0 kg"
19883,1156294,"Boys [13-14 years] / Advanced / -60,0 kg"
19883,1156295,"Boys [13-14 years] / Advanced / -65,0 kg"
19883,1156292,"Boys [13-14 years] / Advanced / +65,0 kg"
19883,1156299,"Boys [15-17 years] / Beginner / -55,0 kg"
19883,1156300,"Boys [15-17 years] / Intermediate / -70,0 kg"
19883,1156302,"Boys [15-17 years] / Advanced / -50,0 kg"
19883,1156305,"Boys [15-17 years] / Advanced / -55,0 kg"
19883,1156304,"Boys [15-17 years] / Advanced / -60,0 kg"
19883,1156301,"Boys [15-17 years] / Advanced / -65,0 kg"
19883,1156303,"Boys [15-17 years] / Advanced / -70,0 kg"
19883,1156306,"Boys [15-17 years] / Advanced / -75,0 kg"
19883,1156308,"Boys [15-17 years] / Advanced / -80,0 kg"
19883,1156307,"Boys [15-17 years] / Advanced / +80,0 kg"
19275,1121959,"Men / Adult (age 15+) / Beginner / -65,0 kg"
19275,1121939,"Men / Adult (age 15+) / Beginner / -70,0 kg"
19275,1121951,"Men / Adult (age 15+) / Beginner / -76,0 kg"
19275,1121944,"Men / Adult (age 15+) / Beginner / -83,0 kg"
19275,1121955,"Men / Adult (age 15+) / Beginner / -91,0 kg"
19275,1121957,"Men / Adult (age 15+) / Beginner / -100,0 kg"
19275,1121938,"Men / Adult (age 15+) / Beginner / +100,0 kg"
19275,1121942,"Men / Adult (age 15+) / Intermediate / -60,0 kg"
19275,1121952,"Men / Adult (age 15+) / Intermediate / -65,0 kg"
19275,1121940,"Men / Adult (age 15+) / Intermediate / -70,0 kg"
19275,1121945,"Men / Adult (age 15+) / Intermediate / -76,0 kg"
19275,1121946,"Men / Adult (age 15+) / Intermediate / -83,0 kg"
19275,1121947,"Men / Adult (age 15+) / Intermediate / -91,0 kg"
19275,1121948,"Men / Adult (age 15+) / Intermediate / -100,0 kg"
19275,1121950,"Men / Adult (age 15+) / Intermediate / +100,0 kg"
19275,1121954,"Men / Adult (age 15+) / Advanced / -60,0 kg"
19275,1121953,"Men / Adult (age 15+) / Advanced / -65,0 kg"
19275,1121956,"Men / Adult (age 15+) / Advanced / -70,0 kg"
19275,1121949,"Men / Adult (age 15+) / Advanced / -76,0 kg"
19275,1121958,"Men / Adult (age 15+) / Advanced / -83,0 kg"
19275,1121943,"Men / Adult (age 15+) / Advanced / -91,0 kg"
19275,1121941,"Men / Adult (age 15+) / Advanced / -100,0 kg"
19275,1121960,"Men / Adult (age 15+) / Advanced / +100,0 kg"
19275,1121934,"Men / Master (age 35+) / Beginner / -70,0 kg"
19275,1121928,"Men / Master (age 35+) / Beginner / -76,0 kg"
19275,1121922,"Men / Master (age 35+) / Beginner / -91,0 kg"
19275,1121930,"Men / Master (age 35+) / Intermediate / -70,0 kg"
19275,1121921,"Men / Master (age 35+) / Intermediate / -76,0 kg"
19275,1121931,"Men / Master (age 35+) / Intermediate / -83,0 kg"
19275,1121923,"Men / Master (age 35+) / Intermediate / -91,0 kg"
19275,1121932,"Men / Master (age 35+) / Intermediate / -100,0 kg"
19275,1121925,"Men / Master (age 35+) / Intermediate / +100,0 kg"
19275,1121929,"Men / Master (age 35+) / Advanced / -70,0 kg"
19275,1121927,"Men / Master (age 35+) / Advanced / -76,0 kg"
19275,1121933,"Men / Master (age 35+) / Advanced / -83,0 kg"
19275,1123454,"Men / Master (age 35+) / Advanced / -91,0 kg"
19275,1121919,"Men / Master (age 35+) / Advanced / +100,0 kg"
19275,1121924,"Men / Master 2 (age 45+) / Beginner / +100,0 kg"
19275,1121926,"Men / Master 2 (age 45+) / Advanced / -91,0 kg"
19275,1121975,"Women / Adult (age 15+) / Beginner / -65,0 kg"
19275,1121980,"Women / Adult (age 15+) / Beginner / -70,0 kg"
19275,1121984,"Women / Adult (age 15+) / Beginner / +70,0 kg"
19275,1121977,"Women / Adult (age 15+) / Intermediate / -55,0 kg"
19275,1121979,"Women / Adult (age 15+) / Intermediate / -60,0 kg"
19275,1121983,"Women / Adult (age 15+) / Intermediate / -65,0 kg"
19275,1121978,"Women / Adult (age 15+) / Intermediate / -70,0 kg"
19275,1121981,"Women / Adult (age 15+) / Advanced / -55,0 kg"
19275,1121982,"Women / Adult (age 15+) / Advanced / -60,0 kg"
19275,1121985,"Women / Adult (age 15+) / Advanced / -70,0 kg"
19275,1121976,"Women / Adult (age 15+) / Advanced / +70,0 kg"
19275,1123637,Men's Absolute / Adult / Advanced
19275,1123574,Women's Absolute / Adult / Advanced
19275,1122022,"Girls [6 and under] / Beginner / -20,0 kg"
19275,1122043,"Girls [7-8 years] / Beginner / -24,0 kg"
19275,1122040,"Girls [7-8 years] / Intermediate / -24,0 kg"
19275,1122041,"Girls [7-8 years] / Intermediate / -32,0 kg"
19275,1122042,"Girls [7-8 years] / Advanced / -28,0 kg"
19275,1122058,"Girls [9-10 years] / Beginner / -28,0 kg"
19275,1122062,"Girls [9-10 years] / Beginner / -32,0 kg"
19275,1122342,"Girls [9-10 years] / Beginner / +48,0 kg"
19275,1122057,"Girls [9-10 years] / Intermediate / -24,0 kg"
19275,1122061,"Girls [9-10 years] / Intermediate / -28,0 kg"
19275,1122056,"Girls [9-10 years] / Intermediate / -36,0 kg"
19275,1122060,"Girls [9-10 years] / Intermediate / -48,0 kg"
19275,1122055,"Girls [9-10 years] / Advanced / -28,0 kg"
19275,1122059,"Girls [9-10 years] / Advanced / -36,0 kg"
19275,1122076,"Girls [11-12 years] / Intermediate / -44,0 kg"
19275,1122074,"Girls [11-12 years] / Intermediate / +55,0 kg"
19275,1122072,"Girls [11-12 years] / Advanced / -40,0 kg"
19275,1122075,"Girls [11-12 years] / Advanced / -44,0 kg"
19275,1122073,"Girls [11-12 years] / Advanced / -48,0 kg"
19275,1122077,"Girls [13-14 years] / Intermediate / -55,0 kg"
19275,1122080,"Girls [13-14 years] / Intermediate / +60,0 kg"
19275,1122081,"Girls [13-14 years] / Advanced / -45,0 kg"
19275,1122078,"Girls [13-14 years] / Advanced / -50,0 kg"
19275,1122079,"Girls [13-14 years] / Advanced / -55,0 kg"
19275,1122092,"Girls [15-17 years] / Intermediate / -55,0 kg"
19275,1122090,"Girls [15-17 years] / Intermediate / -65,0 kg"
19275,1122089,"Girls [15-17 years] / Intermediate / +65,0 kg"
19275,1122088,"Girls [15-17 years] / Advanced / -55,0 kg"
19275,1122091,"Girls [15-17 years] / Advanced / -65,0 kg"
19275,1122093,"Girls [15-17 years] / Advanced / +65,0 kg"
19275,1122096,"Boys [6 and under] / Beginner / -20,0 kg"
19275,1122097,"Boys [6 and under] / Beginner / -24,0 kg"
19275,1122099,"Boys [6 and under] / Intermediate / -20,0 kg"
19275,1122095,"Boys [6 and under] / Intermediate / -24,0 kg"
19275,1122098,"Boys [6 and under] / Intermediate / -28,0 kg"
19275,1122107,"Boys [7-8 years] / Beginner / -24,0 kg"
19275,1122103,"Boys [7-8 years] / Beginner / -28,0 kg"
19275,1122105,"Boys [7-8 years] / Beginner / -32,0 kg"
19275,1122106,"Boys [7-8 years] / Intermediate / -24,0 kg"
19275,1122101,"Boys [7-8 years] / Intermediate / -28,0 kg"
19275,1122102,"Boys [7-8 years] / Intermediate / -32,0 kg"
19275,1122108,"Boys [7-8 years] / Intermediate / -36,0 kg"
19275,1122104,"Boys [7-8 years] / Advanced / -28,0 kg"
19275,1122100,"Boys [7-8 years] / Advanced / -36,0 kg"
19275,1122126,"Boys [9-10 years] / Beginner / -36,0 kg"
19275,1122125,"Boys [9-10 years] / Beginner / -40,0 kg"
19275,1122129,"Boys [9-10 years] / Beginner / +48,0 kg"
19275,1122128,"Boys [9-10 years] / Intermediate / -24,0 kg"
19275,1122495,"Boys [9-10 years] / Intermediate / -28,0 kg"
19275,1122127,"Boys [9-10 years] / Intermediate / -32,0 kg"
19275,1122117,"Boys [9-10 years] / Intermediate / -36,0 kg"
19275,1122119,"Boys [9-10 years] / Intermediate / -40,0 kg"
19275,1122120,"Boys [9-10 years] / Intermediate / -44,0 kg"
19275,1122124,"Boys [9-10 years] / Intermediate / +48,0 kg"
19275,1122116,"Boys [9-10 years] / Advanced / -32,0 kg"
19275,1122122,"Boys [9-10 years] / Advanced / -36,0 kg"
19275,1122118,"Boys [9-10 years] / Advanced / -40,0 kg"
19275,1122147,"Boys [11-12 years] / Beginner / -44,0 kg"
19275,1122143,"Boys [11-12 years] / Intermediate / -28,0 kg"
19275,1122138,"Boys [11-12 years] / Intermediate / -32,0 kg"
19275,1122134,"Boys [11-12 years] / Intermediate / -36,0 kg"
19275,1122136,"Boys [11-12 years] / Intermediate / -40,0 kg"
19275,1122146,"Boys [11-12 years] / Intermediate / -44,0 kg"
19275,1122140,"Boys [11-12 years] / Intermediate / -48,0 kg"
19275,1122142,"Boys [11-12 years] / Intermediate / -52,0 kg"
19275,1122148,"Boys [11-12 years] / Intermediate / -55,0 kg"
19275,1122141,"Boys [11-12 years] / Advanced / -28,0 kg"
19275,1122135,"Boys [11-12 years] / Advanced / -32,0 kg"
19275,1122137,"Boys [11-12 years] / Advanced / -36,0 kg"
19275,1122139,"Boys [11-12 years] / Advanced / -40,0 kg"
19275,1122123,"Boys [11-12 years] / Advanced / -44,0 kg"
19275,1122144,"Boys [11-12 years] / Advanced / -52,0 kg"
19275,1122145,"Boys [11-12 years] / Advanced / -55,0 kg"
19275,1122155,"Boys [13-14 years] / Beginner / -40,0 kg"
19275,1122154,"Boys [13-14 years] / Beginner / -50,0 kg"
19275,1122160,"Boys [13-14 years] / Beginner / -55,0 kg"
19275,1122152,"Boys [13-14 years] / Intermediate / -40,0 kg"
19275,1122158,"Boys [13-14 years] / Intermediate / -45,0 kg"
19275,1122159,"Boys [13-14 years] / Intermediate / -50,0 kg"
19275,1122153,"Boys [13-14 years] / Intermediate / -55,0 kg"
19275,1122157,"Boys [13-14 years] / Intermediate / -60,0 kg"
19275,1122151,"Boys [13-14 years] / Advanced / -50,0 kg"
19275,1122156,"Boys [13-14 years] / Advanced / -55,0 kg"
19275,1122161,"Boys [13-14 years] / Advanced / -60,0 kg"
19275,1122179,"Boys [15-17 years] / Beginner / -65,0 kg"
19275,1122178,"Boys [15-17 years] / Intermediate / -55,0 kg"
19275,1122173,"Boys [15-17 years] / Intermediate / -60,0 kg"
19275,1122180,"Boys [15-17 years] / Intermediate / +80,0 kg"
19275,1122174,"Boys [15-17 years] / Advanced / -60,0 kg"
19275,1122175,"Boys [15-17 years] / Advanced / -65,0 kg"
19275,1122177,"Boys [15-17 years] / Advanced / -70,0 kg"
19275,1122176,"Boys [15-17 years] / Advanced / -75,0 kg"
19511,1113075,"Women / Adult / Beginner / -55,0 kg"
19511,1113076,"Women / Adult / Beginner / -70,0 kg"
19511,1113080,"Women / Adult / Intermediate / -55,0 kg"
19511,1113078,"Women / Adult / Intermediate / -60,0 kg"
19511,1113079,"Women / Adult / Intermediate / -70,0 kg"
19511,1113077,"Women / Adult / Intermediate / +70,0 kg"
19511,1113071,"Women / Adult / Advanced / -55,0 kg"
19511,1113065,"Women / Adult / Advanced / -60,0 kg"
19511,1113068,"Women / Adult / Advanced / +70,0 kg"
19511,1113082,Women's Absolute / Adult / Advanced
19511,1116267,"Men / Adult / Beginner / -60,0 kg"
19511,1113059,"Men / Adult / Beginner / -65,0 kg"
19511,1113058,"Men / Adult / Beginner / -70,0 kg"
19511,1113048,"Men / Adult / Beginner / -76,0 kg"
19511,1113050,"Men / Adult / Beginner / -83,0 kg"
19511,1113054,"Men / Adult / Beginner / -91,0 kg"
19511,1113057,"Men / Adult / Beginner / -100,0 kg"
19511,1113060,"Men / Adult / Beginner / +100,0 kg"
19511,1113044,"Men / Adult / Intermediate / -60,0 kg"
19511,1113052,"Men / Adult / Intermediate / -65,0 kg"
19511,1113043,"Men / Adult / Intermediate / -70,0 kg"
19511,1113038,"Men / Adult / Intermediate / -76,0 kg"
19511,1113039,"Men / Adult / Intermediate / -83,0 kg"
19511,1113041,"Men / Adult / Intermediate / -91,0 kg"
19511,1113047,"Men / Adult / Intermediate / -100,0 kg"
19511,1113046,"Men / Adult / Intermediate / +100,0 kg"
19511,1113045,"Men / Adult / Advanced / -60,0 kg"
19511,1113049,"Men / Adult / Advanced / -65,0 kg"
19511,1113053,"Men / Adult / Advanced / -70,0 kg"
19511,1113051,"Men / Adult / Advanced / -76,0 kg"
19511,1113055,"Men / Adult / Advanced / -83,0 kg"
19511,1113042,"Men / Adult / Advanced / -91,0 kg"
19511,1113056,"Men / Adult / Advanced / -100,0 kg"
19511,1113040,"Men / Adult / Advanced / +100,0 kg"
19511,1112919,"Men / Masters 35+ / Beginner / -70,0 kg"
19511,1112921,"Men / Masters 35+ / Beginner / +100,0 kg"
19511,1112915,"Men / Masters 35+ / Intermediate / -76,0 kg"
19511,1112918,"Men / Masters 35+ / Intermediate / -83,0 kg"
19511,1112916,"Men / Masters 35+ / Intermediate / -91,0 kg"
19511,1112920,"Men / Masters 35+ / Intermediate / -100,0 kg"
19511,1112914,"Men / Masters 35+ / Advanced / -60,0 kg"
19511,1112911,"Men / Masters 35+ / Advanced / -65,0 kg"
19511,1112910,"Men / Masters 35+ / Advanced / -70,0 kg"
19511,1112917,"Men / Masters 35+ / Advanced / -76,0 kg"
19511,1112909,"Men / Masters 35+ / Advanced / -83,0 kg"
19511,1112912,"Men / Masters 35+ / Advanced / -91,0 kg"
19511,1112913,"Men / Masters 35+ / Advanced / -100,0 kg"
19511,1112908,"Men / Masters 35+ / Advanced / +100,0 kg"
19511,1114964,Men's Absolute / Adult / Advanced
19511,1113090,"Girls [7-8 years] / Intermediate / -24,0 kg"
19511,1113089,"Girls [7-8 years] / Intermediate / -28,0 kg"
19511,1114571,"Girls [7-8 years] / Advanced / -28,0 kg"
19511,1113091,"Girls [7-8 years] / Advanced / -32,0 kg"
19511,1113092,"Girls [9-10 years] / Beginner / -28,0 kg"
19511,1113097,"Girls [9-10 years] / Intermediate  / -28,0 kg"
19511,1114569,"Girls [9-10 years] / Intermediate  / -32,0 kg"
19511,1113094,"Girls [9-10 years] / Intermediate  / -36,0 kg"
19511,1113095,"Girls [9-10 years] / Intermediate  / -40,0 kg"
19511,1113096,"Girls [9-10 years] / Intermediate  / -48,0 kg"
19511,1113105,"Girls [9-10 years] / Advanced / -28,0 kg"
19511,1113104,"Girls [9-10 years] / Advanced / -32,0 kg"
19511,1113106,"Girls [9-10 years] / Advanced / -40,0 kg"
19511,1113107,"Girls [9-10 years] / Advanced / -44,0 kg"
19511,1113120,"Girls [11-12 years] / Intermediate / -36,0 kg"
19511,1115231,"Girls [11-12 years] / Intermediate / -40,0 kg"
19511,1113118,"Girls [11-12 years] / Intermediate / -44,0 kg"
19511,1113119,"Girls [11-12 years] / Intermediate / -48,0 kg"
19511,1113128,"Girls [11-12 years] / Advanced / -36,0 kg"
19511,1113124,"Girls [11-12 years] / Advanced / -40,0 kg"
19511,1113125,"Girls [11-12 years] / Advanced / -44,0 kg"
19511,1113126,"Girls [11-12 years] / Advanced / -48,0 kg"
19511,1113123,"Girls [11-12 years] / Advanced / -52,0 kg"
19511,1113127,"Girls [11-12 years] / Advanced / +52,0 kg"
19511,1113131,"Girls [13-14 years] / Intermediate / -50,0 kg"
19511,1113132,"Girls [13-14 years] / Intermediate / -55,0 kg"
19511,1113133,"Girls [13-14 years] / Intermediate / +60,0 kg"
19511,1113144,"Girls [13-14 years] / Advanced / -40,0 kg"
19511,1113143,"Girls [13-14 years] / Advanced / -45,0 kg"
19511,1113140,"Girls [13-14 years] / Advanced / -55,0 kg"
19511,1113142,"Girls [13-14 years] / Advanced / -60,0 kg"
19511,1113141,"Girls [13-14 years] / Advanced / +60,0 kg"
19511,1113176,"Girls [15-17 years] / Advanced / -50,0 kg"
19511,1113173,"Girls [15-17 years] / Advanced / -55,0 kg"
19511,1113174,"Girls [15-17 years] / Advanced / -60,0 kg"
19511,1113175,"Girls [15-17 years] / Advanced / +65,0 kg"
19511,1115409,"Boys [6 and under] / Beginner / -24,0 kg"
19511,1113214,"Boys [6 and under] / Beginner / -28,0 kg"
19511,1113213,"Boys [6 and under] / Intermediate / -20,0 kg"
19511,1113210,"Boys [6 and under] / Intermediate / -24,0 kg"
19511,1113212,"Boys [6 and under] / Intermediate / -32,0 kg"
19511,1119763,"Boys [6 and under] / Advanced / -32,0 kg"
19511,1113299,"Boys [7-8 years] / Beginner / -24,0 kg"
19511,1113296,"Boys [7-8 years] / Beginner / -28,0 kg"
19511,1113300,"Boys [7-8 years] / Beginner / -32,0 kg"
19511,1113211,"Boys [7-8 years] / Intermediate / -24,0 kg"
19511,1113297,"Boys [7-8 years] / Intermediate / -28,0 kg"
19511,1113298,"Boys [7-8 years] / Intermediate / -32,0 kg"
19511,1113304,"Boys [7-8 years] / Intermediate / -40,0 kg"
19511,1114963,"Boys [7-8 years] / Intermediate / -44,0 kg"
19511,1114961,"Boys [7-8 years] / Advanced / -40,0 kg"
19511,1114960,"Boys [7-8 years] / Advanced / -44,0 kg"
19511,1113465,"Boys [9-10 years] / Beginner / -28,0 kg"
19511,1113457,"Boys [9-10 years] / Beginner / -32,0 kg"
19511,1113466,"Boys [9-10 years] / Beginner / +48,0 kg"
19511,1113464,"Boys [9-10 years] / Intermediate / -28,0 kg"
19511,1113459,"Boys [9-10 years] / Intermediate / -32,0 kg"
19511,1113308,"Boys [9-10 years] / Intermediate / -36,0 kg"
19511,1113461,"Boys [9-10 years] / Intermediate / -40,0 kg"
19511,1113462,"Boys [9-10 years] / Intermediate / -44,0 kg"
19511,1113463,"Boys [9-10 years] / Advanced / -28,0 kg"
19511,1113460,"Boys [9-10 years] / Advanced / -32,0 kg"
19511,1113456,"Boys [9-10 years] / Advanced / -36,0 kg"
19511,1113305,"Boys [9-10 years] / Advanced / -40,0 kg"
19511,1113455,"Boys [9-10 years] / Advanced / -44,0 kg"
19511,1113306,"Boys [9-10 years] / Advanced / -48,0 kg"
19511,1113458,"Boys [9-10 years] / Advanced / +48,0 kg"
19511,1113673,"Boys [11-12 years] / Beginner / -44,0 kg"
19511,1113675,"Boys [11-12 years] / Beginner / -48,0 kg"
19511,1113674,"Boys [11-12 years] / Beginner / +52,0 kg"
19511,1113493,"Boys [11-12 years] / Intermediate / -32,0 kg"
19511,1113494,"Boys [11-12 years] / Intermediate / -36,0 kg"
19511,1113309,"Boys [11-12 years] / Intermediate / -40,0 kg"
19511,1113307,"Boys [11-12 years] / Intermediate / -44,0 kg"
19511,1113496,"Boys [11-12 years] / Intermediate / -48,0 kg"
19511,1113495,"Boys [11-12 years] / Intermediate / -52,0 kg"
19511,1114969,"Boys [11-12 years] / Intermediate / +52,0 kg"
19511,1113535,"Boys [11-12 years] / Advanced / -32,0 kg"
19511,1113536,"Boys [11-12 years] / Advanced / -36,0 kg"
19511,1113537,"Boys [11-12 years] / Advanced / -40,0 kg"
19511,1113538,"Boys [11-12 years] / Advanced / -44,0 kg"
19511,1113534,"Boys [11-12 years] / Advanced / -48,0 kg"
19511,1113532,"Boys [11-12 years] / Advanced / -52,0 kg"
19511,1113533,"Boys [11-12 years] / Advanced / +52,0 kg"
19511,1113565,"Boys [13-14 years] / Beginner / -60,0 kg"
19511,1113566,"Boys [13-14 years] / Beginner / +65,0 kg"
19511,1113582,"Boys [13-14 years] / Intermediate / -40,0 kg"
19511,1113564,"Boys [13-14 years] / Intermediate / -45,0 kg"
19511,1113578,"Boys [13-14 years] / Intermediate / -50,0 kg"
19511,1113613,"Boys [13-14 years] / Intermediate / -55,0 kg"
19511,1113581,"Boys [13-14 years] / Intermediate / -60,0 kg"
19511,1113580,"Boys [13-14 years] / Intermediate / -65,0 kg"
19511,1113577,"Boys [13-14 years] / Intermediate / +65,0 kg"
19511,1113609,"Boys [13-14 years] / Advanced / -40,0 kg"
19511,1113606,"Boys [13-14 years] / Advanced / -45,0 kg"
19511,1113608,"Boys [13-14 years] / Advanced / -50,0 kg"
19511,1113604,"Boys [13-14 years] / Advanced / -55,0 kg"
19511,1113605,"Boys [13-14 years] / Advanced / -60,0 kg"
19511,1113607,"Boys [13-14 years] / Advanced / -65,0 kg"
19511,1113603,"Boys [13-14 years] / Advanced / +65,0 kg"
19511,1113644,"Boys [15-17 years] / Beginner / -60,0 kg"
19511,1113652,"Boys [15-17 years] / Beginner / -65,0 kg"
19511,1113655,"Boys [15-17 years] / Beginner / -70,0 kg"
19511,1113645,"Boys [15-17 years] / Beginner / -75,0 kg"
19511,1113646,"Boys [15-17 years] / Beginner / -80,0 kg"
19511,1113641,"Boys [15-17 years] / Intermediate / -55,0 kg"
19511,1113653,"Boys [15-17 years] / Intermediate / -60,0 kg"
19511,1113650,"Boys [15-17 years] / Intermediate / -65,0 kg"
19511,1113651,"Boys [15-17 years] / Intermediate / -70,0 kg"
19511,1113640,"Boys [15-17 years] / Intermediate / +80,0 kg"
19511,1113642,"Boys [15-17 years] / Advanced / -55,0 kg"
19511,1113648,"Boys [15-17 years] / Advanced / -60,0 kg"
19511,1113647,"Boys [15-17 years] / Advanced / -65,0 kg"
19511,1113649,"Boys [15-17 years] / Advanced / -70,0 kg"
19511,1113643,"Boys [15-17 years] / Advanced / -75,0 kg"
19511,1113656,"Boys [15-17 years] / Advanced / -80,0 kg"
19511,1113654,"Boys [15-17 years] / Advanced / +80,0 kg"
19276,1103501,"Women / Adult (age 16+) / Beginner / -50,0 kg"
19276,1103503,"Women / Adult (age 16+) / Beginner / -70,0 kg"
19276,1103502,"Women / Adult (age 16+) / Beginner / +70,0 kg"
19276,1104069,"Women / Adult (age 16+) / Intermediate / -50,0 kg"
19276,1103497,"Women / Adult (age 16+) / Intermediate / -55,0 kg"
19276,1103498,"Women / Adult (age 16+) / Intermediate / -60,0 kg"
19276,1103500,"Women / Adult (age 16+) / Intermediate / -65,0 kg"
19276,1103495,"Women / Adult (age 16+) / Intermediate / -70,0 kg"
19276,1103499,"Women / Adult (age 16+) / Intermediate / +70,0 kg"
19276,1103504,"Women / Adult (age 16+) / Advanced / -55,0 kg"
19276,1103488,"Women / Master (age 35+) / Intermediate / -65,0 kg"
19276,1103489,"Women / Master (age 35+) / Advanced / -70,0 kg"
19276,1105881,Women's Absolute / Adult / Advanced
19276,1104079,"Men / Adult (age 16+) / Beginner / -60,0 kg"
19276,1104084,"Men / Adult (age 16+) / Beginner / -65,0 kg"
19276,1104080,"Men / Adult (age 16+) / Beginner / -70,0 kg"
19276,1104078,"Men / Adult (age 16+) / Beginner / -76,0 kg"
19276,1104086,"Men / Adult (age 16+) / Beginner / -83,0 kg"
19276,1104087,"Men / Adult (age 16+) / Beginner / -91,0 kg"
19276,1104095,"Men / Adult (age 16+) / Beginner / -100,0 kg"
19276,1104094,"Men / Adult (age 16+) / Beginner / +100,0 kg"
19276,1104076,"Men / Adult (age 16+) / Intermediate / -60,0 kg"
19276,1104071,"Men / Adult (age 16+) / Intermediate / -65,0 kg"
19276,1104075,"Men / Adult (age 16+) / Intermediate / -70,0 kg"
19276,1104090,"Men / Adult (age 16+) / Intermediate / -76,0 kg"
19276,1104082,"Men / Adult (age 16+) / Intermediate / -83,0 kg"
19276,1104083,"Men / Adult (age 16+) / Intermediate / -91,0 kg"
19276,1104088,"Men / Adult (age 16+) / Intermediate / -100,0 kg"
19276,1104077,"Men / Adult (age 16+) / Intermediate / +100,0 kg"
19276,1104092,"Men / Adult (age 16+) / Advanced / -60,0 kg"
19276,1104072,"Men / Adult (age 16+) / Advanced / -65,0 kg"
19276,1104073,"Men / Adult (age 16+) / Advanced / -70,0 kg"
19276,1104085,"Men / Adult (age 16+) / Advanced / -76,0 kg"
19276,1104074,"Men / Adult (age 16+) / Advanced / -83,0 kg"
19276,1104081,"Men / Adult (age 16+) / Advanced / -91,0 kg"
19276,1104091,"Men / Adult (age 16+) / Advanced / -100,0 kg"
19276,1104089,"Men / Adult (age 16+) / Advanced / +100,0 kg"
19276,1104059,"Men / Master (age 35+) / Beginner / -70,0 kg"
19276,1104060,"Men / Master (age 35+) / Beginner / -83,0 kg"
19276,1104062,"Men / Master (age 35+) / Beginner / +100,0 kg"
19276,1104057,"Men / Master (age 35+) / Intermediate / -65,0 kg"
19276,1104045,"Men / Master (age 35+) / Intermediate / -70,0 kg"
19276,1104047,"Men / Master (age 35+) / Intermediate / -76,0 kg"
19276,1104042,"Men / Master (age 35+) / Intermediate / -83,0 kg"
19276,1104041,"Men / Master (age 35+) / Intermediate / -91,0 kg"
19276,1104064,"Men / Master (age 35+) / Intermediate / -100,0 kg"
19276,1104065,"Men / Master (age 35+) / Intermediate / +100,0 kg"
19276,1104048,"Men / Master (age 35+) / Advanced / -60,0 kg"
19276,1104056,"Men / Master (age 35+) / Advanced / -65,0 kg"
19276,1104044,"Men / Master (age 35+) / Advanced / -70,0 kg"
19276,1104043,"Men / Master (age 35+) / Advanced / -76,0 kg"
19276,1104046,"Men / Master (age 35+) / Advanced / -83,0 kg"
19276,1104061,"Men / Master (age 35+) / Advanced / -100,0 kg"
19276,1104036,"Men / Master 2 (age 45+) / Intermediate / -65,0 kg"
19276,1104037,"Men / Master 2 (age 45+) / Intermediate / -76,0 kg"
19276,1104035,"Men / Master 2 (age 45+) / Intermediate / -91,0 kg"
19276,1104033,"Men / Master 2 (age 45+) / Advanced / -70,0 kg"
19276,1104034,"Men / Master 2 (age 45+) / Advanced / -76,0 kg"
19276,1105883,Men's Absolute / Adult / Advanced
19276,1104097,"Girls [7-8 years] / Intermediate / -24,0 kg"
19276,1104099,"Girls [9-10 years] / Intermediate / -32,0 kg"
19276,1104128,"Girls [11-12 years] / Advanced / -44,0 kg"
19276,1104127,"Girls [11-12 years] / Advanced / -52,0 kg"
19276,1104129,"Girls [13-14 years] / Intermediate / -45,0 kg"
19276,1104133,"Girls [13-14 years] / Intermediate / -50,0 kg"
19276,1104561,"Girls [13-14 years] / Advanced / -60,0 kg"
19276,1104184,"Girls [15-17 years] / Intermediate / -45,0 kg"
19276,1104558,"Girls [15-17 years] / Advanced / -60,0 kg"
19276,1104188,"Boys [6 and under] / Beginner / -20,0 kg"
19276,1104187,"Boys [6 and under] / Beginner / -24,0 kg"
19276,1104194,"Boys [6 and under] / Intermediate / -24,0 kg"
19276,1104195,"Boys [7-8 years] / Beginner / -32,0 kg"
19276,1104196,"Boys [7-8 years] / Intermediate / -28,0 kg"
19276,1104201,"Boys [9-10 years] / Intermediate / -28,0 kg"
19276,1104198,"Boys [9-10 years] / Intermediate / -36,0 kg"
19276,1104200,"Boys [9-10 years] / Intermediate / -40,0 kg"
19276,1104202,"Boys [9-10 years] / Intermediate / -44,0 kg"
19276,1104199,"Boys [9-10 years] / Intermediate / +48,0 kg"
19276,1104207,"Boys [9-10 years] / Advanced / -28,0 kg"
19276,1104206,"Boys [9-10 years] / Advanced / -32,0 kg"
19276,1104203,"Boys [9-10 years] / Advanced / -36,0 kg"
19276,1104211,"Boys [11-12 years] / Intermediate / -36,0 kg"
19276,1104212,"Boys [11-12 years] / Intermediate / -40,0 kg"
19276,1104208,"Boys [11-12 years] / Intermediate / -44,0 kg"
19276,1104213,"Boys [11-12 years] / Intermediate / -48,0 kg"
19276,1104214,"Boys [11-12 years] / Advanced / -32,0 kg"
19276,1104210,"Boys [11-12 years] / Advanced / -36,0 kg"
19276,1104209,"Boys [11-12 years] / Advanced / -40,0 kg"
19276,1104216,"Boys [13-14 years] / Intermediate / -45,0 kg"
19276,1104215,"Boys [13-14 years] / Intermediate / -60,0 kg"
19276,1104217,"Boys [13-14 years] / Intermediate / -65,0 kg"
19276,1104218,"Boys [13-14 years] / Advanced / -65,0 kg"
19276,1104221,"Boys [15-17 years] / Beginner / -60,0 kg"
19276,1104223,"Boys [15-17 years] / Beginner / -65,0 kg"
19276,1104219,"Boys [15-17 years] / Beginner / -70,0 kg"
19276,1104226,"Boys [15-17 years] / Beginner / -75,0 kg"
19276,1104228,"Boys [15-17 years] / Beginner / -80,0 kg"
19276,1104220,"Boys [15-17 years] / Beginner / +80,0 kg"
19276,1104222,"Boys [15-17 years] / Intermediate / -65,0 kg"
19276,1104224,"Boys [15-17 years] / Advanced / -65,0 kg"
19276,1104227,"Boys [15-17 years] / Advanced / -70,0 kg"
19276,1104225,"Boys [15-17 years] / Advanced / -75,0 kg"
19072,1094174,"Men / Adult (age 15+) / Beginner / -55,0 kg"
19072,1094175,"Men / Adult (age 15+) / Beginner / -60,0 kg"
19072,1094171,"Men / Adult (age 15+) / Beginner / -65,0 kg"
19072,1094160,"Men / Adult (age 15+) / Beginner / -70,0 kg"
19072,1094169,"Men / Adult (age 15+) / Beginner / -76,0 kg"
19072,1094168,"Men / Adult (age 15+) / Beginner / -83,0 kg"
19072,1094170,"Men / Adult (age 15+) / Beginner / -91,0 kg"
19072,1094167,"Men / Adult (age 15+) / Beginner / -100,0 kg"
19072,1094173,"Men / Adult (age 15+) / Beginner / +100,0 kg"
19072,1094172,"Men / Adult (age 15+) / Intermediate / -55,0 kg"
19072,1094164,"Men / Adult (age 15+) / Intermediate / -60,0 kg"
19072,1094162,"Men / Adult (age 15+) / Intermediate / -65,0 kg"
19072,1093693,"Men / Adult (age 15+) / Intermediate / -70,0 kg"
19072,1093686,"Men / Adult (age 15+) / Intermediate / -76,0 kg"
19072,1094163,"Men / Adult (age 15+) / Intermediate / -83,0 kg"
19072,1094161,"Men / Adult (age 15+) / Intermediate / -91,0 kg"
19072,1094166,"Men / Adult (age 15+) / Intermediate / -100,0 kg"
19072,1094165,"Men / Adult (age 15+) / Intermediate / +100,0 kg"
19072,1094009,"Men / Adult (age 15+) / Advanced / -55,0 kg"
19072,1094011,"Men / Adult (age 15+) / Advanced / -60,0 kg"
19072,1094006,"Men / Adult (age 15+) / Advanced / -65,0 kg"
19072,1094007,"Men / Adult (age 15+) / Advanced / -70,0 kg"
19072,1094010,"Men / Adult (age 15+) / Advanced / -76,0 kg"
19072,1094008,"Men / Adult (age 15+) / Advanced / -83,0 kg"
19072,1094005,"Men / Adult (age 15+) / Advanced / -91,0 kg"
19072,1094012,"Men / Adult (age 15+) / Advanced / -100,0 kg"
19072,1094206,"Men / Master (age 35+) / Beginner / -76,0 kg"
19072,1094156,"Men / Master (age 35+) / Beginner / -83,0 kg"
19072,1094157,"Men / Master (age 35+) / Beginner / -91,0 kg"
19072,1094198,"Men / Master (age 35+) / Beginner / -100,0 kg"
19072,1094196,"Men / Master (age 35+) / Beginner / +100,0 kg"
19072,1094155,"Men / Master (age 35+) / Intermediate / -76,0 kg"
19072,1094195,"Men / Master (age 35+) / Intermediate / -83,0 kg"
19072,1094205,"Men / Master (age 35+) / Intermediate / -91,0 kg"
19072,1094204,"Men / Master (age 35+) / Intermediate / -100,0 kg"
19072,1094199,"Men / Master (age 35+) / Intermediate / +100,0 kg"
19072,1094159,"Men / Master (age 35+) / Advanced / -70,0 kg"
19072,1094158,"Men / Master (age 35+) / Advanced / -76,0 kg"
19072,1094197,"Men / Master (age 35+) / Advanced / -83,0 kg"
19072,1094203,"Men / Master (age 35+) / Advanced / -100,0 kg"
19072,1094207,"Men / Master 2 (age 45+) / Intermediate / -76,0 kg"
19072,1094202,"Men / Master 2 (age 45+) / Intermediate / -83,0 kg"
19072,1094200,"Men / Master 2 (age 45+) / Intermediate / -91,0 kg"
19072,1094194,"Men / Master 2 (age 45+) / Advanced / -76,0 kg"
19072,1094201,"Men / Master 2 (age 45+) / Advanced / -91,0 kg"
19072,1094229,"Women / Adult (age 15+) / Beginner / -50,0 kg"
19072,1094232,"Women / Adult (age 15+) / Beginner / -60,0 kg"
19072,1094233,"Women / Adult (age 15+) / Beginner / +70,0 kg"
19072,1094226,"Women / Adult (age 15+) / Intermediate / -55,0 kg"
19072,1094230,"Women / Adult (age 15+) / Intermediate / -60,0 kg"
19072,1094227,"Women / Adult (age 15+) / Intermediate / -65,0 kg"
19072,1094234,"Women / Adult (age 15+) / Intermediate / -70,0 kg"
19072,1094231,"Women / Adult (age 15+) / Intermediate / +70,0 kg"
19072,1094002,"Women / Adult (age 15+) / Advanced / -50,0 kg"
19072,1094228,"Women / Adult (age 15+) / Advanced / -55,0 kg"
19072,1094003,"Women / Adult (age 15+) / Advanced / -65,0 kg"
19072,1094001,"Women / Adult (age 15+) / Advanced / -70,0 kg"
19072,1094208,"Women / Master (age 35+) / Intermediate / -65,0 kg"
19072,1094209,"Women / Master 2 (age 45+) / Advanced / -65,0 kg"
19072,1095936,Men's Absolute / Adult / Advanced
19072,1095930,Women's Absolute / Adult / Advanced
19072,1093726,"Girls [6 and under] / Beginner / -24,0 kg"
19072,1093725,"Girls [6 and under] / Intermediate / -24,0 kg"
19072,1093727,"Girls [7-8 years] / Beginner / -24,0 kg"
19072,1093728,"Girls [7-8 years] / Beginner / -40,0 kg"
19072,1093729,"Girls [7-8 years] / Intermediate / -24,0 kg"
19072,1093731,"Girls [7-8 years] / Intermediate / -28,0 kg"
19072,1093730,"Girls [7-8 years] / Intermediate / -36,0 kg"
19072,1093732,"Girls [7-8 years] / Advanced / -36,0 kg"
19072,1093733,"Girls [9-10 years] / Beginner / -32,0 kg"
19072,1093735,"Girls [9-10 years] / Intermediate / -28,0 kg"
19072,1093734,"Girls [9-10 years] / Intermediate / -32,0 kg"
19072,1093736,"Girls [9-10 years] / Intermediate / -36,0 kg"
19072,1093793,"Girls [9-10 years] / Advanced / -28,0 kg"
19072,1093791,"Girls [9-10 years] / Advanced / -32,0 kg"
19072,1093792,"Girls [9-10 years] / Advanced / -36,0 kg"
19072,1093798,"Girls [11-12 years] / Beginner / -48,0 kg"
19072,1093807,"Girls [11-12 years] / Intermediate / -36,0 kg"
19072,1093804,"Girls [11-12 years] / Intermediate / -40,0 kg"
19072,1093802,"Girls [11-12 years] / Intermediate / -48,0 kg"
19072,1093803,"Girls [11-12 years] / Intermediate / -52,0 kg"
19072,1093805,"Girls [11-12 years] / Intermediate / -55,0 kg"
19072,1093806,"Girls [11-12 years] / Intermediate / +55,0 kg"
19072,1093811,"Girls [11-12 years] / Advanced / -32,0 kg"
19072,1093813,"Girls [11-12 years] / Advanced / -36,0 kg"
19072,1093809,"Girls [11-12 years] / Advanced / -40,0 kg"
19072,1093810,"Girls [11-12 years] / Advanced / -44,0 kg"
19072,1093808,"Girls [11-12 years] / Advanced / -48,0 kg"
19072,1093812,"Girls [11-12 years] / Advanced / +55,0 kg"
19072,1093817,"Girls [13-14 years] / Intermediate / -45,0 kg"
19072,1093816,"Girls [13-14 years] / Intermediate / -55,0 kg"
19072,1093822,"Girls [13-14 years] / Advanced / -40,0 kg"
19072,1093820,"Girls [13-14 years] / Advanced / -55,0 kg"
19072,1093821,"Girls [13-14 years] / Advanced / +60,0 kg"
19072,1093832,"Girls [15-17 years] / Beginner / -50,0 kg"
19072,1093831,"Girls [15-17 years] / Beginner / -60,0 kg"
19072,1093833,"Girls [15-17 years] / Intermediate / -45,0 kg"
19072,1094443,"Girls [15-17 years] / Intermediate / -55,0 kg"
19072,1094442,"Girls [15-17 years] / Advanced / -55,0 kg"
19072,1093834,"Boys [6 and under] / Beginner / -20,0 kg"
19072,1093836,"Boys [6 and under] / Beginner / -24,0 kg"
19072,1093835,"Boys [6 and under] / Beginner / -32,0 kg"
19072,1093838,"Boys [6 and under] / Intermediate / -20,0 kg"
19072,1093837,"Boys [6 and under] / Intermediate / -24,0 kg"
19072,1093839,"Boys [7-8 years] / Beginner / -24,0 kg"
19072,1093840,"Boys [7-8 years] / Beginner / -28,0 kg"
19072,1093841,"Boys [7-8 years] / Beginner / -32,0 kg"
19072,1093842,"Boys [7-8 years] / Intermediate / -24,0 kg"
19072,1093844,"Boys [7-8 years] / Intermediate / -28,0 kg"
19072,1093843,"Boys [7-8 years] / Intermediate / -32,0 kg"
19072,1093845,"Boys [7-8 years] / Intermediate / -36,0 kg"
19072,1093850,"Boys [7-8 years] / Advanced / -24,0 kg"
19072,1093848,"Boys [7-8 years] / Advanced / -28,0 kg"
19072,1093849,"Boys [7-8 years] / Advanced / -32,0 kg"
19072,1093847,"Boys [7-8 years] / Advanced / -36,0 kg"
19072,1093885,"Boys [9-10 years] / Beginner / -28,0 kg"
19072,1093884,"Boys [9-10 years] / Beginner / -36,0 kg"
19072,1093883,"Boys [9-10 years] / Beginner / -40,0 kg"
19072,1093886,"Boys [9-10 years] / Beginner / -44,0 kg"
19072,1093890,"Boys [9-10 years] / Intermediate / -28,0 kg"
19072,1093891,"Boys [9-10 years] / Intermediate / -32,0 kg"
19072,1093893,"Boys [9-10 years] / Intermediate / -36,0 kg"
19072,1093892,"Boys [9-10 years] / Intermediate / -40,0 kg"
19072,1093894,"Boys [9-10 years] / Intermediate / -44,0 kg"
19072,1093896,"Boys [9-10 years] / Intermediate / -48,0 kg"
19072,1093895,"Boys [9-10 years] / Intermediate / +48,0 kg"
19072,1093905,"Boys [9-10 years] / Advanced / -24,0 kg"
19072,1093902,"Boys [9-10 years] / Advanced / -28,0 kg"
19072,1093901,"Boys [9-10 years] / Advanced / -32,0 kg"
19072,1093904,"Boys [9-10 years] / Advanced / -36,0 kg"
19072,1093903,"Boys [9-10 years] / Advanced / -40,0 kg"
19072,1093919,"Boys [11-12 years] / Beginner / -36,0 kg"
19072,1093918,"Boys [11-12 years] / Beginner / -40,0 kg"
19072,1093920,"Boys [11-12 years] / Beginner / -48,0 kg"
19072,1093930,"Boys [11-12 years] / Intermediate / -32,0 kg"
19072,1093929,"Boys [11-12 years] / Intermediate / -36,0 kg"
19072,1093927,"Boys [11-12 years] / Intermediate / -40,0 kg"
19072,1093926,"Boys [11-12 years] / Intermediate / -44,0 kg"
19072,1093925,"Boys [11-12 years] / Intermediate / -48,0 kg"
19072,1093928,"Boys [11-12 years] / Intermediate / -52,0 kg"
19072,1093924,"Boys [11-12 years] / Intermediate / -55,0 kg"
19072,1093931,"Boys [11-12 years] / Intermediate / +55,0 kg"
19072,1093935,"Boys [11-12 years] / Advanced / -28,0 kg"
19072,1093937,"Boys [11-12 years] / Advanced / -36,0 kg"
19072,1093900,"Boys [11-12 years] / Advanced / -40,0 kg"
19072,1093936,"Boys [11-12 years] / Advanced / -44,0 kg"
19072,1093933,"Boys [11-12 years] / Advanced / -48,0 kg"
19072,1093934,"Boys [11-12 years] / Advanced / -52,0 kg"
19072,1093932,"Boys [11-12 years] / Advanced / +55,0 kg"
19072,1093939,"Boys [13-14 years] / Beginner / -40,0 kg"
19072,1093943,"Boys [13-14 years] / Beginner / -60,0 kg"
19072,1093938,"Boys [13-14 years] / Beginner / -65,0 kg"
19072,1093946,"Boys [13-14 years] / Intermediate / -40,0 kg"
19072,1093952,"Boys [13-14 years] / Intermediate / -45,0 kg"
19072,1093956,"Boys [13-14 years] / Intermediate / -50,0 kg"
19072,1093955,"Boys [13-14 years] / Intermediate / -55,0 kg"
19072,1093947,"Boys [13-14 years] / Intermediate / -60,0 kg"
19072,1093954,"Boys [13-14 years] / Intermediate / -65,0 kg"
19072,1093949,"Boys [13-14 years] / Intermediate / +65,0 kg"
19072,1093957,"Boys [13-14 years] / Advanced / -40,0 kg"
19072,1093959,"Boys [13-14 years] / Advanced / -45,0 kg"
19072,1093958,"Boys [13-14 years] / Advanced / -50,0 kg"
19072,1093953,"Boys [13-14 years] / Advanced / -55,0 kg"
19072,1093948,"Boys [13-14 years] / Advanced / -60,0 kg"
19072,1093951,"Boys [13-14 years] / Advanced / -65,0 kg"
19072,1093950,"Boys [13-14 years] / Advanced / +65,0 kg"
19072,1093964,"Boys [15-17 years] / Beginner / -60,0 kg"
19072,1093963,"Boys [15-17 years] / Beginner / -65,0 kg"
19072,1093961,"Boys [15-17 years] / Beginner / -70,0 kg"
19072,1093962,"Boys [15-17 years] / Beginner / -75,0 kg"
19072,1093960,"Boys [15-17 years] / Beginner / -80,0 kg"
19072,1093965,"Boys [15-17 years] / Intermediate / -55,0 kg"
19072,1093968,"Boys [15-17 years] / Intermediate / -60,0 kg"
19072,1093966,"Boys [15-17 years] / Intermediate / -65,0 kg"
19072,1093967,"Boys [15-17 years] / Intermediate / -70,0 kg"
19072,1093969,"Boys [15-17 years] / Intermediate / +80,0 kg"
19072,1093975,"Boys [15-17 years] / Advanced / -55,0 kg"
19072,1093976,"Boys [15-17 years] / Advanced / -60,0 kg"
19072,1093977,"Boys [15-17 years] / Advanced / -65,0 kg"
19072,1093979,"Boys [15-17 years] / Advanced / -70,0 kg"
19072,1093980,"Boys [15-17 years] / Advanced / -80,0 kg"
19072,1093978,"Boys [15-17 years] / Advanced / +80,0 kg"
18628,1078235,"Women / Adult (age 16+) / Beginner / -55,0 kg"
18628,1074970,"Women / Adult (age 16+) / Beginner / +70,0 kg"
18628,1074972,"Women / Adult (age 16+) / Intermediate / -50,0 kg"
18628,1074971,"Women / Adult (age 16+) / Intermediate / -55,0 kg"
18628,1074973,"Women / Adult (age 16+) / Intermediate / -60,0 kg"
18628,1074975,"Women / Adult (age 16+) / Intermediate / -65,0 kg"
18628,1074974,"Women / Adult (age 16+) / Intermediate / +70,0 kg"
18628,1074976,"Women / Adult (age 16+) / Advanced / -60,0 kg"
18628,1074977,"Women / Adult (age 16+) / Advanced / -70,0 kg"
18628,1074921,"Women / Master (age 35+) / Beginner / -65,0 kg"
18628,1074967,"Women / Master (age 35+) / Intermediate / -65,0 kg"
18628,1074968,"Women / Master (age 35+) / Advanced / -60,0 kg"
18628,1078246,Women's Absolute / Adult / Advanced
18628,1075012,"Men / Adult (age 16+) / Beginner / -65,0 kg"
18628,1075017,"Men / Adult (age 16+) / Beginner / -70,0 kg"
18628,1075010,"Men / Adult (age 16+) / Beginner / -76,0 kg"
18628,1075011,"Men / Adult (age 16+) / Beginner / -83,0 kg"
18628,1075023,"Men / Adult (age 16+) / Beginner / -91,0 kg"
18628,1075028,"Men / Adult (age 16+) / Beginner / -100,0 kg"
18628,1075024,"Men / Adult (age 16+) / Beginner / +100,0 kg"
18628,1075015,"Men / Adult (age 16+) / Intermediate / -60,0 kg"
18628,1075019,"Men / Adult (age 16+) / Intermediate / -65,0 kg"
18628,1075013,"Men / Adult (age 16+) / Intermediate / -70,0 kg"
18628,1075021,"Men / Adult (age 16+) / Intermediate / -76,0 kg"
18628,1075009,"Men / Adult (age 16+) / Intermediate / -83,0 kg"
18628,1075020,"Men / Adult (age 16+) / Intermediate / -91,0 kg"
18628,1075018,"Men / Adult (age 16+) / Intermediate / -100,0 kg"
18628,1078141,"Men / Adult (age 16+) / Intermediate / +100,0 kg"
18628,1075016,"Men / Adult (age 16+) / Advanced / -60,0 kg"
18628,1075014,"Men / Adult (age 16+) / Advanced / -65,0 kg"
18628,1075026,"Men / Adult (age 16+) / Advanced / -70,0 kg"
18628,1075007,"Men / Adult (age 16+) / Advanced / -76,0 kg"
18628,1075025,"Men / Adult (age 16+) / Advanced / -83,0 kg"
18628,1075022,"Men / Adult (age 16+) / Advanced / -91,0 kg"
18628,1075027,"Men / Adult (age 16+) / Advanced / -100,0 kg"
18628,1075006,"Men / Master (age 35+) / Beginner / -83,0 kg"
18628,1075002,"Men / Master (age 35+) / Intermediate / -70,0 kg"
18628,1074990,"Men / Master (age 35+) / Intermediate / -76,0 kg"
18628,1074989,"Men / Master (age 35+) / Intermediate / -83,0 kg"
18628,1074999,"Men / Master (age 35+) / Intermediate / -91,0 kg"
18628,1074997,"Men / Master (age 35+) / Intermediate / -100,0 kg"
18628,1074995,"Men / Master (age 35+) / Intermediate / +100,0 kg"
18628,1074991,"Men / Master (age 35+) / Advanced / -65,0 kg"
18628,1074994,"Men / Master (age 35+) / Advanced / -70,0 kg"
18628,1075000,"Men / Master (age 35+) / Advanced / -76,0 kg"
18628,1074993,"Men / Master (age 35+) / Advanced / -83,0 kg"
18628,1075001,"Men / Master (age 35+) / Advanced / -91,0 kg"
18628,1074998,"Men / Master (age 35+) / Advanced / -100,0 kg"
18628,1075005,"Men / Master 2 (age 45+) / Beginner / -70,0 kg"
18628,1074992,"Men / Master 2 (age 45+) / Intermediate / -70,0 kg"
18628,1074996,"Men / Master 2 (age 45+) / Intermediate / -91,0 kg"
18628,1075004,"Men / Master 2 (age 45+) / Advanced / -76,0 kg"
18628,1078288,Men's Absolute / Adult / Advanced
18628,1074493,"Girls [7-8 years] / Intermediate / -28,0 kg"
18628,1074560,"Girls [9-10 years] / Intermediate / -28,0 kg"
18628,1074558,"Girls [9-10 years] / Intermediate / -32,0 kg"
18628,1074559,"Girls [9-10 years] / Intermediate / -36,0 kg"
18628,1074711,"Girls [11-12 years] / Intermediate / -32,0 kg"
18628,1074713,"Girls [11-12 years] / Intermediate / -36,0 kg"
18628,1074712,"Girls [11-12 years] / Intermediate / -48,0 kg"
18628,1074714,"Girls [11-12 years] / Advanced / -40,0 kg"
18628,1074710,"Girls [11-12 years] / Advanced / -44,0 kg"
18628,1074716,"Girls [13-14 years] / Intermediate / -45,0 kg"
18628,1074715,"Girls [13-14 years] / Intermediate / -55,0 kg"
18628,1074717,"Girls [13-14 years] / Intermediate / +60,0 kg"
18628,1074721,"Girls [13-14 years] / Advanced / -45,0 kg"
18628,1074720,"Girls [13-14 years] / Advanced / -55,0 kg"
18628,1074724,"Girls [15-17 years] / Intermediate / -55,0 kg"
18628,1074723,"Girls [15-17 years] / Intermediate / -60,0 kg"
18628,1074730,"Girls [15-17 years] / Advanced / -50,0 kg"
18628,1074727,"Girls [15-17 years] / Advanced / -55,0 kg"
18628,1074728,"Girls [15-17 years] / Advanced / -60,0 kg"
18628,1074729,"Girls [15-17 years] / Advanced / -65,0 kg"
18628,1074731,"Boys [6 and under] / Beginner / -20,0 kg"
18628,1074732,"Boys [6 and under] / Beginner / -24,0 kg"
18628,1077864,"Boys [6 and under] / Beginner / -32,0 kg"
18628,1074737,"Boys [6 and under] / Intermediate / -24,0 kg"
18628,1074747,"Boys [7-8 years] / Beginner / -28,0 kg"
18628,1074748,"Boys [7-8 years] / Beginner / -32,0 kg"
18628,1074749,"Boys [7-8 years] / Beginner / -36,0 kg"
18628,1074750,"Boys [7-8 years] / Intermediate / -24,0 kg"
18628,1074751,"Boys [7-8 years] / Intermediate / -28,0 kg"
18628,1074752,"Boys [7-8 years] / Intermediate / -32,0 kg"
18628,1074753,"Boys [7-8 years] / Advanced / -24,0 kg"
18628,1074754,"Boys [7-8 years] / Advanced / -28,0 kg"
18628,1074755,"Boys [7-8 years] / Advanced / -32,0 kg"
18628,1074806,"Boys [9-10 years] / Beginner / -36,0 kg"
18628,1074814,"Boys [9-10 years] / Intermediate / -24,0 kg"
18628,1074810,"Boys [9-10 years] / Intermediate / -28,0 kg"
18628,1074809,"Boys [9-10 years] / Intermediate / -32,0 kg"
18628,1074811,"Boys [9-10 years] / Intermediate / -36,0 kg"
18628,1074812,"Boys [9-10 years] / Intermediate / -40,0 kg"
18628,1074813,"Boys [9-10 years] / Intermediate / +48,0 kg"
18628,1074833,"Boys [9-10 years] / Advanced / -28,0 kg"
18628,1074835,"Boys [9-10 years] / Advanced / -32,0 kg"
18628,1074834,"Boys [9-10 years] / Advanced / -36,0 kg"
18628,1074836,"Boys [9-10 years] / Advanced / -40,0 kg"
18628,1074837,"Boys [11-12 years] / Beginner / -44,0 kg"
18628,1074840,"Boys [11-12 years] / Intermediate / -32,0 kg"
18628,1074839,"Boys [11-12 years] / Intermediate / -36,0 kg"
18628,1074838,"Boys [11-12 years] / Intermediate / -40,0 kg"
18628,1074841,"Boys [11-12 years] / Intermediate / -44,0 kg"
18628,1074842,"Boys [11-12 years] / Intermediate / +52,0 kg"
18628,1074856,"Boys [11-12 years] / Advanced / -36,0 kg"
18628,1074854,"Boys [11-12 years] / Advanced / -40,0 kg"
18628,1074855,"Boys [11-12 years] / Advanced / -44,0 kg"
18628,1074857,"Boys [11-12 years] / Advanced / -48,0 kg"
18628,1075032,"Boys [13-14 years] / Beginner / -55,0 kg"
18628,1074864,"Boys [13-14 years] / Intermediate / -45,0 kg"
18628,1074865,"Boys [13-14 years] / Intermediate / -50,0 kg"
18628,1074866,"Boys [13-14 years] / Intermediate / -55,0 kg"
18628,1074863,"Boys [13-14 years] / Intermediate / -65,0 kg"
18628,1074862,"Boys [13-14 years] / Intermediate / +65,0 kg"
18628,1074874,"Boys [13-14 years] / Advanced / -40,0 kg"
18628,1074872,"Boys [13-14 years] / Advanced / -50,0 kg"
18628,1074873,"Boys [13-14 years] / Advanced / -65,0 kg"
18628,1074878,"Boys [15-17 years] / Beginner / -60,0 kg"
18628,1074880,"Boys [15-17 years] / Beginner / -65,0 kg"
18628,1074879,"Boys [15-17 years] / Beginner / +80,0 kg"
18628,1074887,"Boys [15-17 years] / Intermediate / -55,0 kg"
18628,1074884,"Boys [15-17 years] / Intermediate / -60,0 kg"
18628,1074886,"Boys [15-17 years] / Intermediate / -65,0 kg"
18628,1074885,"Boys [15-17 years] / Intermediate / -75,0 kg"
18628,1074909,"Boys [15-17 years] / Advanced / -50,0 kg"
18628,1074905,"Boys [15-17 years] / Advanced / -55,0 kg"
18628,1074904,"Boys [15-17 years] / Advanced / -60,0 kg"
18628,1074906,"Boys [15-17 years] / Advanced / -65,0 kg"
18628,1078131,"Boys [15-17 years] / Advanced / -70,0 kg"
18628,1077987,"Boys [15-17 years] / Advanced / -75,0 kg"
18628,1074908,"Boys [15-17 years] / Advanced / -80,0 kg"
17844,1068061,Men / Adults / Beginner / -60 kg
17844,1068055,Men / Adults / Beginner / -65 kg
17844,1068060,Men / Adults / Beginner / -70 kg
17844,1068059,Men / Adults / Beginner / -76 kg
17844,1068058,Men / Adults / Beginner / -83 kg
17844,1068056,Men / Adults / Beginner / -91 kg
17844,1068062,Men / Adults / Beginner / -100 kg
17844,1068057,Men / Adults / Beginner / +100 kg
17844,1068064,Men / Adults / Intermediate  / -60 kg
17844,1068070,Men / Adults / Intermediate  / -65 kg
17844,1068067,Men / Adults / Intermediate  / -70 kg
17844,1068068,Men / Adults / Intermediate  / -76 kg
17844,1068066,Men / Adults / Intermediate  / -83 kg
17844,1068069,Men / Adults / Intermediate  / -91 kg.  
17844,1068065,Men / Adults / Intermediate  / -100 kg
17844,1068071,Men / Adults / Intermediate  / +100 kg
17844,1068075,Men / Adults / Advanced / -60 kg
17844,1068072,Men / Adults / Advanced / -65 kg
17844,1068074,Men / Adults / Advanced / -70 kg
17844,1068076,Men / Adults / Advanced / -76 kg
17844,1068079,Men / Adults / Advanced / -83 kg
17844,1068073,Men / Adults / Advanced / -91 kg
17844,1068078,Men / Adults / Advanced / -100 kg
17844,1068077,Men / Adults / Advanced / +100 kg
17844,1068047,Men / Masters 35+ / Beginner / -65 kg
17844,1068043,Men / Masters 35+ / Beginner / -76 kg
17844,1068048,Men / Masters 35+ / Beginner / -83 kg
17844,1068037,Men / Masters 35+ / Beginner / -91 kg
17844,1068045,Men / Masters 35+ / Beginner / +100 kg
17844,1068046,Men / Masters 35+ / Intermediate  / -65 kg
17844,1068038,Men / Masters 35+ / Intermediate  / -76 kg
17844,1068041,Men / Masters 35+ / Intermediate  / -83 kg
17844,1068049,Men / Masters 35+ / Intermediate  / -91 kg
17844,1068050,Men / Masters 35+ / Intermediate  / -100 kg
17844,1068042,Men / Masters 35+ / Advanced / -65 kg
17844,1068044,Men / Masters 35+ / Advanced / -70 kg
17844,1068036,Men / Masters 35+ / Advanced / -76 kg
17844,1068039,Men / Masters 35+ / Advanced / -83 kg
17844,1068040,Men / Masters 35+ / Advanced / -91 kg
17844,1068051,Men / Masters 35+ / Advanced / -100 kg
17844,1069408,Men's Absolute / Adult / Advanced
17844,1068082,"Women / Adult / Beginner / -55,0 kg"
17844,1068081,"Women / Adult / Beginner / -60,0 kg"
17844,1068080,"Women / Adult / Beginner / -65,0 kg"
17844,1068083,"Women / Adult / Beginner / +70,0 kg"
17844,1068084,"Women / Adult / Intermediate / -55,0 kg"
17844,1068087,"Women / Adult / Intermediate / -60,0 kg"
17844,1068085,"Women / Adult / Intermediate / -65,0 kg"
17844,1068088,"Women / Adult / Intermediate / -70,0 kg"
17844,1068086,"Women / Adult / Intermediate / +70,0 kg"
17844,1068102,"Women / Adult / Advanced / -50,0 kg"
17844,1068103,"Women / Adult / Advanced / -55,0 kg"
17844,1068101,"Women / Adult / Advanced / -60,0 kg"
17844,1069309,"Women / Adult / Advanced / -65,0 kg"
17844,1069407,Women's Absolute / Adult / Advanced
17844,1067866,"Girls [6 and under] / Beginner / -20,0 kg"
17844,1067868,Girls [7-8 years] / Beginner / -28kg
17844,1067870,"Girls [9-10 years] / Intermediate / -36,0 kg"
17844,1067872,"Girls [9-10 years] / Advanced / -32,0 kg"
17844,1067871,"Girls [9-10 years] / Advanced / -36,0 kg"
17844,1067873,"Girls [11-12 years] / Intermediate / +52,0 kg"
17844,1067999,"Girls [11-12 years] / Advanced / -32,0 kg"
17844,1067875,"Girls [11-12 years] / Advanced / -36,0 kg"
17844,1067876,"Girls [13-14 years] / Beginner / +60,0 kg"
17844,1068823,"Girls [13-14 years] / Intermediate / -45,0 kg"
17844,1068826,"Girls [13-14 years] / Advanced / -60,0 kg"
17844,1068023,"Girls [15-17 years] / Beginner / -55,0 kg"
17844,1068026,"Girls [15-17 years] / Intermediate / -60,0 kg"
17844,1068024,"Girls [15-17 years] / Advanced / -50,0 kg"
17844,1068025,"Girls [15-17 years] / Advanced / -60,0 kg"
17844,1067878,"Boys [7-8 years] / Beginner / -28,0 kg"
17844,1067879,"Boys [7-8 years] / Beginner / -32,0 kg"
17844,1067886,"Boys [7-8 years] / Intermediate / -24,0 kg"
17844,1067887,"Boys [7-8 years] / Intermediate / -28,0 kg"
17844,1067885,"Boys [7-8 years] / Intermediate / -32,0 kg"
17844,1067888,"Boys [7-8 years] / Intermediate / -44,0 kg"
17844,1067891,"Boys [7-8 years] / Advanced / -32,0 kg"
17844,1067895,"Boys [9-10 years] / Beginner / -32,0 kg"
17844,1067896,"Boys [9-10 years] / Beginner / -48,0 kg"
17844,1068029,"Boys [9-10 years] / Intermediate / -28,0 kg"
17844,1068028,"Boys [9-10 years] / Intermediate / -44,0 kg"
17844,1068811,"Boys [9-10 years] / Advanced / -28,0 kg"
17844,1068027,"Boys [9-10 years] / Advanced / -36,0 kg"
17844,1068030,"Boys [11-12 years] / Beginner / +52,0 kg"
17844,1067996,"Boys [11-12 years] / Advanced / -32,0 kg"
17844,1068813,"Boys [11-12 years] / Advanced / -36,0 kg"
17844,1067997,"Boys [11-12 years] / Advanced / -40,0 kg"
17844,1067998,"Boys [11-12 years] / Advanced / -52,0 kg"
17844,1068001,"Boys [13-14 years] / Beginner / -45,0 kg"
17844,1068000,"Boys [13-14 years] / Beginner / -60,0 kg"
17844,1068002,"Boys [13-14 years] / Beginner / -65,0 kg"
17844,1068005,"Boys [13-14 years] / Intermediate / -45,0 kg"
17844,1068004,"Boys [13-14 years] / Intermediate / +65,0 kg"
17844,1068006,"Boys [13-14 years] / Advanced / -50,0 kg"
17844,1068007,"Boys [13-14 years] / Advanced / -55,0 kg"
17844,1068008,"Boys [13-14 years] / Advanced / -60,0 kg"
17844,1068009,"Boys [13-14 years] / Advanced / -65,0 kg"
17844,1068011,"Boys [15-17 years] / Beginner / -50,0 kg"
17844,1068012,"Boys [15-17 years] / Beginner / -55,0 kg"
17844,1068014,"Boys [15-17 years] / Beginner / -60,0 kg"
17844,1068013,"Boys [15-17 years] / Beginner / -65,0 kg"
17844,1068010,"Boys [15-17 years] / Beginner / -70,0 kg"
17844,1068020,"Boys [15-17 years] / Advanced / -60,0 kg"
17844,1068017,"Boys [15-17 years] / Advanced / -65,0 kg"
17844,1068019,"Boys [15-17 years] / Advanced / -70,0 kg"
17844,1068018,"Boys [15-17 years] / Advanced / -75,0 kg"
17844,1068021,"Boys [15-17 years] / Advanced / -80,0 kg"
19216,1068161,"Women / Adult / Beginner / -50,0 kg"
19216,1068150,"Women / Adult / Beginner / -55,0 kg"
19216,1068151,"Women / Adult / Beginner / -60,0 kg"
19216,1068158,"Women / Adult / Beginner / -65,0 kg"
19216,1068157,"Women / Adult / Beginner / -70,0 kg"
19216,1068154,"Women / Adult / Beginner / +70,0 kg"
19216,1068152,"Women / Adult / Intermediate / -50,0 kg"
19216,1068153,"Women / Adult / Intermediate / -55,0 kg"
19216,1068155,"Women / Adult / Intermediate / -60,0 kg"
19216,1068156,"Women / Adult / Intermediate / -65,0 kg"
19216,1078939,"Women / Adult / Intermediate / -70,0 kg"
19216,1068943,Women's Absolute / Adult / Advanced
19216,1068181,"Men / Adult / Beginner / -60,0 kg"
19216,1068179,"Men / Adult / Beginner / -65,0 kg"
19216,1068180,"Men / Adult / Beginner / -70,0 kg"
19216,1068184,"Men / Adult / Beginner / -76,0 kg"
19216,1068183,"Men / Adult / Beginner / -83,0 kg"
19216,1068182,"Men / Adult / Beginner / -91,0 kg"
19216,1068185,"Men / Adult / Beginner / +100,0 kg"
19216,1068191,"Men / Adult / Intermediate / -60,0 kg"
19216,1068186,"Men / Adult / Intermediate / -65,0 kg"
19216,1068187,"Men / Adult / Intermediate / -70,0 kg"
19216,1068190,"Men / Adult / Intermediate / -76,0 kg"
19216,1068188,"Men / Adult / Intermediate / -83,0 kg"
19216,1068189,"Men / Adult / Intermediate / -91,0 kg"
19216,1068192,"Men / Adult / Intermediate / -100,0 kg"
19216,1068193,"Men / Adult / Intermediate / +100,0 kg"
19216,1068197,"Men / Adult / Advanced / -65,0 kg"
19216,1068196,"Men / Adult / Advanced / -70,0 kg"
19216,1068199,"Men / Adult / Advanced / -76,0 kg"
19216,1068202,"Men / Adult / Advanced / -83,0 kg"
19216,1068200,"Men / Adult / Advanced / -91,0 kg"
19216,1068198,"Men / Adult / Advanced / -100,0 kg"
19216,1068201,"Men / Adult / Advanced / +100,0 kg"
19216,1068176,"Men / Masters 35+ / Beginner / -65,0 kg"
19216,1068165,"Men / Masters 35+ / Beginner / -70,0 kg"
19216,1068171,"Men / Masters 35+ / Beginner / -76,0 kg"
19216,1068166,"Men / Masters 35+ / Beginner / -91,0 kg"
19216,1068164,"Men / Masters 35+ / Intermediate / -65,0 kg"
19216,1068162,"Men / Masters 35+ / Intermediate / -70,0 kg"
19216,1068163,"Men / Masters 35+ / Intermediate / -76,0 kg"
19216,1068170,"Men / Masters 35+ / Intermediate / -83,0 kg"
19216,1068175,"Men / Masters 35+ / Intermediate / -91,0 kg"
19216,1068174,"Men / Masters 35+ / Intermediate / -100,0 kg"
19216,1068167,"Men / Masters 35+ / Advanced / -65,0 kg"
19216,1068168,"Men / Masters 35+ / Advanced / -70,0 kg"
19216,1068172,"Men / Masters 35+ / Advanced / -76,0 kg"
19216,1068169,"Men / Masters 35+ / Advanced / -83,0 kg"
19216,1068173,"Men / Masters 35+ / Advanced / -91,0 kg"
19216,1068950,Men's Absolute / Adult / Advanced
19216,1068104,"Girls [7-8 years] / Intermediate / -32,0 kg"
19216,1069183,"Girls [11-12 years] / Beginner / -52,0 kg"
19216,1068204,"Girls [11-12 years] / Intermediate / -44,0 kg"
19216,1068112,"Girls [13-14 years] / Beginner / -50,0 kg"
19216,1068110,"Girls [13-14 years] / Beginner / -60,0 kg"
19216,1068113,"Girls [13-14 years] / Advanced / -60,0 kg"
19216,1068111,"Girls [13-14 years] / Advanced / +60,0 kg"
19216,1068114,"Girls [15-17 years] / Beginner / -65,0 kg"
19216,1068115,"Boys [6 and under] / Intermediate / -24,0 kg"
19216,1068960,"Boys [7-8 years] / Beginner / -24,0 kg"
19216,1068116,"Boys [7-8 years] / Intermediate / -24,0 kg"
19216,1068117,"Boys [7-8 years] / Intermediate / -28,0 kg"
19216,1068120,"Boys [9-10 years] / Beginner / -32,0 kg"
19216,1068109,"Boys [9-10 years] / Beginner / -36,0 kg"
19216,1068119,"Boys [9-10 years] / Beginner / -40,0 kg"
19216,1068107,"Boys [9-10 years] / Beginner / -44,0 kg"
19216,1068125,"Boys [11-12 years] / Beginner / -32,0 kg"
19216,1068122,"Boys [11-12 years] / Beginner / -40,0 kg"
19216,1068124,"Boys [11-12 years] / Beginner / -44,0 kg"
19216,1068126,"Boys [11-12 years] / Beginner / -48,0 kg"
19216,1068123,"Boys [11-12 years] / Beginner / +52,0 kg"
19216,1068118,"Boys [11-12 years] / Intermediate / -36,0 kg"
19216,1068127,"Boys [11-12 years] / Intermediate / +52,0 kg"
19216,1068130,"Boys [13-14 years] / Beginner / -60,0 kg"
19216,1068133,"Boys [13-14 years] / Beginner / +65,0 kg"
19216,1068132,"Boys [13-14 years] / Intermediate / -45,0 kg"
19216,1068131,"Boys [13-14 years] / Intermediate / -50,0 kg"
19216,1068135,"Boys [13-14 years] / Intermediate / +65,0 kg"
19216,1068128,"Boys [13-14 years] / Advanced / -50,0 kg"
19216,1068134,"Boys [13-14 years] / Advanced / -60,0 kg"
19216,1068144,"Boys [15-17 years] / Beginner / -55,0 kg"
19216,1068138,"Boys [15-17 years] / Beginner / -60,0 kg"
19216,1068142,"Boys [15-17 years] / Beginner / -65,0 kg"
19216,1068143,"Boys [15-17 years] / Beginner / -70,0 kg"
19216,1068141,"Boys [15-17 years] / Advanced / -60,0 kg"
19216,1068139,"Boys [15-17 years] / Advanced / -65,0 kg"
19216,1068140,"Boys [15-17 years] / Advanced / -75,0 kg"
18527,1042629,"Men / Adult (age 15+) / Beginner / -55,0 kg"
18527,1042624,"Men / Adult (age 15+) / Beginner / -60,0 kg"
18527,1042627,"Men / Adult (age 15+) / Beginner / -65,0 kg"
18527,1042623,"Men / Adult (age 15+) / Beginner / -70,0 kg"
18527,1042622,"Men / Adult (age 15+) / Beginner / -76,0 kg"
18527,1042626,"Men / Adult (age 15+) / Beginner / -83,0 kg"
18527,1042628,"Men / Adult (age 15+) / Beginner / -91,0 kg"
18527,1042625,"Men / Adult (age 15+) / Beginner / -100,0 kg"
18527,1042621,"Men / Adult (age 15+) / Beginner / +100,0 kg"
18527,1042647,"Men / Adult (age 15+) / Intermediate / -60,0 kg"
18527,1042646,"Men / Adult (age 15+) / Intermediate / -65,0 kg"
18527,1042648,"Men / Adult (age 15+) / Intermediate / -70,0 kg"
18527,1042645,"Men / Adult (age 15+) / Intermediate / -76,0 kg"
18527,1042642,"Men / Adult (age 15+) / Intermediate / -83,0 kg"
18527,1042643,"Men / Adult (age 15+) / Intermediate / -91,0 kg"
18527,1042644,"Men / Adult (age 15+) / Intermediate / -100,0 kg"
18527,1042649,"Men / Adult (age 15+) / Intermediate / +100,0 kg"
18527,1042661,"Men / Adult (age 15+) / Advanced / -55,0 kg"
18527,1042655,"Men / Adult (age 15+) / Advanced / -60,0 kg"
18527,1042653,"Men / Adult (age 15+) / Advanced / -65,0 kg"
18527,1042659,"Men / Adult (age 15+) / Advanced / -70,0 kg"
18527,1042657,"Men / Adult (age 15+) / Advanced / -76,0 kg"
18527,1042656,"Men / Adult (age 15+) / Advanced / -83,0 kg"
18527,1042658,"Men / Adult (age 15+) / Advanced / -91,0 kg"
18527,1042654,"Men / Adult (age 15+) / Advanced / -100,0 kg"
18527,1042660,"Men / Adult (age 15+) / Advanced / +100,0 kg"
18527,1042620,"Men / Master (age 35+) / Beginner / -76,0 kg"
18527,1042617,"Men / Master (age 35+) / Beginner / -83,0 kg"
18527,1042618,"Men / Master (age 35+) / Beginner / -91,0 kg"
18527,1042619,"Men / Master (age 35+) / Beginner / +100,0 kg"
18527,1042637,"Men / Master (age 35+) / Intermediate / -70,0 kg"
18527,1042638,"Men / Master (age 35+) / Intermediate / -76,0 kg"
18527,1042870,"Men / Master (age 35+) / Intermediate / -91,0 kg"
18527,1042636,"Men / Master (age 35+) / Intermediate / -100,0 kg"
18527,1042640,"Men / Master (age 35+) / Intermediate / +100,0 kg"
18527,1042903,"Men / Master (age 35+) / Advanced / -76,0 kg"
18527,1042902,"Men / Master (age 35+) / Advanced / -83,0 kg"
18527,1042901,"Men / Master (age 35+) / Advanced / -91,0 kg"
18527,1042904,"Men / Master (age 35+) / Advanced / -100,0 kg"
18527,1042630,"Men / Master 2 (age 45+) / Intermediate / -83,0 kg"
18527,1042631,"Men / Master 2 (age 45+) / Intermediate / -91,0 kg"
18527,1042632,"Men / Master 2 (age 45+) / Intermediate / +100,0 kg"
18527,1042651,"Men / Master 2 (age 45+) / Advanced / -76,0 kg"
18527,1042652,"Men / Master 2 (age 45+) / Advanced / -91,0 kg"
18527,1042578,"Women / Adult (age 15+) / Beginner / -50,0 kg"
18527,1044914,"Women / Adult (age 15+) / Beginner / -55,0 kg"
18527,1042581,"Women / Adult (age 15+) / Beginner / -65,0 kg"
18527,1042571,"Women / Adult (age 15+) / Intermediate / -55,0 kg"
18527,1042570,"Women / Adult (age 15+) / Intermediate / -60,0 kg"
18527,1042569,"Women / Adult (age 15+) / Intermediate / -65,0 kg"
18527,1042574,"Women / Adult (age 15+) / Intermediate / -70,0 kg"
18527,1042572,"Women / Adult (age 15+) / Intermediate / +70,0 kg"
18527,1042577,"Women / Adult (age 15+) / Advanced / -50,0 kg"
18527,1042573,"Women / Adult (age 15+) / Advanced / -60,0 kg"
18527,1042575,"Women / Adult (age 15+) / Advanced / -65,0 kg"
18527,1042579,"Women / Adult (age 15+) / Advanced / -70,0 kg"
18527,1042576,"Women / Adult (age 15+) / Advanced / +70,0 kg"
18527,1044065,Men's Absolute / Adult / Advanced
18527,1044066,Women's Absolute / Adult / Advanced
18527,1042667,"Girls [7-8 years] / Beginner / -24,0 kg"
18527,1042668,"Girls [7-8 years] / Intermediate / -28,0 kg"
18527,1042669,"Girls [7-8 years] / Advanced / -28,0 kg"
18527,1042676,"Girls [9-10 years] / Intermediate / -32,0 kg"
18527,1042685,"Girls [9-10 years] / Advanced / -36,0 kg"
18527,1042691,"Girls [11-12 years] / Intermediate / -40,0 kg"
18527,1042692,"Girls [11-12 years] / Intermediate / -48,0 kg"
18527,1042690,"Girls [11-12 years] / Intermediate / -55,0 kg"
18527,1042697,"Girls [11-12 years] / Advanced / -36,0 kg"
18527,1042695,"Girls [11-12 years] / Advanced / -40,0 kg"
18527,1042694,"Girls [11-12 years] / Advanced / -44,0 kg"
18527,1042696,"Girls [11-12 years] / Advanced / -48,0 kg"
18527,1042693,"Girls [11-12 years] / Advanced / -55,0 kg"
18527,1042701,"Girls [13-14 years] / Beginner / +60,0 kg"
18527,1042911,"Girls [13-14 years] / Intermediate / -50,0 kg"
18527,1042910,"Girls [13-14 years] / Intermediate / -55,0 kg"
18527,1042704,"Girls [13-14 years] / Intermediate / +60,0 kg"
18527,1042708,"Girls [13-14 years] / Advanced / -50,0 kg"
18527,1042709,"Girls [13-14 years] / Advanced / -55,0 kg"
18527,1042710,"Girls [13-14 years] / Advanced / -60,0 kg"
18527,1042712,"Girls [15-17 years] / Intermediate / +65,0 kg"
18527,1042720,"Boys [6 and under] / Beginner / -20,0 kg"
18527,1042723,"Boys [6 and under] / Intermediate / -20,0 kg"
18527,1042722,"Boys [6 and under] / Intermediate / -24,0 kg"
18527,1042731,"Boys [7-8 years] / Intermediate / -24,0 kg"
18527,1042733,"Boys [7-8 years] / Intermediate / -28,0 kg"
18527,1042730,"Boys [7-8 years] / Intermediate / -32,0 kg"
18527,1042732,"Boys [7-8 years] / Intermediate / -36,0 kg"
18527,1042737,"Boys [7-8 years] / Advanced / -24,0 kg"
18527,1042736,"Boys [7-8 years] / Advanced / -28,0 kg"
18527,1042738,"Boys [7-8 years] / Advanced / -32,0 kg"
18527,1042741,"Boys [9-10 years] / Beginner / -28,0 kg"
18527,1042740,"Boys [9-10 years] / Beginner / -36,0 kg"
18527,1042755,"Boys [9-10 years] / Intermediate / -28,0 kg"
18527,1042753,"Boys [9-10 years] / Intermediate / -32,0 kg"
18527,1042752,"Boys [9-10 years] / Intermediate / -36,0 kg"
18527,1042754,"Boys [9-10 years] / Intermediate / -40,0 kg"
18527,1042836,"Boys [9-10 years] / Advanced / -28,0 kg"
18527,1042835,"Boys [9-10 years] / Advanced / -32,0 kg"
18527,1042837,"Boys [9-10 years] / Advanced / -40,0 kg"
18527,1042848,"Boys [11-12 years] / Intermediate / -32,0 kg"
18527,1042847,"Boys [11-12 years] / Intermediate / -48,0 kg"
18527,1042849,"Boys [11-12 years] / Intermediate / -52,0 kg"
18527,1042852,"Boys [11-12 years] / Advanced / -32,0 kg"
18527,1042856,"Boys [11-12 years] / Advanced / -36,0 kg"
18527,1042850,"Boys [11-12 years] / Advanced / -40,0 kg"
18527,1042855,"Boys [11-12 years] / Advanced / -44,0 kg"
18527,1042851,"Boys [11-12 years] / Advanced / -48,0 kg"
18527,1042853,"Boys [11-12 years] / Advanced / -52,0 kg"
18527,1042854,"Boys [11-12 years] / Advanced / -55,0 kg"
18527,1042881,"Boys [13-14 years] / Intermediate / -40,0 kg"
18527,1042878,"Boys [13-14 years] / Intermediate / -45,0 kg"
18527,1042877,"Boys [13-14 years] / Intermediate / -50,0 kg"
18527,1042880,"Boys [13-14 years] / Intermediate / -55,0 kg"
18527,1042879,"Boys [13-14 years] / Intermediate / -60,0 kg"
18527,1042888,"Boys [13-14 years] / Advanced / -40,0 kg"
18527,1042886,"Boys [13-14 years] / Advanced / -45,0 kg"
18527,1042887,"Boys [13-14 years] / Advanced / -50,0 kg"
18527,1042882,"Boys [13-14 years] / Advanced / -55,0 kg"
18527,1042883,"Boys [13-14 years] / Advanced / -60,0 kg"
18527,1042884,"Boys [13-14 years] / Advanced / -65,0 kg"
18527,1042885,"Boys [13-14 years] / Advanced / +65,0 kg"
18527,1042874,"Boys [15-17 years] / Beginner / -65,0 kg"
18527,1042890,"Boys [15-17 years] / Beginner / -70,0 kg"
18527,1042875,"Boys [15-17 years] / Beginner / +80,0 kg"
18527,1042892,"Boys [15-17 years] / Intermediate / -70,0 kg"
18527,1042894,"Boys [15-17 years] / Advanced / -50,0 kg"
18527,1042895,"Boys [15-17 years] / Advanced / -55,0 kg"
18527,1042893,"Boys [15-17 years] / Advanced / -60,0 kg"
18527,1042897,"Boys [15-17 years] / Advanced / -65,0 kg"
18527,1042898,"Boys [15-17 years] / Advanced / -70,0 kg"
18527,1042896,"Boys [15-17 years] / Advanced / -80,0 kg"
17278,1016808,"Women / Adult / Intermediate / -50,0 kg"
17278,1016810,"Women / Adult / Intermediate / -55,0 kg"
17278,1016809,"Women / Adult / Intermediate / -60,0 kg"
17278,1016807,"Women / Adult / Intermediate / -65,0 kg"
17278,1016812,"Women / Adult / Intermediate / -70,0 kg"
17278,1016811,"Women / Adult / Intermediate / +70,0 kg"
17278,1016889,"Women / Adult / Advanced / -55,0 kg"
17278,1016887,"Women / Adult / Advanced / -60,0 kg"
17278,1016885,"Women / Adult / Advanced / -65,0 kg"
17278,1016888,"Women / Adult / Advanced / -70,0 kg"
17278,1016886,"Women / Adult / Advanced / +70,0 kg"
17278,1016574,"Women / Masters 35+ / Intermediate / -65,0 kg"
17278,1016670,"Women / Masters 35+ / Advanced / -65,0 kg"
17278,1017564,Women's Absolute / Adult / Advanced
17278,1016892,"Men / Adult / Beginner / -60,0 kg"
17278,1016894,"Men / Adult / Beginner / -70,0 kg"
17278,1016890,"Men / Adult / Beginner / -83,0 kg"
17278,1016891,"Men / Adult / Beginner / -91,0 kg"
17278,1016893,"Men / Adult / Beginner / -100,0 kg"
17278,1016895,"Men / Adult / Beginner / +100,0 kg"
17278,1016908,"Men / Adult / Intermediate / -60,0 kg"
17278,1016902,"Men / Adult / Intermediate / -65,0 kg"
17278,1016905,"Men / Adult / Intermediate / -70,0 kg"
17278,1016901,"Men / Adult / Intermediate / -76,0 kg"
17278,1016903,"Men / Adult / Intermediate / -83,0 kg"
17278,1016904,"Men / Adult / Intermediate / -91,0 kg"
17278,1016907,"Men / Adult / Intermediate / -100,0 kg"
17278,1016906,"Men / Adult / Intermediate / +100,0 kg"
17278,1016953,"Men / Adult / Advanced / -60,0 kg"
17278,1016949,"Men / Adult / Advanced / -65,0 kg"
17278,1016951,"Men / Adult / Advanced / -70,0 kg"
17278,1016952,"Men / Adult / Advanced / -76,0 kg"
17278,1016950,"Men / Adult / Advanced / -83,0 kg"
17278,1016954,"Men / Adult / Advanced / -91,0 kg"
17278,1016956,"Men / Adult / Advanced / -100,0 kg"
17278,1016955,"Men / Adult / Advanced / +100,0 kg"
17278,1016897,"Men / Masters 35+ / Intermediate / -83,0 kg"
17278,1016899,"Men / Masters 35+ / Intermediate / -91,0 kg"
17278,1016900,"Men / Masters 35+ / Intermediate / -100,0 kg"
17278,1016898,"Men / Masters 35+ / Intermediate / +100,0 kg"
17278,1016948,"Men / Masters 35+ / Advanced / -65,0 kg"
17278,1016943,"Men / Masters 35+ / Advanced / -70,0 kg"
17278,1016944,"Men / Masters 35+ / Advanced / -76,0 kg"
17278,1016945,"Men / Masters 35+ / Advanced / -83,0 kg"
17278,1016942,"Men / Masters 35+ / Advanced / -91,0 kg"
17278,1016946,"Men / Masters 35+ / Advanced / -100,0 kg"
17278,1016947,"Men / Masters 35+ / Advanced / +100,0 kg"
17278,1021142,Men's Absolute / Adult / Advanced
17278,1016958,"Girls [7-8 years] / Intermediate / -24,0 kg"
17278,1016959,"Girls [7-8 years] / Intermediate / -32,0 kg"
17278,1016960,"Girls [7-8 years] / Intermediate / -36,0 kg"
17278,1016990,"Girls [9-10 years] / Intermediate  / -28,0 kg"
17278,1016989,"Girls [9-10 years] / Intermediate  / -32,0 kg"
17278,1016988,"Girls [9-10 years] / Intermediate  / -36,0 kg"
17278,1016993,"Girls [9-10 years] / Intermediate  / -48,0 kg"
17278,1020527,"Girls [9-10 years] / Advanced / -28,0 kg"
17278,1020532,"Girls [9-10 years] / Advanced / -32,0 kg"
17278,1016992,"Girls [9-10 years] / Advanced / -36,0 kg"
17278,1016991,"Girls [9-10 years] / Advanced / -40,0 kg"
17278,1017170,"Girls [11-12 years] / Intermediate / -36,0 kg"
17278,1017171,"Girls [11-12 years] / Intermediate / -40,0 kg"
17278,1017172,"Girls [11-12 years] / Intermediate / -52,0 kg"
17278,1017008,"Girls [11-12 years] / Advanced / -36,0 kg"
17278,1017007,"Girls [11-12 years] / Advanced / -40,0 kg"
17278,1017009,"Girls [11-12 years] / Advanced / -44,0 kg"
17278,1017004,"Girls [11-12 years] / Advanced / -48,0 kg"
17278,1017006,"Girls [11-12 years] / Advanced / -52,0 kg"
17278,1017005,"Girls [11-12 years] / Advanced / +52,0 kg"
17278,1017013,"Girls [13-14 years] / Beginner / -60,0 kg"
17278,1017010,"Girls [13-14 years] / Intermediate / -45,0 kg"
17278,1017011,"Girls [13-14 years] / Intermediate / -50,0 kg"
17278,1017012,"Girls [13-14 years] / Intermediate / -55,0 kg"
17278,1017014,"Girls [13-14 years] / Advanced / -45,0 kg"
17278,1017016,"Girls [13-14 years] / Advanced / -50,0 kg"
17278,1017017,"Girls [13-14 years] / Advanced / -55,0 kg"
17278,1017015,"Girls [13-14 years] / Advanced / -60,0 kg"
17278,1017021,"Girls [15-17 years] / Advanced / -50,0 kg"
17278,1017020,"Girls [15-17 years] / Advanced / -55,0 kg"
17278,1017019,"Girls [15-17 years] / Advanced / -60,0 kg"
17278,1017018,"Girls [15-17 years] / Advanced / -65,0 kg"
17278,1017022,"Girls [15-17 years] / Advanced / +65,0 kg"
17278,1017025,"Boys [6 and under] / Beginner / -28,0 kg"
17278,1017023,"Boys [6 and under] / Intermediate / -20,0 kg"
17278,1017024,"Boys [6 and under] / Intermediate / -24,0 kg"
17278,1017026,"Boys [6 and under] / Advanced / -20,0 kg"
17278,1017033,"Boys [7-8 years] / Intermediate / -24,0 kg"
17278,1017034,"Boys [7-8 years] / Intermediate / -28,0 kg"
17278,1017029,"Boys [7-8 years] / Intermediate / -32,0 kg"
17278,1017028,"Boys [7-8 years] / Intermediate / -36,0 kg"
17278,1017031,"Boys [7-8 years] / Intermediate / -40,0 kg"
17278,1017030,"Boys [7-8 years] / Advanced / -32,0 kg"
17278,1017032,"Boys [7-8 years] / Advanced / -40,0 kg"
17278,1017035,"Boys [9-10 years] / Intermediate / -28,0 kg"
17278,1017038,"Boys [9-10 years] / Intermediate / -32,0 kg"
17278,1017037,"Boys [9-10 years] / Intermediate / -36,0 kg"
17278,1017036,"Boys [9-10 years] / Intermediate / -40,0 kg"
17278,1017039,"Boys [9-10 years] / Intermediate / +48,0 kg"
17278,1017063,"Boys [9-10 years] / Advanced / -28,0 kg"
17278,1017064,"Boys [9-10 years] / Advanced / -32,0 kg"
17278,1017065,"Boys [9-10 years] / Advanced / -36,0 kg"
17278,1017066,"Boys [9-10 years] / Advanced / -40,0 kg"
17278,1017069,"Boys [9-10 years] / Advanced / -44,0 kg"
17278,1017068,"Boys [9-10 years] / Advanced / -48,0 kg"
17278,1017067,"Boys [9-10 years] / Advanced / +48,0 kg"
17278,1017071,"Boys [11-12 years] / Beginner / -40,0 kg"
17278,1017074,"Boys [11-12 years] / Intermediate / -32,0 kg"
17278,1017073,"Boys [11-12 years] / Intermediate / -36,0 kg"
17278,1017076,"Boys [11-12 years] / Intermediate / -40,0 kg"
17278,1017075,"Boys [11-12 years] / Intermediate / -44,0 kg"
17278,1017077,"Boys [11-12 years] / Intermediate / -48,0 kg"
17278,1017078,"Boys [11-12 years] / Intermediate / -52,0 kg"
17278,1017079,"Boys [11-12 years] / Intermediate / +52,0 kg"
17278,1017081,"Boys [11-12 years] / Advanced / -36,0 kg"
17278,1017083,"Boys [11-12 years] / Advanced / -40,0 kg"
17278,1017082,"Boys [11-12 years] / Advanced / -44,0 kg"
17278,1017080,"Boys [11-12 years] / Advanced / -48,0 kg"
17278,1017084,"Boys [11-12 years] / Advanced / -52,0 kg"
17278,1017085,"Boys [11-12 years] / Advanced / +52,0 kg"
17278,1017087,"Boys [13-14 years] / Beginner / -55,0 kg"
17278,1017089,"Boys [13-14 years] / Intermediate / -40,0 kg"
17278,1017091,"Boys [13-14 years] / Intermediate / -50,0 kg"
17278,1017090,"Boys [13-14 years] / Intermediate / -55,0 kg"
17278,1017093,"Boys [13-14 years] / Intermediate / -60,0 kg"
17278,1017088,"Boys [13-14 years] / Intermediate / -65,0 kg"
17278,1017092,"Boys [13-14 years] / Intermediate / +65,0 kg"
17278,1017096,"Boys [13-14 years] / Advanced / -40,0 kg"
17278,1017094,"Boys [13-14 years] / Advanced / -50,0 kg"
17278,1017095,"Boys [13-14 years] / Advanced / -55,0 kg"
17278,1017097,"Boys [13-14 years] / Advanced / -60,0 kg"
17278,1017099,"Boys [13-14 years] / Advanced / -65,0 kg"
17278,1017098,"Boys [13-14 years] / Advanced / +65,0 kg"
17278,1017141,"Boys [15-17 years] / Beginner / -60,0 kg"
17278,1017138,"Boys [15-17 years] / Beginner / -65,0 kg"
17278,1017139,"Boys [15-17 years] / Beginner / -70,0 kg"
17278,1017140,"Boys [15-17 years] / Beginner / -75,0 kg"
17278,1017142,"Boys [15-17 years] / Beginner / +80,0 kg"
17278,1017150,"Boys [15-17 years] / Intermediate / -55,0 kg"
17278,1017149,"Boys [15-17 years] / Intermediate / -60,0 kg"
17278,1017152,"Boys [15-17 years] / Intermediate / -65,0 kg"
17278,1017151,"Boys [15-17 years] / Intermediate / +80,0 kg"
17278,1017155,"Boys [15-17 years] / Advanced / -50,0 kg"
17278,1017160,"Boys [15-17 years] / Advanced / -55,0 kg"
17278,1017158,"Boys [15-17 years] / Advanced / -60,0 kg"
17278,1017156,"Boys [15-17 years] / Advanced / -65,0 kg"
17278,1017157,"Boys [15-17 years] / Advanced / -70,0 kg"
17278,1017153,"Boys [15-17 years] / Advanced / -75,0 kg"
17278,1017159,"Boys [15-17 years] / Advanced / -80,0 kg"
17278,1017154,"Boys [15-17 years] / Advanced / +80,0 kg"
17198,1003097,"Men / Adult (age 15+) / Beginner / -60,0 kg"
17198,1003091,"Men / Adult (age 15+) / Beginner / -65,0 kg"
17198,1003096,"Men / Adult (age 15+) / Beginner / -70,0 kg"
17198,1003094,"Men / Adult (age 15+) / Beginner / -76,0 kg"
17198,1003090,"Men / Adult (age 15+) / Beginner / -83,0 kg"
17198,1003092,"Men / Adult (age 15+) / Beginner / -91,0 kg"
17198,1003093,"Men / Adult (age 15+) / Beginner / -100,0 kg"
17198,1003095,"Men / Adult (age 15+) / Beginner / +100,0 kg"
17198,1003131,"Men / Adult (age 15+) / Intermediate / -55,0 kg"
17198,1003127,"Men / Adult (age 15+) / Intermediate / -60,0 kg"
17198,1003128,"Men / Adult (age 15+) / Intermediate / -65,0 kg"
17198,1003124,"Men / Adult (age 15+) / Intermediate / -70,0 kg"
17198,1003123,"Men / Adult (age 15+) / Intermediate / -76,0 kg"
17198,1003125,"Men / Adult (age 15+) / Intermediate / -83,0 kg"
17198,1003126,"Men / Adult (age 15+) / Intermediate / -91,0 kg"
17198,1003129,"Men / Adult (age 15+) / Intermediate / -100,0 kg"
17198,1003130,"Men / Adult (age 15+) / Intermediate / +100,0 kg"
17198,1003173,"Men / Adult (age 15+) / Advanced / -60,0 kg"
17198,1003171,"Men / Adult (age 15+) / Advanced / -65,0 kg"
17198,1003170,"Men / Adult (age 15+) / Advanced / -70,0 kg"
17198,1003175,"Men / Adult (age 15+) / Advanced / -76,0 kg"
17198,1003174,"Men / Adult (age 15+) / Advanced / -83,0 kg"
17198,1003176,"Men / Adult (age 15+) / Advanced / -91,0 kg"
17198,1003172,"Men / Adult (age 15+) / Advanced / -100,0 kg"
17198,1003177,"Men / Adult (age 15+) / Advanced / +100,0 kg"
17198,1003089,"Men / Master (age 35+) / Beginner / -70,0 kg"
17198,1003088,"Men / Master (age 35+) / Beginner / -91,0 kg"
17198,1003107,"Men / Master (age 35+) / Intermediate / -65,0 kg"
17198,1003103,"Men / Master (age 35+) / Intermediate / -70,0 kg"
17198,1003104,"Men / Master (age 35+) / Intermediate / -76,0 kg"
17198,1003105,"Men / Master (age 35+) / Intermediate / -83,0 kg"
17198,1003106,"Men / Master (age 35+) / Intermediate / -91,0 kg"
17198,1003101,"Men / Master (age 35+) / Intermediate / -100,0 kg"
17198,1003102,"Men / Master (age 35+) / Intermediate / +100,0 kg"
17198,1003144,"Men / Master (age 35+) / Advanced / -65,0 kg"
17198,1003140,"Men / Master (age 35+) / Advanced / -70,0 kg"
17198,1003141,"Men / Master (age 35+) / Advanced / -76,0 kg"
17198,1003138,"Men / Master (age 35+) / Advanced / -83,0 kg"
17198,1003143,"Men / Master (age 35+) / Advanced / -91,0 kg"
17198,1003142,"Men / Master (age 35+) / Advanced / -100,0 kg"
17198,1003139,"Men / Master (age 35+) / Advanced / +100,0 kg"
17198,1003098,"Men / Master 2 (age 45+) / Intermediate / -76,0 kg"
17198,1003099,"Men / Master 2 (age 45+) / Intermediate / -91,0 kg"
17198,1003100,"Men / Master 2 (age 45+) / Intermediate / -100,0 kg"
17198,1003137,"Men / Master 2 (age 45+) / Advanced / -70,0 kg"
17198,1003132,"Men / Master 2 (age 45+) / Advanced / -76,0 kg"
17198,1003136,"Men / Master 2 (age 45+) / Advanced / -83,0 kg"
17198,1003134,"Men / Master 2 (age 45+) / Advanced / -91,0 kg"
17198,1003135,"Men / Master 2 (age 45+) / Advanced / -100,0 kg"
17198,1003133,"Men / Master 2 (age 45+) / Advanced / +100,0 kg"
17198,1003057,"Women / Adult (age 15+) / Beginner / -55,0 kg"
17198,1003058,"Women / Adult (age 15+) / Beginner / -60,0 kg"
17198,1003059,"Women / Adult (age 15+) / Beginner / -65,0 kg"
17198,1003066,"Women / Adult (age 15+) / Intermediate / -50,0 kg"
17198,1003064,"Women / Adult (age 15+) / Intermediate / -55,0 kg"
17198,1003065,"Women / Adult (age 15+) / Intermediate / -60,0 kg"
17198,1003062,"Women / Adult (age 15+) / Intermediate / -65,0 kg"
17198,1003063,"Women / Adult (age 15+) / Intermediate / -70,0 kg"
17198,1003061,"Women / Adult (age 15+) / Intermediate / +70,0 kg"
17198,1003080,"Women / Adult (age 15+) / Advanced / -50,0 kg"
17198,1003081,"Women / Adult (age 15+) / Advanced / -55,0 kg"
17198,1003083,"Women / Adult (age 15+) / Advanced / -60,0 kg"
17198,1003079,"Women / Adult (age 15+) / Advanced / -65,0 kg"
17198,1003082,"Women / Adult (age 15+) / Advanced / -70,0 kg"
17198,1003078,"Women / Adult (age 15+) / Advanced / +70,0 kg"
17198,1003060,"Women / Master (age 35+) / Intermediate / -60,0 kg"
17198,1005284,Men's Absolute / Adult / Advanced
17198,1005293,Women's Absolute / Adult / Advanced
17198,1003195,"Girls [6 and under] / Intermediate / -28,0 kg"
17198,1003198,"Girls [7-8 years] / Beginner / -24,0 kg"
17198,1003199,"Girls [7-8 years] / Beginner / -28,0 kg"
17198,1003201,"Girls [7-8 years] / Intermediate / -24,0 kg"
17198,1003200,"Girls [7-8 years] / Intermediate / -28,0 kg"
17198,1003203,"Girls [7-8 years] / Advanced / -24,0 kg"
17198,1003204,"Girls [7-8 years] / Advanced / -28,0 kg"
17198,1003206,"Girls [9-10 years] / Intermediate / -28,0 kg"
17198,1003208,"Girls [9-10 years] / Intermediate / -32,0 kg"
17198,1003207,"Girls [9-10 years] / Intermediate / -36,0 kg"
17198,1003205,"Girls [9-10 years] / Intermediate / -44,0 kg"
17198,1004860,"Girls [9-10 years] / Advanced / -36,0 kg"
17198,1004861,"Girls [9-10 years] / Advanced / -44,0 kg"
17198,1003214,"Girls [11-12 years] / Intermediate / -32,0 kg"
17198,1003213,"Girls [11-12 years] / Intermediate / -36,0 kg"
17198,1003212,"Girls [11-12 years] / Intermediate / -40,0 kg"
17198,1003210,"Girls [11-12 years] / Intermediate / -44,0 kg"
17198,1003209,"Girls [11-12 years] / Intermediate / -52,0 kg"
17198,1003211,"Girls [11-12 years] / Intermediate / -55,0 kg"
17198,1003219,"Girls [11-12 years] / Advanced / -32,0 kg"
17198,1003218,"Girls [11-12 years] / Advanced / -36,0 kg"
17198,1003216,"Girls [11-12 years] / Advanced / -44,0 kg"
17198,1003220,"Girls [11-12 years] / Advanced / -48,0 kg"
17198,1003217,"Girls [11-12 years] / Advanced / -52,0 kg"
17198,1003215,"Girls [11-12 years] / Advanced / +55,0 kg"
17198,1003221,"Girls [13-14 years] / Beginner / -45,0 kg"
17198,1003222,"Girls [13-14 years] / Beginner / -50,0 kg"
17198,1003225,"Girls [13-14 years] / Intermediate / -45,0 kg"
17198,1003226,"Girls [13-14 years] / Intermediate / -50,0 kg"
17198,1003227,"Girls [13-14 years] / Intermediate / -55,0 kg"
17198,1003224,"Girls [13-14 years] / Intermediate / -60,0 kg"
17198,1003223,"Girls [13-14 years] / Intermediate / +60,0 kg"
17198,1003241,"Girls [13-14 years] / Advanced / -45,0 kg"
17198,1003244,"Girls [13-14 years] / Advanced / -50,0 kg"
17198,1003243,"Girls [13-14 years] / Advanced / -55,0 kg"
17198,1003242,"Girls [13-14 years] / Advanced / -60,0 kg"
17198,1003240,"Girls [13-14 years] / Advanced / +60,0 kg"
17198,1003258,"Girls [15-17 years] / Beginner / -60,0 kg"
17198,1003263,"Girls [15-17 years] / Advanced / -50,0 kg"
17198,1003259,"Girls [15-17 years] / Advanced / -55,0 kg"
17198,1003260,"Girls [15-17 years] / Advanced / -60,0 kg"
17198,1003262,"Girls [15-17 years] / Advanced / -65,0 kg"
17198,1003261,"Girls [15-17 years] / Advanced / +65,0 kg"
17198,1003265,"Boys [6 and under] / Beginner / -24,0 kg"
17198,1003346,"Boys [6 and under] / Intermediate / -20,0 kg"
17198,1003347,"Boys [6 and under] / Intermediate / -24,0 kg"
17198,1003348,"Boys [6 and under] / Intermediate / -28,0 kg"
17198,1003269,"Boys [7-8 years] / Beginner / -24,0 kg"
17198,1003270,"Boys [7-8 years] / Beginner / -28,0 kg"
17198,1003271,"Boys [7-8 years] / Beginner / -36,0 kg"
17198,1003272,"Boys [7-8 years] / Intermediate / -24,0 kg"
17198,1003275,"Boys [7-8 years] / Intermediate / -28,0 kg"
17198,1003273,"Boys [7-8 years] / Intermediate / -32,0 kg"
17198,1003274,"Boys [7-8 years] / Intermediate / -36,0 kg"
17198,1003276,"Boys [7-8 years] / Intermediate / -40,0 kg"
17198,1003283,"Boys [7-8 years] / Advanced / -24,0 kg"
17198,1003279,"Boys [7-8 years] / Advanced / -28,0 kg"
17198,1003280,"Boys [7-8 years] / Advanced / -32,0 kg"
17198,1003282,"Boys [7-8 years] / Advanced / -36,0 kg"
17198,1003284,"Boys [7-8 years] / Advanced / -40,0 kg"
17198,1003292,"Boys [9-10 years] / Beginner / -28,0 kg"
17198,1003291,"Boys [9-10 years] / Beginner / -32,0 kg"
17198,1003293,"Boys [9-10 years] / Beginner / -36,0 kg"
17198,1003300,"Boys [9-10 years] / Intermediate / -24,0 kg"
17198,1003296,"Boys [9-10 years] / Intermediate / -28,0 kg"
17198,1003297,"Boys [9-10 years] / Intermediate / -32,0 kg"
17198,1003299,"Boys [9-10 years] / Intermediate / -36,0 kg"
17198,1003298,"Boys [9-10 years] / Intermediate / -40,0 kg"
17198,1003281,"Boys [9-10 years] / Intermediate / -48,0 kg"
17198,1003306,"Boys [9-10 years] / Advanced / -24,0 kg"
17198,1003305,"Boys [9-10 years] / Advanced / -28,0 kg"
17198,1003303,"Boys [9-10 years] / Advanced / -32,0 kg"
17198,1003304,"Boys [9-10 years] / Advanced / -36,0 kg"
17198,1003307,"Boys [9-10 years] / Advanced / -40,0 kg"
17198,1003313,"Boys [11-12 years] / Intermediate / -28,0 kg"
17198,1003311,"Boys [11-12 years] / Intermediate / -32,0 kg"
17198,1003312,"Boys [11-12 years] / Intermediate / -36,0 kg"
17198,1003309,"Boys [11-12 years] / Intermediate / -44,0 kg"
17198,1003314,"Boys [11-12 years] / Intermediate / -48,0 kg"
17198,1003308,"Boys [11-12 years] / Intermediate / -52,0 kg"
17198,1003310,"Boys [11-12 years] / Intermediate / -55,0 kg"
17198,1003323,"Boys [11-12 years] / Advanced / -28,0 kg"
17198,1003319,"Boys [11-12 years] / Advanced / -32,0 kg"
17198,1003316,"Boys [11-12 years] / Advanced / -36,0 kg"
17198,1003321,"Boys [11-12 years] / Advanced / -40,0 kg"
17198,1003320,"Boys [11-12 years] / Advanced / -44,0 kg"
17198,1003315,"Boys [11-12 years] / Advanced / -48,0 kg"
17198,1003318,"Boys [11-12 years] / Advanced / -52,0 kg"
17198,1003322,"Boys [11-12 years] / Advanced / -55,0 kg"
17198,1003317,"Boys [11-12 years] / Advanced / +55,0 kg"
17198,1003327,"Boys [13-14 years] / Intermediate / -40,0 kg"
17198,1003330,"Boys [13-14 years] / Intermediate / -45,0 kg"
17198,1003324,"Boys [13-14 years] / Intermediate / -50,0 kg"
17198,1003325,"Boys [13-14 years] / Intermediate / -55,0 kg"
17198,1003329,"Boys [13-14 years] / Intermediate / -60,0 kg"
17198,1003328,"Boys [13-14 years] / Intermediate / -65,0 kg"
17198,1003326,"Boys [13-14 years] / Intermediate / +65,0 kg"
17198,1003332,"Boys [13-14 years] / Advanced / -40,0 kg"
17198,1003336,"Boys [13-14 years] / Advanced / -45,0 kg"
17198,1003337,"Boys [13-14 years] / Advanced / -50,0 kg"
17198,1003335,"Boys [13-14 years] / Advanced / -55,0 kg"
17198,1003334,"Boys [13-14 years] / Advanced / -60,0 kg"
17198,1003333,"Boys [13-14 years] / Advanced / -65,0 kg"
17198,1003331,"Boys [13-14 years] / Advanced / +65,0 kg"
17198,1003338,"Boys [15-17 years] / Intermediate / -55,0 kg"
17198,1003339,"Boys [15-17 years] / Intermediate / -75,0 kg"
17198,1003341,"Boys [15-17 years] / Advanced / -50,0 kg"
17198,1003344,"Boys [15-17 years] / Advanced / -55,0 kg"
17198,1003342,"Boys [15-17 years] / Advanced / -60,0 kg"
17198,1003343,"Boys [15-17 years] / Advanced / -65,0 kg"
17198,1003340,"Boys [15-17 years] / Advanced / -75,0 kg"
17198,1003345,"Boys [15-17 years] / Advanced / +80,0 kg"
17265,990223,"Women / Adult / Intermediate / -55,0 kg"
17265,990219,"Women / Adult / Intermediate / -60,0 kg"
17265,990220,"Women / Adult / Intermediate / -65,0 kg"
17265,990221,"Women / Adult / Intermediate / -70,0 kg"
17265,990222,"Women / Adult / Intermediate / +70,0 kg"
17265,990218,"Women / Adult / Advanced / -65,0 kg"
17265,990224,"Women / Adult / Advanced / -70,0 kg"
17265,991220,Women's Absolute / Adult / Advanced
17265,990237,"Men / Adult / Beginner / -60,0 kg"
17265,990243,"Men / Adult / Beginner / -65,0 kg"
17265,990239,"Men / Adult / Beginner / -70,0 kg"
17265,990242,"Men / Adult / Beginner / -76,0 kg"
17265,990236,"Men / Adult / Beginner / -83,0 kg"
17265,990241,"Men / Adult / Beginner / -91,0 kg"
17265,990240,"Men / Adult / Beginner / -100,0 kg"
17265,990238,"Men / Adult / Beginner / +100,0 kg"
17265,990244,"Men / Adult / Intermediate / -60,0 kg"
17265,990249,"Men / Adult / Intermediate / -65,0 kg"
17265,990248,"Men / Adult / Intermediate / -70,0 kg"
17265,990247,"Men / Adult / Intermediate / -76,0 kg"
17265,990245,"Men / Adult / Intermediate / -83,0 kg"
17265,990246,"Men / Adult / Intermediate / -91,0 kg"
17265,990250,"Men / Adult / Intermediate / -100,0 kg"
17265,990251,"Men / Adult / Intermediate / +100,0 kg"
17265,990252,"Men / Adult / Advanced / -60,0 kg"
17265,990253,"Men / Adult / Advanced / -65,0 kg"
17265,990258,"Men / Adult / Advanced / -70,0 kg"
17265,990255,"Men / Adult / Advanced / -76,0 kg"
17265,990254,"Men / Adult / Advanced / -83,0 kg"
17265,990259,"Men / Adult / Advanced / -91,0 kg"
17265,990257,"Men / Adult / Advanced / -100,0 kg"
17265,990256,"Men / Adult / Advanced / +100,0 kg"
17265,990225,"Men / Masters 35+ / Beginner / -76,0 kg"
17265,990228,"Men / Masters 35+ / Intermediate / -70,0 kg"
17265,990226,"Men / Masters 35+ / Intermediate / -91,0 kg"
17265,990980,"Men / Masters 35+ / Intermediate / -100,0 kg"
17265,990227,"Men / Masters 35+ / Intermediate / +100,0 kg"
17265,990234,"Men / Masters 35+ / Advanced / -60,0 kg"
17265,990229,"Men / Masters 35+ / Advanced / -70,0 kg"
17265,990235,"Men / Masters 35+ / Advanced / -76,0 kg"
17265,990230,"Men / Masters 35+ / Advanced / -83,0 kg"
17265,990232,"Men / Masters 35+ / Advanced / -91,0 kg"
17265,990231,"Men / Masters 35+ / Advanced / -100,0 kg"
17265,990233,"Men / Masters 35+ / Advanced / +100,0 kg"
17265,991221,Men's Absolute / Adult / Advanced
17265,990979,"Girls [6 and under] / Intermediate / -28,0 kg"
17265,990294,"Girls [7-8 years] / Intermediate / -24,0 kg"
17265,990296,"Girls [7-8 years] / Intermediate / -28,0 kg"
17265,990295,"Girls [7-8 years] / Intermediate / -32,0 kg"
17265,990286,"Girls [9-10 years] / Beginner / -48,0 kg"
17265,990288,"Girls [9-10 years] / Intermediate  / -28,0 kg"
17265,990291,"Girls [9-10 years] / Intermediate  / -32,0 kg"
17265,990290,"Girls [9-10 years] / Intermediate  / -36,0 kg"
17265,990292,"Girls [9-10 years] / Advanced / -28,0 kg"
17265,990289,"Girls [9-10 years] / Advanced / -32,0 kg"
17265,990285,"Girls [9-10 years] / Advanced / -36,0 kg"
17265,990287,"Girls [9-10 years] / Advanced / -40,0 kg"
17265,990279,"Girls [11-12 years] / Intermediate / -36,0 kg"
17265,990284,"Girls [11-12 years] / Intermediate / -40,0 kg"
17265,990280,"Girls [11-12 years] / Intermediate / -44,0 kg"
17265,990276,"Girls [11-12 years] / Advanced / -40,0 kg"
17265,990278,"Girls [11-12 years] / Advanced / -44,0 kg"
17265,990283,"Girls [11-12 years] / Advanced / -48,0 kg"
17265,990277,"Girls [11-12 years] / Advanced / +52,0 kg"
17265,990273,"Girls [13-14 years] / Intermediate / -55,0 kg"
17265,990274,"Girls [13-14 years] / Advanced / -50,0 kg"
17265,990981,"Girls [13-14 years] / Advanced / -60,0 kg"
17265,990275,"Girls [13-14 years] / Advanced / +60,0 kg"
17265,990272,"Girls [15-17 years] / Advanced / -55,0 kg"
17265,990270,"Girls [15-17 years] / Advanced / -65,0 kg"
17265,990271,"Girls [15-17 years] / Advanced / +65,0 kg"
17265,990299,"Boys [6 and under] / Beginner / -24,0 kg"
17265,990297,"Boys [6 and under] / Intermediate / -20,0 kg"
17265,990301,"Boys [7-8 years] / Beginner / -24,0 kg"
17265,990302,"Boys [7-8 years] / Beginner / -32,0 kg"
17265,990306,"Boys [7-8 years] / Intermediate / -24,0 kg"
17265,990304,"Boys [7-8 years] / Intermediate / -28,0 kg"
17265,990303,"Boys [7-8 years] / Intermediate / -32,0 kg"
17265,990307,"Boys [7-8 years] / Intermediate / -36,0 kg"
17265,990293,"Boys [7-8 years] / Intermediate / -40,0 kg"
17265,990308,"Boys [7-8 years] / Advanced / -32,0 kg"
17265,990313,"Boys [9-10 years] / Intermediate / -28,0 kg"
17265,990310,"Boys [9-10 years] / Intermediate / -32,0 kg"
17265,990311,"Boys [9-10 years] / Intermediate / -36,0 kg"
17265,990312,"Boys [9-10 years] / Intermediate / -40,0 kg"
17265,990314,"Boys [9-10 years] / Intermediate / -48,0 kg"
17265,990978,"Boys [9-10 years] / Advanced / -28,0 kg"
17265,990318,"Boys [9-10 years] / Advanced / -32,0 kg"
17265,990305,"Boys [9-10 years] / Advanced / -36,0 kg"
17265,990315,"Boys [9-10 years] / Advanced / -40,0 kg"
17265,990316,"Boys [9-10 years] / Advanced / -44,0 kg"
17265,990329,"Boys [11-12 years] / Beginner / -44,0 kg"
17265,990328,"Boys [11-12 years] / Intermediate / -32,0 kg"
17265,990323,"Boys [11-12 years] / Intermediate / -36,0 kg"
17265,990326,"Boys [11-12 years] / Intermediate / -40,0 kg"
17265,990327,"Boys [11-12 years] / Intermediate / -44,0 kg"
17265,990331,"Boys [11-12 years] / Intermediate / -48,0 kg"
17265,990281,"Boys [11-12 years] / Intermediate / -52,0 kg"
17265,990330,"Boys [11-12 years] / Intermediate / +52,0 kg"
17265,990977,"Boys [11-12 years] / Advanced / -32,0 kg"
17265,990325,"Boys [11-12 years] / Advanced / -36,0 kg"
17265,990324,"Boys [11-12 years] / Advanced / -40,0 kg"
17265,990320,"Boys [11-12 years] / Advanced / -44,0 kg"
17265,990317,"Boys [11-12 years] / Advanced / -48,0 kg"
17265,990321,"Boys [11-12 years] / Advanced / -52,0 kg"
17265,990322,"Boys [11-12 years] / Advanced / +52,0 kg"
17265,990338,"Boys [13-14 years] / Intermediate / -40,0 kg"
17265,990335,"Boys [13-14 years] / Intermediate / -45,0 kg"
17265,990336,"Boys [13-14 years] / Intermediate / -50,0 kg"
17265,990337,"Boys [13-14 years] / Intermediate / -55,0 kg"
17265,990343,"Boys [13-14 years] / Intermediate / -60,0 kg"
17265,990342,"Boys [13-14 years] / Intermediate / -65,0 kg"
17265,990333,"Boys [13-14 years] / Intermediate / +65,0 kg"
17265,990341,"Boys [13-14 years] / Advanced / -45,0 kg"
17265,990334,"Boys [13-14 years] / Advanced / -50,0 kg"
17265,990340,"Boys [13-14 years] / Advanced / -55,0 kg"
17265,990339,"Boys [13-14 years] / Advanced / -65,0 kg"
17265,990332,"Boys [13-14 years] / Advanced / +65,0 kg"
17265,990967,"Boys [15-17 years] / Beginner / -75,0 kg"
17265,990975,"Boys [15-17 years] / Beginner / +80,0 kg"
17265,990969,"Boys [15-17 years] / Intermediate / -55,0 kg"
17265,990974,"Boys [15-17 years] / Intermediate / -70,0 kg"
17265,990976,"Boys [15-17 years] / Intermediate / +80,0 kg"
17265,990968,"Boys [15-17 years] / Advanced / -60,0 kg"
17265,990972,"Boys [15-17 years] / Advanced / -65,0 kg"
17265,990970,"Boys [15-17 years] / Advanced / -70,0 kg"
17265,990971,"Boys [15-17 years] / Advanced / -75,0 kg"
17265,990973,"Boys [15-17 years] / Advanced / -80,0 kg"
17265,990615,"Boys [15-17 years] / Advanced / +80,0 kg"
16662,974192,"Women / Adult (age 15+) / Beginner / -50,0 kg"
16662,974191,"Women / Adult (age 15+) / Beginner / -55,0 kg"
16662,974190,"Women / Adult (age 15+) / Beginner / -65,0 kg"
16662,974189,"Women / Adult (age 15+) / Beginner / -70,0 kg"
16662,974187,"Women / Adult (age 15+) / Beginner / +70,0 kg"
16662,974185,"Women / Adult (age 15+) / Intermediate / -50,0 kg"
16662,974182,"Women / Adult (age 15+) / Intermediate / -55,0 kg"
16662,974188,"Women / Adult (age 15+) / Intermediate / -60,0 kg"
16662,974183,"Women / Adult (age 15+) / Intermediate / -65,0 kg"
16662,974184,"Women / Adult (age 15+) / Intermediate / -70,0 kg"
16662,974186,"Women / Adult (age 15+) / Intermediate / +70,0 kg"
16662,974039,"Women / Adult (age 15+) / Advanced / -55,0 kg"
16662,974040,"Women / Adult (age 15+) / Advanced / -60,0 kg"
16662,974041,"Women / Adult (age 15+) / Advanced / -65,0 kg"
16662,974038,"Women / Adult (age 15+) / Advanced / -70,0 kg"
16662,974179,"Women / Master (age 35+) / Intermediate / -60,0 kg"
16662,974176,"Women / Master (age 35+) / Intermediate / -65,0 kg"
16662,974180,"Women / Master (age 35+) / Intermediate / -70,0 kg"
16662,974181,"Women / Master (age 35+) / Intermediate / +70,0 kg"
16662,974178,"Women / Master (age 35+) / Advanced / -60,0 kg"
16662,974177,"Women / Master 2 (age 45+) / Advanced / -55,0 kg"
16662,974855,Women's Absolute / Adult / Advanced
16662,974238,"Men / Adult (age 15+) / Beginner / -60,0 kg"
16662,974240,"Men / Adult (age 15+) / Beginner / -65,0 kg"
16662,974235,"Men / Adult (age 15+) / Beginner / -70,0 kg"
16662,974234,"Men / Adult (age 15+) / Beginner / -76,0 kg"
16662,974228,"Men / Adult (age 15+) / Beginner / -83,0 kg"
16662,974233,"Men / Adult (age 15+) / Beginner / -91,0 kg"
16662,974231,"Men / Adult (age 15+) / Beginner / -100,0 kg"
16662,974239,"Men / Adult (age 15+) / Beginner / +100,0 kg"
16662,974226,"Men / Adult (age 15+) / Intermediate / -55,0 kg"
16662,974225,"Men / Adult (age 15+) / Intermediate / -60,0 kg"
16662,974229,"Men / Adult (age 15+) / Intermediate / -65,0 kg"
16662,974232,"Men / Adult (age 15+) / Intermediate / -70,0 kg"
16662,974237,"Men / Adult (age 15+) / Intermediate / -76,0 kg"
16662,974224,"Men / Adult (age 15+) / Intermediate / -83,0 kg"
16662,974227,"Men / Adult (age 15+) / Intermediate / -91,0 kg"
16662,974230,"Men / Adult (age 15+) / Intermediate / -100,0 kg"
16662,974236,"Men / Adult (age 15+) / Intermediate / +100,0 kg"
16662,974168,"Men / Adult (age 15+) / Advanced / -60,0 kg"
16662,974171,"Men / Adult (age 15+) / Advanced / -65,0 kg"
16662,974175,"Men / Adult (age 15+) / Advanced / -70,0 kg"
16662,974169,"Men / Adult (age 15+) / Advanced / -76,0 kg"
16662,974170,"Men / Adult (age 15+) / Advanced / -83,0 kg"
16662,974173,"Men / Adult (age 15+) / Advanced / -91,0 kg"
16662,974172,"Men / Adult (age 15+) / Advanced / -100,0 kg"
16662,974174,"Men / Adult (age 15+) / Advanced / +100,0 kg"
16662,974220,"Men / Master (age 35+) / Beginner / -70,0 kg"
16662,974216,"Men / Master (age 35+) / Beginner / -76,0 kg"
16662,974221,"Men / Master (age 35+) / Beginner / -83,0 kg"
16662,974201,"Men / Master (age 35+) / Beginner / -100,0 kg"
16662,974209,"Men / Master (age 35+) / Beginner / +100,0 kg"
16662,974203,"Men / Master (age 35+) / Intermediate / -70,0 kg"
16662,974205,"Men / Master (age 35+) / Intermediate / -76,0 kg"
16662,974207,"Men / Master (age 35+) / Intermediate / -83,0 kg"
16662,974218,"Men / Master (age 35+) / Intermediate / -91,0 kg"
16662,974206,"Men / Master (age 35+) / Intermediate / -100,0 kg"
16662,974211,"Men / Master (age 35+) / Advanced / -70,0 kg"
16662,974210,"Men / Master (age 35+) / Advanced / -76,0 kg"
16662,974215,"Men / Master (age 35+) / Advanced / -83,0 kg"
16662,974212,"Men / Master (age 35+) / Advanced / -91,0 kg"
16662,974204,"Men / Master (age 35+) / Advanced / -100,0 kg"
16662,974219,"Men / Master (age 35+) / Advanced / +100,0 kg"
16662,974200,"Men / Master 2 (age 45+) / Intermediate / -83,0 kg"
16662,974202,"Men / Master 2 (age 45+) / Intermediate / -91,0 kg"
16662,974214,"Men / Master 2 (age 45+) / Advanced / -70,0 kg"
16662,974217,"Men / Master 2 (age 45+) / Advanced / -76,0 kg"
16662,974208,"Men / Master 2 (age 45+) / Advanced / -91,0 kg"
16662,974213,"Men / Master 2 (age 45+) / Advanced / +100,0 kg"
16662,974241,"Girls [6 and under] / Beginner / -20,0 kg"
16662,974243,"Girls [6 and under] / Beginner / -24,0 kg"
16662,974244,"Girls [6 and under] / Intermediate / -20,0 kg"
16662,974242,"Girls [6 and under] / Intermediate / -24,0 kg"
16662,974857,Men's Absolute / Adult / Advanced
16662,974248,"Girls [7-8 years] / Beginner / -24,0 kg"
16662,974247,"Girls [7-8 years] / Beginner / -28,0 kg"
16662,974246,"Girls [7-8 years] / Intermediate / -24,0 kg"
16662,974245,"Girls [7-8 years] / Intermediate / -28,0 kg"
16662,974250,"Girls [7-8 years] / Intermediate / -32,0 kg"
16662,974253,"Girls [7-8 years] / Advanced / -24,0 kg"
16662,974252,"Girls [7-8 years] / Advanced / -28,0 kg"
16662,974257,"Girls [9-10 years] / Beginner / -32,0 kg"
16662,974254,"Girls [9-10 years] / Intermediate / -28,0 kg"
16662,974255,"Girls [9-10 years] / Intermediate / -32,0 kg"
16662,974256,"Girls [9-10 years] / Intermediate / -36,0 kg"
16662,974260,"Girls [9-10 years] / Advanced / -24,0 kg"
16662,974262,"Girls [9-10 years] / Advanced / -28,0 kg"
16662,974258,"Girls [9-10 years] / Advanced / -36,0 kg"
16662,974259,"Girls [9-10 years] / Advanced / -40,0 kg"
16662,974261,"Girls [9-10 years] / Advanced / -44,0 kg"
16662,974263,"Girls [11-12 years] / Beginner / -32,0 kg"
16662,974266,"Girls [11-12 years] / Intermediate / -40,0 kg"
16662,974264,"Girls [11-12 years] / Intermediate / -44,0 kg"
16662,974265,"Girls [11-12 years] / Intermediate / -55,0 kg"
16662,974273,"Girls [11-12 years] / Advanced / -32,0 kg"
16662,974270,"Girls [11-12 years] / Advanced / -36,0 kg"
16662,974267,"Girls [11-12 years] / Advanced / -40,0 kg"
16662,974271,"Girls [11-12 years] / Advanced / -44,0 kg"
16662,974269,"Girls [11-12 years] / Advanced / -48,0 kg"
16662,974268,"Girls [11-12 years] / Advanced / -52,0 kg"
16662,974272,"Girls [11-12 years] / Advanced / -55,0 kg"
16662,974274,"Girls [13-14 years] / Intermediate / -45,0 kg"
16662,974275,"Girls [13-14 years] / Intermediate / -50,0 kg"
16662,974278,"Girls [13-14 years] / Intermediate / -55,0 kg"
16662,974276,"Girls [13-14 years] / Intermediate / -60,0 kg"
16662,974277,"Girls [13-14 years] / Intermediate / +60,0 kg"
16662,974288,"Girls [13-14 years] / Advanced / -45,0 kg"
16662,974289,"Girls [13-14 years] / Advanced / -50,0 kg"
16662,974282,"Girls [13-14 years] / Advanced / -55,0 kg"
16662,974283,"Girls [13-14 years] / Advanced / -60,0 kg"
16662,974281,"Girls [13-14 years] / Advanced / +60,0 kg"
16662,974284,"Girls [15-17 years] / Beginner / -60,0 kg"
16662,974280,"Girls [15-17 years] / Intermediate / -60,0 kg"
16662,974279,"Girls [15-17 years] / Intermediate / +65,0 kg"
16662,974286,"Girls [15-17 years] / Advanced / -50,0 kg"
16662,974285,"Girls [15-17 years] / Advanced / -55,0 kg"
16662,974287,"Girls [15-17 years] / Advanced / -60,0 kg"
16662,974291,"Boys [6 and under] / Beginner / -20,0 kg"
16662,974292,"Boys [6 and under] / Beginner / -24,0 kg"
16662,974290,"Boys [6 and under] / Beginner / -28,0 kg"
16662,974293,"Boys [6 and under] / Intermediate / -20,0 kg"
16662,974294,"Boys [6 and under] / Intermediate / -24,0 kg"
16662,974295,"Boys [7-8 years] / Beginner / -24,0 kg"
16662,974297,"Boys [7-8 years] / Beginner / -28,0 kg"
16662,974296,"Boys [7-8 years] / Beginner / -32,0 kg"
16662,974298,"Boys [7-8 years] / Beginner / -36,0 kg"
16662,974299,"Boys [7-8 years] / Intermediate / -24,0 kg"
16662,974300,"Boys [7-8 years] / Intermediate / -28,0 kg"
16662,974301,"Boys [7-8 years] / Intermediate / -32,0 kg"
16662,974302,"Boys [7-8 years] / Intermediate / -36,0 kg"
16662,974303,"Boys [7-8 years] / Advanced / -24,0 kg"
16662,974305,"Boys [7-8 years] / Advanced / -28,0 kg"
16662,974304,"Boys [7-8 years] / Advanced / -32,0 kg"
16662,974307,"Boys [9-10 years] / Beginner / -28,0 kg"
16662,974306,"Boys [9-10 years] / Beginner / -32,0 kg"
16662,974309,"Boys [9-10 years] / Beginner / -36,0 kg"
16662,974308,"Boys [9-10 years] / Beginner / -40,0 kg"
16662,974314,"Boys [9-10 years] / Intermediate / -28,0 kg"
16662,974311,"Boys [9-10 years] / Intermediate / -32,0 kg"
16662,974312,"Boys [9-10 years] / Intermediate / -36,0 kg"
16662,974315,"Boys [9-10 years] / Intermediate / -40,0 kg"
16662,974313,"Boys [9-10 years] / Intermediate / -44,0 kg"
16662,974316,"Boys [9-10 years] / Intermediate / -48,0 kg"
16662,974317,"Boys [9-10 years] / Advanced / -28,0 kg"
16662,974318,"Boys [9-10 years] / Advanced / -32,0 kg"
16662,974320,"Boys [9-10 years] / Advanced / -36,0 kg"
16662,974322,"Boys [9-10 years] / Advanced / -40,0 kg"
16662,974319,"Boys [9-10 years] / Advanced / -44,0 kg"
16662,974323,"Boys [9-10 years] / Advanced / -48,0 kg"
16662,974321,"Boys [9-10 years] / Advanced / +48,0 kg"
16662,974326,"Boys [11-12 years] / Beginner / -36,0 kg"
16662,974324,"Boys [11-12 years] / Beginner / -40,0 kg"
16662,974325,"Boys [11-12 years] / Beginner / +55,0 kg"
16662,974333,"Boys [11-12 years] / Intermediate / -28,0 kg"
16662,974329,"Boys [11-12 years] / Intermediate / -32,0 kg"
16662,974330,"Boys [11-12 years] / Intermediate / -36,0 kg"
16662,974328,"Boys [11-12 years] / Intermediate / -40,0 kg"
16662,974331,"Boys [11-12 years] / Intermediate / -44,0 kg"
16662,974327,"Boys [11-12 years] / Intermediate / -48,0 kg"
16662,974332,"Boys [11-12 years] / Intermediate / -52,0 kg"
16662,974340,"Boys [11-12 years] / Advanced / -32,0 kg"
16662,974338,"Boys [11-12 years] / Advanced / -36,0 kg"
16662,974335,"Boys [11-12 years] / Advanced / -40,0 kg"
16662,974339,"Boys [11-12 years] / Advanced / -44,0 kg"
16662,974337,"Boys [11-12 years] / Advanced / -48,0 kg"
16662,974336,"Boys [11-12 years] / Advanced / -52,0 kg"
16662,974334,"Boys [11-12 years] / Advanced / +55,0 kg"
16662,974342,"Boys [13-14 years] / Beginner / -40,0 kg"
16662,974343,"Boys [13-14 years] / Beginner / -60,0 kg"
16662,974341,"Boys [13-14 years] / Beginner / -65,0 kg"
16662,974348,"Boys [13-14 years] / Intermediate / -40,0 kg"
16662,974350,"Boys [13-14 years] / Intermediate / -45,0 kg"
16662,974349,"Boys [13-14 years] / Intermediate / -50,0 kg"
16662,974347,"Boys [13-14 years] / Intermediate / -55,0 kg"
16662,974344,"Boys [13-14 years] / Intermediate / -60,0 kg"
16662,974345,"Boys [13-14 years] / Intermediate / -65,0 kg"
16662,974346,"Boys [13-14 years] / Intermediate / +65,0 kg"
16662,974357,"Boys [13-14 years] / Advanced / -40,0 kg"
16662,974352,"Boys [13-14 years] / Advanced / -45,0 kg"
16662,974353,"Boys [13-14 years] / Advanced / -50,0 kg"
16662,974351,"Boys [13-14 years] / Advanced / -55,0 kg"
16662,974354,"Boys [13-14 years] / Advanced / -60,0 kg"
16662,974355,"Boys [13-14 years] / Advanced / -65,0 kg"
16662,974356,"Boys [13-14 years] / Advanced / +65,0 kg"
16662,974363,"Boys [15-17 years] / Beginner / -60,0 kg"
16662,974358,"Boys [15-17 years] / Beginner / -65,0 kg"
16662,974362,"Boys [15-17 years] / Beginner / -70,0 kg"
16662,974360,"Boys [15-17 years] / Beginner / -75,0 kg"
16662,974359,"Boys [15-17 years] / Beginner / +80,0 kg"
16662,974367,"Boys [15-17 years] / Intermediate / -50,0 kg"
16662,974365,"Boys [15-17 years] / Intermediate / -55,0 kg"
16662,974364,"Boys [15-17 years] / Intermediate / -60,0 kg"
16662,974366,"Boys [15-17 years] / Intermediate / -65,0 kg"
16662,974374,"Boys [15-17 years] / Advanced / -50,0 kg"
16662,974368,"Boys [15-17 years] / Advanced / -55,0 kg"
16662,974369,"Boys [15-17 years] / Advanced / -60,0 kg"
16662,974372,"Boys [15-17 years] / Advanced / -65,0 kg"
16662,974370,"Boys [15-17 years] / Advanced / -70,0 kg"
16662,974371,"Boys [15-17 years] / Advanced / -75,0 kg"
16662,974375,"Boys [15-17 years] / Advanced / -80,0 kg"
16662,974373,"Boys [15-17 years] / Advanced / +80,0 kg"
17091,962535,"Women / Adult / Beginner / -55,0 kg"
17091,962533,"Women / Adult / Beginner / -60,0 kg"
17091,962538,"Women / Adult / Beginner / -70,0 kg"
17091,962534,"Women / Adult / Intermediate / -55,0 kg"
17091,962537,"Women / Adult / Intermediate / -60,0 kg"
17091,962536,"Women / Adult / Intermediate / -65,0 kg"
17091,962541,"Women / Adult / Intermediate / -70,0 kg"
17091,962539,"Women / Adult / Advanced / -55,0 kg"
17091,962540,"Women / Adult / Advanced / -65,0 kg"
17091,964354,Women's Absolute / Adult / Advanced
17091,962564,"Men / Adult / Beginner / -60,0 kg"
17091,962568,"Men / Adult / Beginner / -65,0 kg"
17091,962567,"Men / Adult / Beginner / -70,0 kg"
17091,962566,"Men / Adult / Beginner / -76,0 kg"
17091,962570,"Men / Adult / Beginner / -83,0 kg"
17091,962571,"Men / Adult / Beginner / -91,0 kg"
17091,962569,"Men / Adult / Beginner / -100,0 kg"
17091,962565,"Men / Adult / Beginner / +100,0 kg"
17091,962561,"Men / Adult / Intermediate / -60,0 kg"
17091,962559,"Men / Adult / Intermediate / -65,0 kg"
17091,962556,"Men / Adult / Intermediate / -70,0 kg"
17091,962562,"Men / Adult / Intermediate / -76,0 kg"
17091,962557,"Men / Adult / Intermediate / -83,0 kg"
17091,962558,"Men / Adult / Intermediate / -91,0 kg"
17091,962560,"Men / Adult / Intermediate / -100,0 kg"
17091,962563,"Men / Adult / Intermediate / +100,0 kg"
17091,962551,"Men / Adult / Advanced / -60,0 kg"
17091,962550,"Men / Adult / Advanced / -65,0 kg"
17091,962549,"Men / Adult / Advanced / -70,0 kg"
17091,962552,"Men / Adult / Advanced / -76,0 kg"
17091,962553,"Men / Adult / Advanced / -83,0 kg"
17091,962554,"Men / Adult / Advanced / -91,0 kg"
17091,962509,"Men / Masters 35+ / Beginner / -70,0 kg"
17091,962511,"Men / Masters 35+ / Intermediate / -70,0 kg"
17091,962512,"Men / Masters 35+ / Intermediate / -76,0 kg"
17091,962513,"Men / Masters 35+ / Intermediate / -83,0 kg"
17091,962514,"Men / Masters 35+ / Intermediate / -91,0 kg"
17091,962515,"Men / Masters 35+ / Intermediate / +100,0 kg"
17091,962544,"Men / Masters 35+ / Advanced / -70,0 kg"
17091,962546,"Men / Masters 35+ / Advanced / -83,0 kg"
17091,962545,"Men / Masters 35+ / Advanced / -91,0 kg"
17091,964349,Men's Absolute / Adult / Advanced
17091,964148,"Girls [9-10 years] / Advanced / -32,0 kg"
17091,962607,"Girls [13-14 years] / Intermediate / -55,0 kg"
17091,962605,"Boys [6 and under] / Intermediate / -24,0 kg"
17091,962632,"Boys [7-8 years] / Intermediate / -28,0 kg"
17091,962638,"Boys [9-10 years] / Beginner / -32,0 kg"
17091,962636,"Boys [9-10 years] / Intermediate / -32,0 kg"
17091,962637,"Boys [9-10 years] / Intermediate / -36,0 kg"
17091,962606,"Boys [11-12 years] / Beginner / -48,0 kg"
17091,962653,"Boys [11-12 years] / Intermediate / +52,0 kg"
17091,962654,"Boys [11-12 years] / Advanced / -40,0 kg"
17091,962673,"Boys [13-14 years] / Beginner / -55,0 kg"
17091,962658,"Boys [13-14 years] / Intermediate / -55,0 kg"
17091,962657,"Boys [13-14 years] / Intermediate / -65,0 kg"
17091,962672,"Boys [13-14 years] / Advanced / -60,0 kg"
17091,962669,"Boys [15-17 years] / Beginner / -75,0 kg"
17091,962670,"Boys [15-17 years] / Beginner / +80,0 kg"
17091,962667,"Boys [15-17 years] / Advanced / -60,0 kg"
17091,962668,"Boys [15-17 years] / Advanced / -65,0 kg"
17091,962666,"Boys [15-17 years] / Advanced / -70,0 kg"
17091,962671,"Boys [15-17 years] / Advanced / +80,0 kg"
16660,956394,"Women / Adult (age 15+) / Beginner / -55,0 kg"
16660,956399,"Women / Adult (age 15+) / Beginner / -60,0 kg"
16660,956396,"Women / Adult (age 15+) / Beginner / -70,0 kg"
16660,956398,"Women / Adult (age 15+) / Beginner / +70,0 kg"
16660,956395,"Women / Adult (age 15+) / Intermediate / -50,0 kg"
16660,956385,"Women / Adult (age 15+) / Intermediate / -55,0 kg"
16660,956393,"Women / Adult (age 15+) / Intermediate / -60,0 kg"
16660,956389,"Women / Adult (age 15+) / Intermediate / -65,0 kg"
16660,956390,"Women / Adult (age 15+) / Intermediate / -70,0 kg"
16660,956387,"Women / Adult (age 15+) / Intermediate / +70,0 kg"
16660,956397,"Women / Adult (age 15+) / Advanced / -50,0 kg"
16660,956386,"Women / Adult (age 15+) / Advanced / -55,0 kg"
16660,956391,"Women / Adult (age 15+) / Advanced / -60,0 kg"
16660,956392,"Women / Adult (age 15+) / Advanced / -70,0 kg"
16660,956388,"Women / Adult (age 15+) / Advanced / +70,0 kg"
16660,956383,"Women / Master (age 35+) / Beginner / -65,0 kg"
16660,956379,"Women / Master (age 35+) / Intermediate / -60,0 kg"
16660,956382,"Women / Master (age 35+) / Intermediate / -65,0 kg"
16660,956378,"Women / Master (age 35+) / Intermediate / -70,0 kg"
16660,956381,"Women / Master (age 35+) / Advanced / -50,0 kg"
16660,956380,"Women / Master (age 35+) / Advanced / -65,0 kg"
16660,956384,"Women / Master 2 (age 45+) / Intermediate / -65,0 kg"
16660,956967,Women's Absolute / Adult / Advanced
16660,956435,"Men / Adult (age 15+) / Beginner / -55,0 kg"
16660,956432,"Men / Adult (age 15+) / Beginner / -60,0 kg"
16660,956433,"Men / Adult (age 15+) / Beginner / -65,0 kg"
16660,955967,"Men / Adult (age 15+) / Beginner / -70,0 kg"
16660,955962,"Men / Adult (age 15+) / Beginner / -76,0 kg"
16660,956430,"Men / Adult (age 15+) / Beginner / -83,0 kg"
16660,955963,"Men / Adult (age 15+) / Beginner / -91,0 kg"
16660,955980,"Men / Adult (age 15+) / Beginner / -100,0 kg"
16660,956434,"Men / Adult (age 15+) / Beginner / +100,0 kg"
16660,956431,"Men / Adult (age 15+) / Intermediate / -60,0 kg"
16660,956427,"Men / Adult (age 15+) / Intermediate / -65,0 kg"
16660,956429,"Men / Adult (age 15+) / Intermediate / -70,0 kg"
16660,956428,"Men / Adult (age 15+) / Intermediate / -76,0 kg"
16660,956438,"Men / Adult (age 15+) / Intermediate / -83,0 kg"
16660,956426,"Men / Adult (age 15+) / Intermediate / -91,0 kg"
16660,956436,"Men / Adult (age 15+) / Intermediate / -100,0 kg"
16660,956442,"Men / Adult (age 15+) / Intermediate / +100,0 kg"
16660,956446,"Men / Adult (age 15+) / Advanced / -60,0 kg"
16660,956445,"Men / Adult (age 15+) / Advanced / -65,0 kg"
16660,956439,"Men / Adult (age 15+) / Advanced / -70,0 kg"
16660,956443,"Men / Adult (age 15+) / Advanced / -76,0 kg"
16660,956440,"Men / Adult (age 15+) / Advanced / -83,0 kg"
16660,956441,"Men / Adult (age 15+) / Advanced / -91,0 kg"
16660,956437,"Men / Adult (age 15+) / Advanced / -100,0 kg"
16660,956444,"Men / Adult (age 15+) / Advanced / +100,0 kg"
16660,956419,"Men / Master (age 35+) / Beginner / -65,0 kg"
16660,956404,"Men / Master (age 35+) / Beginner / -70,0 kg"
16660,956422,"Men / Master (age 35+) / Beginner / -76,0 kg"
16660,956415,"Men / Master (age 35+) / Beginner / -100,0 kg"
16660,956403,"Men / Master (age 35+) / Beginner / +100,0 kg"
16660,956424,"Men / Master (age 35+) / Intermediate / -65,0 kg"
16660,956407,"Men / Master (age 35+) / Intermediate / -70,0 kg"
16660,956413,"Men / Master (age 35+) / Intermediate / -76,0 kg"
16660,956417,"Men / Master (age 35+) / Intermediate / -83,0 kg"
16660,956402,"Men / Master (age 35+) / Intermediate / -91,0 kg"
16660,956401,"Men / Master (age 35+) / Intermediate / -100,0 kg"
16660,956414,"Men / Master (age 35+) / Intermediate / +100,0 kg"
16660,956410,"Men / Master (age 35+) / Advanced / -65,0 kg"
16660,956411,"Men / Master (age 35+) / Advanced / -70,0 kg"
16660,956408,"Men / Master (age 35+) / Advanced / -76,0 kg"
16660,956412,"Men / Master (age 35+) / Advanced / -83,0 kg"
16660,956406,"Men / Master (age 35+) / Advanced / -91,0 kg"
16660,956405,"Men / Master (age 35+) / Advanced / -100,0 kg"
16660,956409,"Men / Master (age 35+) / Advanced / +100,0 kg"
16660,956420,"Men / Master 2 (age 45+) / Beginner / -83,0 kg"
16660,956423,"Men / Master 2 (age 45+) / Intermediate / -83,0 kg"
16660,956418,"Men / Master 2 (age 45+) / Advanced / -76,0 kg"
16660,956416,"Men / Master 2 (age 45+) / Advanced / -91,0 kg"
16660,956421,"Men / Master 2 (age 45+) / Advanced / -100,0 kg"
16660,956601,"Girls [6 and under] / Intermediate / -24,0 kg"
16660,956968,Men's Absolute / Adult / Advanced
16660,956169,"Girls [7-8 years] / Beginner / -24,0 kg"
16660,956170,"Girls [7-8 years] / Beginner / -28,0 kg"
16660,956181,"Girls [7-8 years] / Intermediate / -24,0 kg"
16660,956178,"Girls [7-8 years] / Intermediate / -28,0 kg"
16660,956180,"Girls [7-8 years] / Intermediate / -32,0 kg"
16660,956196,"Girls [7-8 years] / Advanced / -24,0 kg"
16660,956195,"Girls [7-8 years] / Advanced / -28,0 kg"
16660,956203,"Girls [9-10 years] / Beginner / -28,0 kg"
16660,956204,"Girls [9-10 years] / Intermediate / -28,0 kg"
16660,956206,"Girls [9-10 years] / Intermediate / -32,0 kg"
16660,956202,"Girls [9-10 years] / Intermediate / -36,0 kg"
16660,956179,"Girls [9-10 years] / Intermediate / -40,0 kg"
16660,956205,"Girls [9-10 years] / Intermediate / +48,0 kg"
16660,956198,"Girls [9-10 years] / Advanced / -32,0 kg"
16660,956197,"Girls [9-10 years] / Advanced / -36,0 kg"
16660,956199,"Girls [9-10 years] / Advanced / -40,0 kg"
16660,956211,"Girls [11-12 years] / Intermediate / -32,0 kg"
16660,956216,"Girls [11-12 years] / Intermediate / -36,0 kg"
16660,956222,"Girls [11-12 years] / Intermediate / -40,0 kg"
16660,956220,"Girls [11-12 years] / Intermediate / -44,0 kg"
16660,956213,"Girls [11-12 years] / Intermediate / +55,0 kg"
16660,956223,"Girls [11-12 years] / Advanced / -36,0 kg"
16660,956212,"Girls [11-12 years] / Advanced / -40,0 kg"
16660,956217,"Girls [11-12 years] / Advanced / -44,0 kg"
16660,956219,"Girls [11-12 years] / Advanced / -48,0 kg"
16660,956214,"Girls [11-12 years] / Advanced / -52,0 kg"
16660,956215,"Girls [11-12 years] / Advanced / +55,0 kg"
16660,956232,"Girls [13-14 years] / Beginner / -55,0 kg"
16660,956218,"Girls [13-14 years] / Intermediate / -45,0 kg"
16660,956224,"Girls [13-14 years] / Intermediate / -50,0 kg"
16660,956233,"Girls [13-14 years] / Intermediate / -55,0 kg"
16660,956227,"Girls [13-14 years] / Intermediate / -60,0 kg"
16660,956225,"Girls [13-14 years] / Intermediate / +60,0 kg"
16660,956230,"Girls [13-14 years] / Advanced / -45,0 kg"
16660,956231,"Girls [13-14 years] / Advanced / -50,0 kg"
16660,956229,"Girls [13-14 years] / Advanced / -55,0 kg"
16660,956228,"Girls [13-14 years] / Advanced / -60,0 kg"
16660,956226,"Girls [13-14 years] / Advanced / +60,0 kg"
16660,956237,"Girls [15-17 years] / Beginner / -60,0 kg"
16660,956242,"Girls [15-17 years] / Advanced / -45,0 kg"
16660,956243,"Girls [15-17 years] / Advanced / -50,0 kg"
16660,956239,"Girls [15-17 years] / Advanced / -55,0 kg"
16660,956240,"Girls [15-17 years] / Advanced / -60,0 kg"
16660,956241,"Girls [15-17 years] / Advanced / -65,0 kg"
16660,956248,"Boys [6 and under] / Beginner / -20,0 kg"
16660,956251,"Boys [6 and under] / Beginner / -24,0 kg"
16660,956252,"Boys [6 and under] / Beginner / -28,0 kg"
16660,956249,"Boys [6 and under] / Intermediate / -20,0 kg"
16660,956250,"Boys [6 and under] / Intermediate / -24,0 kg"
16660,956253,"Boys [6 and under] / Intermediate / -28,0 kg"
16660,956257,"Boys [7-8 years] / Beginner / -28,0 kg"
16660,956260,"Boys [7-8 years] / Beginner / -32,0 kg"
16660,956267,"Boys [7-8 years] / Beginner / -36,0 kg"
16660,956266,"Boys [7-8 years] / Beginner / -44,0 kg"
16660,956261,"Boys [7-8 years] / Beginner / +44,0 kg"
16660,956256,"Boys [7-8 years] / Intermediate / -24,0 kg"
16660,956258,"Boys [7-8 years] / Intermediate / -28,0 kg"
16660,956262,"Boys [7-8 years] / Intermediate / -32,0 kg"
16660,956263,"Boys [7-8 years] / Advanced / -24,0 kg"
16660,956259,"Boys [7-8 years] / Advanced / -28,0 kg"
16660,956264,"Boys [7-8 years] / Advanced / -36,0 kg"
16660,956277,"Boys [9-10 years] / Beginner / -32,0 kg"
16660,956275,"Boys [9-10 years] / Beginner / -36,0 kg"
16660,956272,"Boys [9-10 years] / Intermediate / -28,0 kg"
16660,956268,"Boys [9-10 years] / Intermediate / -32,0 kg"
16660,956271,"Boys [9-10 years] / Intermediate / -36,0 kg"
16660,956279,"Boys [9-10 years] / Intermediate / -40,0 kg"
16660,956278,"Boys [9-10 years] / Intermediate / -44,0 kg"
16660,956282,"Boys [9-10 years] / Intermediate / -48,0 kg"
16660,956270,"Boys [9-10 years] / Intermediate / +48,0 kg"
16660,956273,"Boys [9-10 years] / Advanced / -28,0 kg"
16660,956269,"Boys [9-10 years] / Advanced / -32,0 kg"
16660,956276,"Boys [9-10 years] / Advanced / -36,0 kg"
16660,956274,"Boys [9-10 years] / Advanced / -40,0 kg"
16660,956280,"Boys [9-10 years] / Advanced / -44,0 kg"
16660,956281,"Boys [9-10 years] / Advanced / -48,0 kg"
16660,956297,"Boys [11-12 years] / Intermediate / -28,0 kg"
16660,956291,"Boys [11-12 years] / Intermediate / -32,0 kg"
16660,956295,"Boys [11-12 years] / Intermediate / -36,0 kg"
16660,956286,"Boys [11-12 years] / Intermediate / -40,0 kg"
16660,956293,"Boys [11-12 years] / Intermediate / -44,0 kg"
16660,956284,"Boys [11-12 years] / Intermediate / -48,0 kg"
16660,956285,"Boys [11-12 years] / Intermediate / -52,0 kg"
16660,956298,"Boys [11-12 years] / Intermediate / -55,0 kg"
16660,956290,"Boys [11-12 years] / Intermediate / +55,0 kg"
16660,956294,"Boys [11-12 years] / Advanced / -32,0 kg"
16660,956287,"Boys [11-12 years] / Advanced / -36,0 kg"
16660,956288,"Boys [11-12 years] / Advanced / -40,0 kg"
16660,956296,"Boys [11-12 years] / Advanced / -44,0 kg"
16660,956292,"Boys [11-12 years] / Advanced / -48,0 kg"
16660,956289,"Boys [11-12 years] / Advanced / -52,0 kg"
16660,956305,"Boys [13-14 years] / Intermediate / -40,0 kg"
16660,956304,"Boys [13-14 years] / Intermediate / -45,0 kg"
16660,956309,"Boys [13-14 years] / Intermediate / -50,0 kg"
16660,956302,"Boys [13-14 years] / Intermediate / -55,0 kg"
16660,956303,"Boys [13-14 years] / Intermediate / -60,0 kg"
16660,956312,"Boys [13-14 years] / Intermediate / -65,0 kg"
16660,956313,"Boys [13-14 years] / Intermediate / +65,0 kg"
16660,956310,"Boys [13-14 years] / Advanced / -40,0 kg"
16660,956307,"Boys [13-14 years] / Advanced / -45,0 kg"
16660,956308,"Boys [13-14 years] / Advanced / -50,0 kg"
16660,956311,"Boys [13-14 years] / Advanced / -55,0 kg"
16660,956300,"Boys [13-14 years] / Advanced / -65,0 kg"
16660,956301,"Boys [13-14 years] / Advanced / +65,0 kg"
16660,956323,"Boys [15-17 years] / Beginner / -60,0 kg"
16660,956326,"Boys [15-17 years] / Beginner / -65,0 kg"
16660,956315,"Boys [15-17 years] / Beginner / -75,0 kg"
16660,956322,"Boys [15-17 years] / Beginner / +80,0 kg"
16660,956329,"Boys [15-17 years] / Intermediate / -50,0 kg"
16660,956324,"Boys [15-17 years] / Intermediate / -60,0 kg"
16660,956327,"Boys [15-17 years] / Intermediate / -65,0 kg"
16660,956330,"Boys [15-17 years] / Intermediate / -70,0 kg"
16660,956320,"Boys [15-17 years] / Advanced / -50,0 kg"
16660,956319,"Boys [15-17 years] / Advanced / -55,0 kg"
16660,956318,"Boys [15-17 years] / Advanced / -60,0 kg"
16660,956316,"Boys [15-17 years] / Advanced / -65,0 kg"
16660,956314,"Boys [15-17 years] / Advanced / -70,0 kg"
16660,956317,"Boys [15-17 years] / Advanced / -75,0 kg"
16660,956321,"Boys [15-17 years] / Advanced / -80,0 kg"
16660,956325,"Boys [15-17 years] / Advanced / +80,0 kg"
16660,956910,"Boys [13-14 years] / Advanced / -45,0 kg Double Bronze"
16610,924060,"Kids [4-17 years] / Boys / Beginner / Boys [4-6 years] / -20,0 kg"
16610,924059,"Kids [4-17 years] / Boys / Beginner / Boys [4-6 years] / -24,0 kg"
16610,924062,"Kids [4-17 years] / Boys / Beginner / Boys [4-6 years] / -28,0 kg"
16610,924067,"Kids [4-17 years] / Boys / Beginner / Boys [7-8 years] / -28,0 kg"
16610,924084,"Kids [4-17 years] / Boys / Beginner / Boys [9-10 years] / -36,0 kg"
16610,924085,"Kids [4-17 years] / Boys / Beginner / Boys [9-10 years] / -40,0 kg"
16610,924101,"Kids [4-17 years] / Boys / Beginner / Boys [11-12 years] / -40,0 kg"
16610,924099,"Kids [4-17 years] / Boys / Beginner / Boys [11-12 years] / -44,0 kg"
16610,924100,"Kids [4-17 years] / Boys / Beginner / Boys [11-12 years] / -52,0 kg"
16610,924056,"Kids [4-17 years] / Boys / Intermediate / Boys [4-6 years] / -20,0 kg"
16610,924057,"Kids [4-17 years] / Boys / Intermediate / Boys [4-6 years] / -24,0 kg"
16610,924068,"Kids [4-17 years] / Boys / Intermediate / Boys [7-8 years] / -24,0 kg"
16610,924069,"Kids [4-17 years] / Boys / Intermediate / Boys [7-8 years] / -28,0 kg"
16610,924070,"Kids [4-17 years] / Boys / Intermediate / Boys [7-8 years] / -32,0 kg"
16610,924075,"Kids [4-17 years] / Boys / Intermediate / Boys [7-8 years] / -36,0 kg"
16610,924092,"Kids [4-17 years] / Boys / Intermediate / Boys [9-10 years] / -28,0 kg"
16610,924087,"Kids [4-17 years] / Boys / Intermediate / Boys [9-10 years] / -32,0 kg"
16610,924086,"Kids [4-17 years] / Boys / Intermediate / Boys [9-10 years] / -36,0 kg"
16610,924088,"Kids [4-17 years] / Boys / Intermediate / Boys [9-10 years] / -40,0 kg"
16610,924334,"Kids [4-17 years] / Boys / Intermediate / Boys [11-12 years] / -32,0 kg"
16610,924324,"Kids [4-17 years] / Boys / Intermediate / Boys [11-12 years] / -36,0 kg"
16610,924325,"Kids [4-17 years] / Boys / Intermediate / Boys [11-12 years] / -40,0 kg"
16610,924326,"Kids [4-17 years] / Boys / Intermediate / Boys [11-12 years] / -44,0 kg"
16610,924333,"Kids [4-17 years] / Boys / Intermediate / Boys [11-12 years] / +52,0 kg"
16610,924076,"Kids [4-17 years] / Boys / Advanced / Boys [7-8 years] / -24,0 kg"
16610,924064,"Kids [4-17 years] / Boys / Advanced / Boys [7-8 years] / -28,0 kg"
16610,924065,"Kids [4-17 years] / Boys / Advanced / Boys [7-8 years] / -32,0 kg"
16610,924097,"Kids [4-17 years] / Boys / Advanced / Boys [9-10 years] / -28,0 kg"
16610,924089,"Kids [4-17 years] / Boys / Advanced / Boys [9-10 years] / -32,0 kg"
16610,924093,"Kids [4-17 years] / Boys / Advanced / Boys [9-10 years] / -36,0 kg"
16610,924095,"Kids [4-17 years] / Boys / Advanced / Boys [9-10 years] / +48,0 kg"
16610,924245,"Kids [4-17 years] / Boys / Advanced / Boys [11-12 years] / -32,0 kg"
16610,924246,"Kids [4-17 years] / Boys / Advanced / Boys [11-12 years] / -36,0 kg"
16610,924242,"Kids [4-17 years] / Boys / Advanced / Boys [11-12 years] / -40,0 kg"
16610,924243,"Kids [4-17 years] / Boys / Advanced / Boys [11-12 years] / -44,0 kg"
16610,924250,"Kids [4-17 years] / Boys / Advanced / Boys [11-12 years] / -52,0 kg"
16610,924244,"Kids [4-17 years] / Boys / Advanced / Boys [11-12 years] / +52,0 kg"
16610,924295,"Kids [4-17 years] / Boys - Teen / Beginner / Boys [13-14 years] / -45,0 kg"
16610,924288,"Kids [4-17 years] / Boys - Teen / Beginner / Boys [13-14 years] / -55,0 kg"
16610,924300,"Kids [4-17 years] / Boys - Teen / Beginner / Boys [15-17 years] / -55,0 kg"
16610,924299,"Kids [4-17 years] / Boys - Teen / Beginner / Boys [15-17 years] / -60,0 kg"
16610,924301,"Kids [4-17 years] / Boys - Teen / Beginner / Boys [15-17 years] / -65,0 kg"
16610,924297,"Kids [4-17 years] / Boys - Teen / Beginner / Boys [15-17 years] / -70,0 kg"
16610,924298,"Kids [4-17 years] / Boys - Teen / Beginner / Boys [15-17 years] / -75,0 kg"
16610,924286,"Kids [4-17 years] / Boys - Teen / Intermediate / Boys [13-14 years] / -40,0 kg"
16610,924289,"Kids [4-17 years] / Boys - Teen / Intermediate / Boys [13-14 years] / -45,0 kg"
16610,924293,"Kids [4-17 years] / Boys - Teen / Intermediate / Boys [13-14 years] / -50,0 kg"
16610,924291,"Kids [4-17 years] / Boys - Teen / Intermediate / Boys [13-14 years] / -60,0 kg"
16610,924285,"Kids [4-17 years] / Boys - Teen / Intermediate / Boys [13-14 years] / -65,0 kg"
16610,924282,"Kids [4-17 years] / Boys - Teen / Intermediate / Boys [13-14 years] / +65,0 kg"
16610,924310,"Kids [4-17 years] / Boys - Teen / Intermediate / Boys [15-17 years] / -60,0 kg"
16610,924309,"Kids [4-17 years] / Boys - Teen / Intermediate / Boys [15-17 years] / -70,0 kg"
16610,924290,"Kids [4-17 years] / Boys - Teen / Advanced / Boys [13-14 years] / -45,0 kg"
16610,924294,"Kids [4-17 years] / Boys - Teen / Advanced / Boys [13-14 years] / -50,0 kg"
16610,924287,"Kids [4-17 years] / Boys - Teen / Advanced / Boys [13-14 years] / -55,0 kg"
16610,924284,"Kids [4-17 years] / Boys - Teen / Advanced / Boys [13-14 years] / -60,0 kg"
16610,924292,"Kids [4-17 years] / Boys - Teen / Advanced / Boys [13-14 years] / -65,0 kg"
16610,924283,"Kids [4-17 years] / Boys - Teen / Advanced / Boys [13-14 years] / +65,0 kg"
16610,924337,"Kids [4-17 years] / Boys - Teen / Advanced / Boys [15-17 years] / -50,0 kg"
16610,924336,"Kids [4-17 years] / Boys - Teen / Advanced / Boys [15-17 years] / -55,0 kg"
16610,924335,"Kids [4-17 years] / Boys - Teen / Advanced / Boys [15-17 years] / -60,0 kg"
16610,924329,"Kids [4-17 years] / Boys - Teen / Advanced / Boys [15-17 years] / -65,0 kg"
16610,924328,"Kids [4-17 years] / Boys - Teen / Advanced / Boys [15-17 years] / -70,0 kg"
16610,924330,"Kids [4-17 years] / Boys - Teen / Advanced / Boys [15-17 years] / -75,0 kg"
16610,924058,"Kids [4-17 years] / Girls / Beginner / Boys [4-6 years] / -24,0 kg"
16610,924074,"Kids [4-17 years] / Girls / Beginner / Boys [7-8 years] / -32,0 kg"
16610,924083,"Kids [4-17 years] / Girls / Beginner / Boys [9-10 years] / -32,0 kg"
16610,924061,"Kids [4-17 years] / Girls / Intermediate / Boys [4-6 years] / -20,0 kg"
16610,924063,"Kids [4-17 years] / Girls / Intermediate / Boys [4-6 years] / -24,0 kg"
16610,924066,"Kids [4-17 years] / Girls / Intermediate / Boys [7-8 years] / -24,0 kg"
16610,924071,"Kids [4-17 years] / Girls / Intermediate / Boys [7-8 years] / -28,0 kg"
16610,924073,"Kids [4-17 years] / Girls / Intermediate / Boys [7-8 years] / -36,0 kg"
16610,924091,"Kids [4-17 years] / Girls / Intermediate / Boys [9-10 years] / -32,0 kg"
16610,924090,"Kids [4-17 years] / Girls / Intermediate / Boys [9-10 years] / -36,0 kg"
16610,924327,"Kids [4-17 years] / Girls / Intermediate / Boys [11-12 years] / -40,0 kg"
16610,924331,"Kids [4-17 years] / Girls / Intermediate / Boys [11-12 years] / -44,0 kg"
16610,924332,"Kids [4-17 years] / Girls / Intermediate / Boys [11-12 years] / -52,0 kg"
16610,924072,"Kids [4-17 years] / Girls / Advanced / Boys [7-8 years] / -28,0 kg"
16610,924094,"Kids [4-17 years] / Girls / Advanced / Boys [9-10 years] / -32,0 kg"
16610,924096,"Kids [4-17 years] / Girls / Advanced / Boys [9-10 years] / -36,0 kg"
16610,924252,"Kids [4-17 years] / Girls / Advanced / Boys [11-12 years] / -32,0 kg"
16610,924248,"Kids [4-17 years] / Girls / Advanced / Boys [11-12 years] / -40,0 kg"
16610,924249,"Kids [4-17 years] / Girls / Advanced / Boys [11-12 years] / -44,0 kg"
16610,924247,"Kids [4-17 years] / Girls / Advanced / Boys [11-12 years] / -48,0 kg"
16610,924251,"Kids [4-17 years] / Girls / Advanced / Boys [11-12 years] / +52,0 kg"
16610,924315,"Kids [4-17 years] / Girls - Teen / Intermediate / Girls [13-14 years] / -45,0 kg"
16610,924312,"Kids [4-17 years] / Girls - Teen / Intermediate / Girls [13-14 years] / -55,0 kg"
16610,924316,"Kids [4-17 years] / Girls - Teen / Intermediate / Girls [13-14 years] / -60,0 kg"
16610,924319,"Kids [4-17 years] / Girls - Teen / Intermediate / Girls [13-14 years] / +60,0 kg"
16610,924314,"Kids [4-17 years] / Girls - Teen / Advanced / Girls [13-14 years] / -45,0 kg"
16610,924317,"Kids [4-17 years] / Girls - Teen / Advanced / Girls [13-14 years] / -50,0 kg"
16610,924313,"Kids [4-17 years] / Girls - Teen / Advanced / Girls [13-14 years] / -55,0 kg"
16610,924318,"Kids [4-17 years] / Girls - Teen / Advanced / Girls [13-14 years] / +60,0 kg"
16610,924322,"Kids [4-17 years] / Girls - Teen / Advanced / Girls [15-17 years] / -45,0 kg"
16610,924323,"Kids [4-17 years] / Girls - Teen / Advanced / Girls [15-17 years] / -65,0 kg"
16610,924321,"Kids [4-17 years] / Girls - Teen / Advanced / Girls [15-17 years] / +65,0 kg"
16610,924253,"Women / Adult (age 15+) / Beginner / -70,0 kg"
16610,924254,"Women / Adult (age 15+) / Beginner / +70,0 kg"
16610,924255,"Women / Adult (age 15+) / Intermediate / -50,0 kg"
16610,924256,"Women / Adult (age 15+) / Intermediate / -55,0 kg"
16610,924258,"Women / Adult (age 15+) / Intermediate / -60,0 kg"
16610,924257,"Women / Adult (age 15+) / Intermediate / -65,0 kg"
16610,924262,"Women / Adult (age 15+) / Intermediate / -70,0 kg"
16610,924261,"Women / Adult (age 15+) / Intermediate / +70,0 kg"
16610,924259,"Women / Adult (age 15+) / Advanced / -55,0 kg"
16610,924260,"Women / Adult (age 15+) / Advanced / -60,0 kg"
16610,924266,"Women / Adult (age 15+) / Advanced / -70,0 kg"
16610,924263,"Women / Master (age 35+) / Beginner / -70,0 kg"
16610,924267,"Women / Master (age 35+) / Intermediate / -55,0 kg"
16610,924264,"Women / Master (age 35+) / Intermediate / -60,0 kg"
16610,924265,"Women / Master (age 35+) / Intermediate / +70,0 kg"
16610,925137,Women's Absolute / Adult / Advanced
16610,924367,"Men / Adult (age 15+) / Beginner / -60,0 kg"
16610,924364,"Men / Adult (age 15+) / Beginner / -65,0 kg"
16610,924366,"Men / Adult (age 15+) / Beginner / -70,0 kg"
16610,924363,"Men / Adult (age 15+) / Beginner / -76,0 kg"
16610,924362,"Men / Adult (age 15+) / Beginner / -83,0 kg"
16610,924365,"Men / Adult (age 15+) / Beginner / -91,0 kg"
16610,924368,"Men / Adult (age 15+) / Beginner / -100,0 kg"
16610,924369,"Men / Adult (age 15+) / Beginner / +100,0 kg"
16610,924386,"Men / Adult (age 15+) / Intermediate / -55,0 kg"
16610,924381,"Men / Adult (age 15+) / Intermediate / -60,0 kg"
16610,924384,"Men / Adult (age 15+) / Intermediate / -65,0 kg"
16610,924378,"Men / Adult (age 15+) / Intermediate / -70,0 kg"
16610,924380,"Men / Adult (age 15+) / Intermediate / -76,0 kg"
16610,924383,"Men / Adult (age 15+) / Intermediate / -83,0 kg"
16610,924379,"Men / Adult (age 15+) / Intermediate / -91,0 kg"
16610,924382,"Men / Adult (age 15+) / Intermediate / -100,0 kg"
16610,924385,"Men / Adult (age 15+) / Intermediate / +100,0 kg"
16610,924408,"Men / Adult (age 15+) / Advanced / -60,0 kg"
16610,924407,"Men / Adult (age 15+) / Advanced / -65,0 kg"
16610,924404,"Men / Adult (age 15+) / Advanced / -70,0 kg"
16610,924405,"Men / Adult (age 15+) / Advanced / -76,0 kg"
16610,924403,"Men / Adult (age 15+) / Advanced / -83,0 kg"
16610,924406,"Men / Adult (age 15+) / Advanced / -91,0 kg"
16610,924409,"Men / Adult (age 15+) / Advanced / -100,0 kg"
16610,924410,"Men / Adult (age 15+) / Advanced / +100,0 kg"
16610,924416,"Men / Master (age 35+) / Beginner / -70,0 kg"
16610,924417,"Men / Master (age 35+) / Beginner / +100,0 kg"
16610,924374,"Men / Master (age 35+) / Intermediate / -70,0 kg"
16610,924375,"Men / Master (age 35+) / Intermediate / -76,0 kg"
16610,924373,"Men / Master (age 35+) / Intermediate / -83,0 kg"
16610,924377,"Men / Master (age 35+) / Intermediate / -91,0 kg"
16610,924372,"Men / Master (age 35+) / Intermediate / -100,0 kg"
16610,924376,"Men / Master (age 35+) / Intermediate / +100,0 kg"
16610,924400,"Men / Master (age 35+) / Advanced / -65,0 kg"
16610,924399,"Men / Master (age 35+) / Advanced / -70,0 kg"
16610,924398,"Men / Master (age 35+) / Advanced / -83,0 kg"
16610,924396,"Men / Master (age 35+) / Advanced / -100,0 kg"
16610,924397,"Men / Master (age 35+) / Advanced / +100,0 kg"
16610,924371,"Men / Master 2 (age 45+) / Intermediate / -100,0 kg"
16610,924388,"Men / Master 2 (age 45+) / Advanced / -100,0 kg"
16610,925135,Men's Absolute / Adult / Advanced
15887,892380,"Women / Adult (age 16+) / Beginner / -50,0 kg"
15887,892384,"Women / Adult (age 16+) / Beginner / -55,0 kg"
15887,892383,"Women / Adult (age 16+) / Beginner / -60,0 kg"
15887,892379,"Women / Adult (age 16+) / Beginner / -65,0 kg"
15887,892381,"Women / Adult (age 16+) / Beginner / -70,0 kg"
15887,892387,"Women / Adult (age 16+) / Beginner / +70,0 kg"
15887,891907,"Women / Adult (age 16+) / Intermediate / -60,0 kg"
15887,891906,"Women / Adult (age 16+) / Intermediate / -65,0 kg"
15887,891905,"Women / Adult (age 16+) / Intermediate / -70,0 kg"
15887,891904,"Women / Adult (age 16+) / Intermediate / +70,0 kg"
15887,892315,"Women / Adult (age 16+) / Advanced / -50,0 kg"
15887,892312,"Women / Adult (age 16+) / Advanced / -60,0 kg"
15887,892318,"Women / Adult (age 16+) / Advanced / -70,0 kg"
15887,892314,"Women / Adult (age 16+) / Advanced / +70,0 kg"
15887,892386,"Women / Master (age 35+) / Beginner / -65,0 kg"
15887,892385,"Women / Master (age 35+) / Beginner / -70,0 kg"
15887,892388,"Women / Master (age 35+) / Beginner / +70,0 kg"
15887,891888,"Women / Master (age 35+) / Intermediate / -65,0 kg"
15887,892316,"Women / Master (age 35+) / Advanced / -50,0 kg"
15887,892313,"Women / Master (age 35+) / Advanced / -60,0 kg"
15887,892437,Women's Absolute / Adult / Advanced
15887,892452,"Men / Adult (age 16+) / Beginner / -60,0 kg"
15887,892451,"Men / Adult (age 16+) / Beginner / -65,0 kg"
15887,892449,"Men / Adult (age 16+) / Beginner / -70,0 kg"
15887,892447,"Men / Adult (age 16+) / Beginner / -76,0 kg"
15887,892450,"Men / Adult (age 16+) / Beginner / -83,0 kg"
15887,892453,"Men / Adult (age 16+) / Beginner / -91,0 kg"
15887,892454,"Men / Adult (age 16+) / Beginner / -100,0 kg"
15887,892448,"Men / Adult (age 16+) / Beginner / +100,0 kg"
15887,891932,"Men / Adult (age 16+) / Intermediate / -60,0 kg"
15887,891933,"Men / Adult (age 16+) / Intermediate / -65,0 kg"
15887,891931,"Men / Adult (age 16+) / Intermediate / -70,0 kg"
15887,891929,"Men / Adult (age 16+) / Intermediate / -76,0 kg"
15887,891930,"Men / Adult (age 16+) / Intermediate / -83,0 kg"
15887,891934,"Men / Adult (age 16+) / Intermediate / -91,0 kg"
15887,891935,"Men / Adult (age 16+) / Intermediate / -100,0 kg"
15887,891936,"Men / Adult (age 16+) / Intermediate / +100,0 kg"
15887,892365,"Men / Adult (age 16+) / Advanced / -60,0 kg"
15887,892360,"Men / Adult (age 16+) / Advanced / -65,0 kg"
15887,892359,"Men / Adult (age 16+) / Advanced / -70,0 kg"
15887,892358,"Men / Adult (age 16+) / Advanced / -76,0 kg"
15887,892361,"Men / Adult (age 16+) / Advanced / -83,0 kg"
15887,892363,"Men / Adult (age 16+) / Advanced / -91,0 kg"
15887,892362,"Men / Adult (age 16+) / Advanced / -100,0 kg"
15887,892364,"Men / Adult (age 16+) / Advanced / +100,0 kg"
15887,892472,"Men / Master (age 35+) / Beginner / -65,0 kg"
15887,892473,"Men / Master (age 35+) / Beginner / -70,0 kg"
15887,892477,"Men / Master (age 35+) / Beginner / -76,0 kg"
15887,892474,"Men / Master (age 35+) / Beginner / -83,0 kg"
15887,892471,"Men / Master (age 35+) / Beginner / -91,0 kg"
15887,892475,"Men / Master (age 35+) / Beginner / +100,0 kg"
15887,891900,"Men / Master (age 35+) / Intermediate / -70,0 kg"
15887,891903,"Men / Master (age 35+) / Intermediate / -76,0 kg"
15887,891899,"Men / Master (age 35+) / Intermediate / -83,0 kg"
15887,891901,"Men / Master (age 35+) / Intermediate / -91,0 kg"
15887,891902,"Men / Master (age 35+) / Intermediate / -100,0 kg"
15887,892334,"Men / Master (age 35+) / Advanced / -65,0 kg"
15887,892332,"Men / Master (age 35+) / Advanced / -70,0 kg"
15887,892330,"Men / Master (age 35+) / Advanced / -76,0 kg"
15887,892331,"Men / Master (age 35+) / Advanced / -83,0 kg"
15887,892325,"Men / Master (age 35+) / Advanced / -91,0 kg"
15887,892333,"Men / Master (age 35+) / Advanced / -100,0 kg"
15887,892371,"Men / Master (age 35+) / Advanced / +100,0 kg"
15887,891889,"Men / Master 2 (age 45+) / Intermediate / -91,0 kg"
15887,891890,"Men / Master 2 (age 45+) / Intermediate / -100,0 kg"
15887,892326,"Men / Master 2 (age 45+) / Advanced / -76,0 kg"
15887,892327,"Men / Master 2 (age 45+) / Advanced / +100,0 kg"
15887,892439,Men's Absolute / Adult / Advanced
15887,891811,"Girls [7-8 years] / Advanced / -32,0 kg"
15887,891824,"Girls [9-10 years] / Intermediate / -40,0 kg"
15887,891822,"Girls [9-10 years] / Advanced / -28,0 kg"
15887,891832,"Girls [11-12 years] / Intermediate / -40,0 kg"
15887,891838,"Girls [11-12 years] / Intermediate / -52,0 kg"
15887,891829,"Girls [11-12 years] / Advanced / -44,0 kg"
15887,891830,"Girls [11-12 years] / Advanced / -48,0 kg"
15887,891835,"Girls [11-12 years] / Advanced / -52,0 kg"
15887,891848,"Girls [13-14 years] / Beginner / -40,0 kg"
15887,891845,"Girls [13-14 years] / Intermediate / -50,0 kg"
15887,891847,"Girls [13-14 years] / Intermediate / -55,0 kg"
15887,891843,"Girls [13-14 years] / Intermediate / -60,0 kg"
15887,891844,"Girls [13-14 years] / Advanced / -60,0 kg"
15887,891876,"Girls [15-17 years] / Intermediate / -55,0 kg"
15887,891877,"Girls [15-17 years] / Intermediate / -60,0 kg"
15887,891869,"Girls [15-17 years] / Advanced / -55,0 kg"
15887,891872,"Girls [15-17 years] / Advanced / -60,0 kg"
15887,891808,"Boys [7-8 years] / Beginner / -32,0 kg"
15887,891807,"Boys [7-8 years] / Intermediate / -24,0 kg"
15887,891812,"Boys-Girls [7-8 years] / Intermediate / -28,0 kg"
15887,891810,"Boys-Girls [7-8 years] / Intermediate / -36,0 kg"
15887,891809,"Boys [7-8 years] / Intermediate / -40,0 kg"
15887,891820,"Boys-Girls [9-10 years] / Beginner / -28,0 kg"
15887,891818,"Boys [9-10 years] / Beginner / -44,0 kg"
15887,891815,"Boys [9-10 years] / Intermediate / -32,0 kg"
15887,891814,"Boys [9-10 years] / Intermediate / -36,0 kg"
15887,891817,"Boys [9-10 years] / Intermediate / -40,0 kg"
15887,891816,"Boys [9-10 years] / Advanced / -36,0 kg"
15887,891823,"Boys [9-10 years] / Advanced / -40,0 kg"
15887,891836,"Boys [11-12 years] / Intermediate / -40,0 kg"
15887,891837,"Boys [11-12 years] / Intermediate / -44,0 kg"
15887,891839,"Boys [11-12 years] / Intermediate / -52,0 kg"
15887,891827,"Boys [11-12 years] / Advanced / -48,0 kg"
15887,891828,"Boys [11-12 years] / Advanced / -52,0 kg"
15887,891833,"Boys [11-12 years] / Advanced / +52,0 kg"
15887,891855,"Boys [13-14 years] / Intermediate / -40,0 kg"
15887,891852,"Boys [13-14 years] / Intermediate / -45,0 kg"
15887,891857,"Boys [13-14 years] / Intermediate / -50,0 kg"
15887,891858,"Boys [13-14 years] / Intermediate / -55,0 kg"
15887,891851,"Boys [13-14 years] / Intermediate / -60,0 kg"
15887,891853,"Boys [13-14 years] / Intermediate / -65,0 kg"
15887,891854,"Boys [13-14 years] / Intermediate / +65,0 kg"
15887,891859,"Boys [13-14 years] / Advanced / -55,0 kg"
15887,891874,"Boys [15-17 years] / Beginner / -60,0 kg"
15887,891868,"Boys [15-17 years] / Beginner / -65,0 kg"
15887,891867,"Boys [15-17 years] / Beginner / -75,0 kg"
15887,891878,"Boys [15-17 years] / Beginner / -80,0 kg"
15887,891871,"Boys [15-17 years] / Beginner / +80,0 kg"
15887,891875,"Boys [15-17 years] / Intermediate / -60,0 kg"
15887,891883,"Boys [15-17 years] / Advanced / -60,0 kg"
15887,891880,"Boys [15-17 years] / Advanced / -65,0 kg"
15887,891870,"Boys [15-17 years] / Advanced / -70,0 kg"
15887,891881,"Boys [15-17 years] / Advanced / -75,0 kg"
15887,891873,"Boys [15-17 years] / Advanced / +80,0 kg"
14786,864516,"Women / Adult (age 15+) / Beginner / -55,0 kg"
14786,864527,"Women / Adult (age 15+) / Beginner / -70,0 kg"
14786,864517,"Women / Adult (age 15+) / Beginner / +70,0 kg"
14786,867715,"Women / Adult (age 15+) / Intermediate / -50,0 kg"
14786,867591,"Women / Adult (age 15+) / Intermediate / -55,0 kg"
14786,867607,"Women / Adult (age 15+) / Intermediate / -60,0 kg"
14786,867604,"Women / Adult (age 15+) / Intermediate / -65,0 kg"
14786,864525,"Women / Adult (age 15+) / Intermediate / -70,0 kg"
14786,864521,"Women / Adult (age 15+) / Intermediate / +70,0 kg"
14786,864531,"Women / Master (age 35+) / Intermediate / -60,0 kg"
14786,864528,"Women / Master (age 35+) / Intermediate / -65,0 kg"
14786,864530,"Women / Master (age 35+) / Intermediate / -70,0 kg"
14786,864529,"Women / Master (age 35+) / Intermediate / +70,0 kg"
14786,864526,"Men / Adult (age 15+) / Beginner / -60,0 kg"
14786,867602,"Men / Adult (age 15+) / Beginner / -65,0 kg"
14786,864507,"Men / Adult (age 15+) / Beginner / -70,0 kg"
14786,867612,"Men / Adult (age 15+) / Beginner / -76,0 kg"
14786,864519,"Men / Adult (age 15+) / Beginner / -83,0 kg"
14786,864520,"Men / Adult (age 15+) / Beginner / -91,0 kg"
14786,867605,"Men / Adult (age 15+) / Beginner / -100,0 kg"
14786,864509,"Men / Adult (age 15+) / Beginner / +100,0 kg"
14786,867590,"Men / Adult (age 15+) / Intermediate / -60,0 kg"
14786,864515,"Men / Adult (age 15+) / Intermediate / -65,0 kg"
14786,867725,"Men / Adult (age 15+) / Intermediate / -70,0 kg"
14786,864503,"Men / Adult (age 15+) / Intermediate / -76,0 kg"
14786,864508,"Men / Adult (age 15+) / Intermediate / -83,0 kg"
14786,864506,"Men / Adult (age 15+) / Intermediate / -91,0 kg"
14786,864510,"Men / Adult (age 15+) / Intermediate / -100,0 kg"
14786,864511,"Men / Adult (age 15+) / Intermediate / +100,0 kg"
14786,864535,"Men / Master (age 35+) / Intermediate / -65,0 kg"
14786,864533,"Men / Master (age 35+) / Intermediate / -76,0 kg"
14786,864536,"Men / Master (age 35+) / Intermediate / -83,0 kg"
14786,864532,"Men / Master (age 35+) / Intermediate / -91,0 kg"
14786,864534,"Men / Master (age 35+) / Intermediate / +100,0 kg"
14786,867606,"Men / Master (age 35+) / Advanced / -65,0 kg"
14786,864455,"Men / Master (age 35+) / Advanced / -70,0 kg"
14786,867603,"Men / Master (age 35+) / Advanced / -76,0 kg"
14786,864482,"Men / Master (age 35+) / Advanced / -83,0 kg"
14786,864460,"Men / Master (age 35+) / Advanced / -91,0 kg"
14786,864488,"Men / Master (age 35+) / Advanced / -100,0 kg"
14786,864457,"Men / Master (age 35+) / Advanced / +100,0 kg"
14786,864501,"Men / Master 2 (age 45+) / Beginner / -91,0 kg"
14786,864463,"Men / Master 2 (age 45+) / Intermediate / -83,0 kg"
14786,864473,"Men / Master 2 (age 45+) / Intermediate / -100,0 kg"
14786,864492,"Men / Master 2 (age 45+) / Advanced / -70,0 kg"
14786,864475,"Men / Master 2 (age 45+) / Advanced / -76,0 kg"
14786,864458,"Men / Master 2 (age 45+) / Advanced / -91,0 kg"
14786,867468,"Girls [6 and under] / Beginner / -20,0 kg"
14786,867470,"Girls [6 and under] / Intermediate / -20,0 kg"
14786,867472,"Girls [7-8 years] / Intermediate / -24,0 kg"
14786,867471,"Girls [7-8 years] / Intermediate / -32,0 kg"
14786,867474,"Girls [7-8 years] / Advanced / -20,0 kg"
14786,867473,"Girls [7-8 years] / Advanced / -24,0 kg"
14786,867480,"Girls [9-10 years] / Intermediate / -24,0 kg"
14786,867485,"Girls [9-10 years] / Intermediate / -28,0 kg"
14786,867481,"Girls [9-10 years] / Intermediate / -32,0 kg"
14786,867479,"Girls [9-10 years] / Intermediate / -36,0 kg"
14786,867486,"Girls [9-10 years] / Intermediate / -40,0 kg"
14786,867484,"Girls [9-10 years] / Advanced / -24,0 kg"
14786,867477,"Girls [9-10 years] / Advanced / -32,0 kg"
14786,867478,"Girls [9-10 years] / Advanced / -36,0 kg"
14786,867498,"Girls [11-12 years] / Beginner / -44,0 kg"
14786,867499,"Girls [11-12 years] / Intermediate / -36,0 kg"
14786,867490,"Girls [11-12 years] / Intermediate / -52,0 kg"
14786,867489,"Girls [11-12 years] / Intermediate / +55,0 kg"
14786,867482,"Girls [11-12 years] / Advanced / -32,0 kg"
14786,867488,"Girls [11-12 years] / Advanced / -36,0 kg"
14786,867496,"Girls [11-12 years] / Advanced / -40,0 kg"
14786,867497,"Girls [11-12 years] / Advanced / -44,0 kg"
14786,867491,"Girls [11-12 years] / Advanced / -52,0 kg"
14786,867494,"Girls [11-12 years] / Advanced / -55,0 kg"
14786,867492,"Girls [11-12 years] / Advanced / +55,0 kg"
14786,867505,"Girls [13-14 years] / Intermediate / -45,0 kg"
14786,867506,"Girls [13-14 years] / Intermediate / -50,0 kg"
14786,867500,"Girls [13-14 years] / Intermediate / -55,0 kg"
14786,867509,"Girls [13-14 years] / Intermediate / +60,0 kg"
14786,867508,"Girls [13-14 years] / Advanced / -40,0 kg"
14786,867504,"Girls [13-14 years] / Advanced / -45,0 kg"
14786,867502,"Girls [13-14 years] / Advanced / -50,0 kg"
14786,867501,"Girls [13-14 years] / Advanced / -55,0 kg"
14786,867507,"Girls [13-14 years] / Advanced / -60,0 kg"
14786,867503,"Girls [13-14 years] / Advanced / +60,0 kg"
14786,867516,"Girls [15-17 years] / Intermediate / -55,0 kg"
14786,867514,"Girls [15-17 years] / Intermediate / +65,0 kg"
14786,867511,"Girls [15-17 years] / Advanced / -45,0 kg"
14786,867515,"Girls [15-17 years] / Advanced / -50,0 kg"
14786,867513,"Girls [15-17 years] / Advanced / -55,0 kg"
14786,867510,"Girls [15-17 years] / Advanced / -65,0 kg"
14786,867897,"Girls [15-17 years] / Advanced / +65,0 kg"
14786,867520,"Boys [6 and under] / Beginner / -20,0 kg"
14786,867521,"Boys [6 and under] / Beginner / -24,0 kg"
14786,867519,"Boys [6 and under] / Intermediate / -20,0 kg"
14786,867747,"Boys [6 and under] / Intermediate / -24,0 kg"
14786,867518,"Boys [6 and under] / Intermediate / -28,0 kg"
14786,867529,"Boys [7-8 years] / Beginner / -24,0 kg"
14786,867475,"Boys [7-8 years] / Beginner / -32,0 kg"
14786,867522,"Boys [7-8 years] / Intermediate / -24,0 kg"
14786,867523,"Boys [7-8 years] / Intermediate / -28,0 kg"
14786,867524,"Boys [7-8 years] / Intermediate / -32,0 kg"
14786,867528,"Boys [7-8 years] / Intermediate / -36,0 kg"
14786,867526,"Boys [7-8 years] / Advanced / -24,0 kg"
14786,867527,"Boys [7-8 years] / Advanced / -28,0 kg"
14786,867525,"Boys [7-8 years] / Advanced / -32,0 kg"
14786,867530,"Boys [7-8 years] / Advanced / -36,0 kg"
14786,867541,"Boys [9-10 years] / Beginner / -28,0 kg"
14786,867483,"Boys [9-10 years] / Beginner / -32,0 kg"
14786,867538,"Boys [9-10 years] / Intermediate / -24,0 kg"
14786,867539,"Boys [9-10 years] / Intermediate / -28,0 kg"
14786,867532,"Boys [9-10 years] / Intermediate / -32,0 kg"
14786,867534,"Boys [9-10 years] / Intermediate / -36,0 kg"
14786,867531,"Boys [9-10 years] / Intermediate / -40,0 kg"
14786,867487,"Boys [9-10 years] / Intermediate / -44,0 kg"
14786,867542,"Boys [9-10 years] / Intermediate / -48,0 kg"
14786,867543,"Boys [9-10 years] / Advanced / -24,0 kg"
14786,867533,"Boys [9-10 years] / Advanced / -28,0 kg"
14786,867535,"Boys [9-10 years] / Advanced / -32,0 kg"
14786,867536,"Boys [9-10 years] / Advanced / -36,0 kg"
14786,867476,"Boys [9-10 years] / Advanced / -40,0 kg"
14786,867537,"Boys [9-10 years] / Advanced / -44,0 kg"
14786,867544,"Boys [9-10 years] / Advanced / +48,0 kg"
14786,867556,"Boys [11-12 years] / Beginner / -44,0 kg"
14786,867555,"Boys [11-12 years] / Beginner / -55,0 kg"
14786,867548,"Boys [11-12 years] / Intermediate / -32,0 kg"
14786,867552,"Boys [11-12 years] / Intermediate / -36,0 kg"
14786,867558,"Boys [11-12 years] / Intermediate / -40,0 kg"
14786,867549,"Boys [11-12 years] / Intermediate / -44,0 kg"
14786,867554,"Boys [11-12 years] / Intermediate / -48,0 kg"
14786,867553,"Boys [11-12 years] / Intermediate / -52,0 kg"
14786,867560,"Boys [11-12 years] / Intermediate / -55,0 kg"
14786,867540,"Boys [11-12 years] / Advanced / -32,0 kg"
14786,867557,"Boys [11-12 years] / Advanced / -36,0 kg"
14786,867547,"Boys [11-12 years] / Advanced / -40,0 kg"
14786,867550,"Boys [11-12 years] / Advanced / -44,0 kg"
14786,867551,"Boys [11-12 years] / Advanced / -48,0 kg"
14786,867545,"Boys [11-12 years] / Advanced / -52,0 kg"
14786,867559,"Boys [11-12 years] / Advanced / -55,0 kg"
14786,867546,"Boys [11-12 years] / Advanced / +55,0 kg"
14786,867575,"Boys [13-14 years] / Beginner / -65,0 kg"
14786,867561,"Boys [13-14 years] / Intermediate / -40,0 kg"
14786,867566,"Boys [13-14 years] / Intermediate / -45,0 kg"
14786,867565,"Boys [13-14 years] / Intermediate / -50,0 kg"
14786,867571,"Boys [13-14 years] / Intermediate / -55,0 kg"
14786,867569,"Boys [13-14 years] / Intermediate / -65,0 kg"
14786,867594,"Boys [13-14 years] / Intermediate / +65,0 kg"
14786,867562,"Boys [13-14 years] / Advanced / -40,0 kg"
14786,867563,"Boys [13-14 years] / Advanced / -45,0 kg"
14786,867564,"Boys [13-14 years] / Advanced / -50,0 kg"
14786,867574,"Boys [13-14 years] / Advanced / -55,0 kg"
14786,867567,"Boys [13-14 years] / Advanced / -60,0 kg"
14786,867572,"Boys [13-14 years] / Advanced / -65,0 kg"
14786,867568,"Boys [13-14 years] / Advanced / +65,0 kg"
14786,867582,"Boys [15-17 years] / Beginner / -65,0 kg"
14786,867584,"Boys [15-17 years] / Beginner / -75,0 kg"
14786,867583,"Boys [15-17 years] / Beginner / +80,0 kg"
14786,867593,"Boys [15-17 years] / Intermediate / -55,0 kg"
14786,867586,"Boys [15-17 years] / Intermediate / -60,0 kg"
14786,867576,"Boys [15-17 years] / Intermediate / -65,0 kg"
14786,867578,"Boys [15-17 years] / Intermediate / -75,0 kg"
14786,867585,"Boys [15-17 years] / Intermediate / +80,0 kg"
14786,867587,"Boys [15-17 years] / Advanced / -50,0 kg"
14786,867579,"Boys [15-17 years] / Advanced / -55,0 kg"
14786,867570,"Boys [15-17 years] / Advanced / -60,0 kg"
14786,867577,"Boys [15-17 years] / Advanced / -65,0 kg"
14786,867581,"Boys [15-17 years] / Advanced / -70,0 kg"
14786,867580,"Boys [15-17 years] / Advanced / -75,0 kg"
14786,867588,"Boys [15-17 years] / Advanced / +80,0 kg"
14815,847896,"Women / Adult / Beginner / -55,0 kg"
14815,847897,"Women / Adult / Intermediate / -55,0 kg"
14815,847898,"Women / Adult / Intermediate / -60,0 kg"
14815,847901,"Women / Adult / Intermediate / -65,0 kg"
14815,847902,"Women / Adult / Intermediate / -70,0 kg"
14815,847903,"Women / Adult / Intermediate / +70,0 kg"
14815,848011,"Women / Adult / Advanced / -55,0 kg"
14815,847929,"Women / Adult / Advanced / -60,0 kg"
14815,847930,"Women / Adult / Advanced / +70,0 kg"
14815,848235,Women's Absolute / Adult / Advanced
14815,847932,"Men / Adult / Beginner / -60,0 kg"
14815,847933,"Men / Adult / Beginner / -70,0 kg"
14815,847934,"Men / Adult / Beginner / -76,0 kg"
14815,847935,"Men / Adult / Beginner / -83,0 kg"
14815,847936,"Men / Adult / Beginner / -91,0 kg"
14815,847937,"Men / Adult / Beginner / -100,0 kg"
14815,847938,"Men / Adult / Intermediate / -60,0 kg"
14815,847939,"Men / Adult / Intermediate / -65,0 kg"
14815,847940,"Men / Adult / Intermediate / -70,0 kg"
14815,847944,"Men / Adult / Intermediate / -76,0 kg"
14815,847947,"Men / Adult / Intermediate / -83,0 kg"
14815,847946,"Men / Adult / Intermediate / -91,0 kg"
14815,847951,"Men / Adult / Intermediate / -100,0 kg"
14815,847949,"Men / Adult / Intermediate / +100,0 kg"
14815,847942,"Men / Adult / Advanced / -60,0 kg"
14815,847950,"Men / Adult / Advanced / -65,0 kg"
14815,847943,"Men / Adult / Advanced / -70,0 kg"
14815,847945,"Men / Adult / Advanced / -76,0 kg"
14815,847941,"Men / Adult / Advanced / -83,0 kg"
14815,847953,"Men / Adult / Advanced / -91,0 kg"
14815,847952,"Men / Adult / Advanced / -100,0 kg"
14815,847948,"Men / Adult / Advanced / +100,0 kg"
14815,848009,"Men / Masters 35+ / Beginner / -100,0 kg"
14815,847923,"Men / Masters 35+ / Intermediate / -70,0 kg"
14815,848008,"Men / Masters 35+ / Intermediate / -76,0 kg"
14815,848010,"Men / Masters 35+ / Intermediate / -83,0 kg"
14815,848007,"Men / Masters 35+ / Intermediate / -91,0 kg"
14815,847927,"Men / Masters 35+ / Intermediate / -100,0 kg"
14815,847954,"Men / Masters 35+ / Intermediate / +100,0 kg"
14815,847955,"Men / Masters 35+ / Advanced / -65,0 kg"
14815,847960,"Men / Masters 35+ / Advanced / -70,0 kg"
14815,847959,"Men / Masters 35+ / Advanced / -76,0 kg"
14815,847958,"Men / Masters 35+ / Advanced / -83,0 kg"
14815,847961,"Men / Masters 35+ / Advanced / -91,0 kg"
14815,847956,"Men / Masters 35+ / Advanced / -100,0 kg"
14815,847957,"Men / Masters 35+ / Advanced / +100,0 kg"
14815,848188,Men's Absolute / Adult / Advanced
14815,848200,"Girls [9-10 years] / Intermediate / -32,0 kg"
14815,848190,"Girls [9-10 years] / Intermediate / -36,0 kg"
14815,847968,"Girls [9-10 years] / Advanced / -36,0 kg"
14815,847914,"Girls [9-10 years] / Advanced / -40,0 kg"
14815,848005,"Girls [9-10 years] / Advanced / -44,0 kg"
14815,847907,"Girls [11-12 years] / Intermediate / -32,0 kg"
14815,847982,"Girls [11-12 years] / Advanced / -40,0 kg"
14815,848004,"Girls [11-12 years] / Advanced / -44,0 kg"
14815,847926,"Girls [11-12 years] / Advanced / +52,0 kg"
14815,848203,"Girls [11-12 years] / Advanced / -36,0 kg"
14815,847910,"Girls [13-14 years] / Intermediate / -45,0 kg"
14815,847913,"Girls [13-14 years] / Advanced / -45,0 kg"
14815,847916,"Girls [13-14 years] / Advanced / -50,0 kg"
14815,847981,"Girls [13-14 years] / Advanced / -55,0 kg"
14815,848199,"Girls [15-17 years] / Advanced / -55,0 kg"
14815,847911,"Girls [15-17 years] / Advanced / -60,0 kg"
14815,847912,"Girls [15-17 years] / Advanced / -65,0 kg"
14815,848003,"Girls [15-17 years] / Advanced / +65,0 kg"
14815,848002,"Boys [6 and under] / Intermediate / -24,0 kg"
14815,847984,"Boys [7-8 years] / Intermediate / -24,0 kg"
14815,847985,"Boys [7-8 years] / Intermediate / -28,0 kg"
14815,848204,"Boys [7-8 years] / Intermediate / -32,0 kg"
14815,847928,"Boys [7-8 years] / Intermediate / -36,0 kg"
14815,848001,"Boys [7-8 years] / Intermediate / -40,0 kg"
14815,847999,"Boys [7-8 years] / Intermediate / +44,0 kg"
14815,848000,"Boys [7-8 years] / Advanced / -24,0 kg"
14815,847998,"Boys [7-8 years] / Advanced / -32,0 kg"
14815,848198,"Boys [7-8 years] / Advanced / -40,0 kg"
14815,848197,"Boys [9-10 years] / Intermediate / -28,0 kg"
14815,847997,"Boys [9-10 years] / Intermediate / -36,0 kg"
14815,847996,"Boys [9-10 years] / Intermediate / -48,0 kg"
14815,848196,"Boys [9-10 years] / Intermediate / +48,0 kg"
14815,847969,"Boys [9-10 years] / Advanced / -28,0 kg"
14815,847970,"Boys [9-10 years] / Advanced / -32,0 kg"
14815,847909,"Boys [9-10 years] / Advanced / -36,0 kg"
14815,848013,"Boys [9-10 years] / Advanced / -40,0 kg"
14815,847995,"Boys [9-10 years] / Advanced / -44,0 kg"
14815,848195,"Boys [9-10 years] / Advanced / -48,0 kg"
14815,847921,"Boys [11-12 years] / Intermediate / -36,0 kg"
14815,847983,"Boys [11-12 years] / Intermediate / -40,0 kg"
14815,847967,"Boys [11-12 years] / Intermediate / -44,0 kg"
14815,847917,"Boys [11-12 years] / Intermediate / -48,0 kg"
14815,848202,"Boys [11-12 years] / Intermediate / -52,0 kg"
14815,847994,"Boys [11-12 years] / Advanced / -36,0 kg"
14815,847905,"Boys [11-12 years] / Advanced / -40,0 kg"
14815,847966,"Boys [11-12 years] / Advanced / -44,0 kg"
14815,847980,"Boys [11-12 years] / Advanced / -48,0 kg"
14815,847987,"Boys [11-12 years] / Advanced / -52,0 kg"
14815,847993,"Boys [11-12 years] / Advanced / +52,0 kg"
14815,848177,"Boys [13-14 years] / Intermediate / -45,0 kg"
14815,847908,"Boys [13-14 years] / Intermediate / -55,0 kg"
14815,847992,"Boys [13-14 years] / Intermediate / -60,0 kg"
14815,847991,"Boys [13-14 years] / Intermediate / +65,0 kg"
14815,847906,"Boys [13-14 years] / Advanced / -45,0 kg"
14815,847977,"Boys [13-14 years] / Advanced / -50,0 kg"
14815,847976,"Boys [13-14 years] / Advanced / -55,0 kg"
14815,847971,"Boys [13-14 years] / Advanced / -60,0 kg"
14815,847972,"Boys [13-14 years] / Advanced / -65,0 kg"
14815,847964,"Boys [13-14 years] / Advanced / +65,0 kg"
14815,847990,"Boys [15-17 years] / Beginner / -55,0 kg"
14815,847915,"Boys [15-17 years] / Beginner / -65,0 kg"
14815,848193,"Boys [15-17 years] / Beginner / -70,0 kg"
14815,848191,"Boys [15-17 years] / Beginner / +80,0 kg"
14815,847919,"Boys [15-17 years] / Intermediate / -55,0 kg"
14815,848194,"Boys [15-17 years] / Intermediate / -60,0 kg"
14815,847989,"Boys [15-17 years] / Intermediate / -70,0 kg"
14815,847988,"Boys [15-17 years] / Intermediate / -75,0 kg"
14815,847920,"Boys [15-17 years] / Intermediate / -80,0 kg"
14815,848176,"Boys [15-17 years] / Advanced / -50,0 kg"
14815,847986,"Boys [15-17 years] / Advanced / -55,0 kg"
14815,847965,"Boys [15-17 years] / Advanced / -60,0 kg"
14815,847973,"Boys [15-17 years] / Advanced / -65,0 kg"
14815,847979,"Boys [15-17 years] / Advanced / -70,0 kg"
14815,847978,"Boys [15-17 years] / Advanced / -75,0 kg"
14815,847975,"Boys [15-17 years] / Advanced / -80,0 kg"
14815,847974,"Boys [15-17 years] / Advanced / +80,0 kg"
14700,830299,"Women / Adult (age 15+) / Beginner / -55,0 kg"
14700,830300,"Women / Adult (age 15+) / Beginner / -60,0 kg"
14700,830301,"Women / Adult (age 15+) / Beginner / -70,0 kg"
14700,830302,"Women / Adult (age 15+) / Intermediate / -50,0 kg"
14700,830303,"Women / Adult (age 15+) / Intermediate / -55,0 kg"
14700,830304,"Women / Adult (age 15+) / Intermediate / -60,0 kg"
14700,830305,"Women / Adult (age 15+) / Intermediate / -65,0 kg"
14700,830306,"Women / Adult (age 15+) / Intermediate / +70,0 kg"
14700,830307,"Women / Adult (age 15+) / Advanced / -55,0 kg"
14700,830309,"Women / Adult (age 15+) / Advanced / -60,0 kg"
14700,830298,"Women / Master (age 35+) / Beginner / +70,0 kg"
14700,830476,Women's Absolute / Adult / Advanced
14700,830354,"Men / Adult (age 15+) / Beginner / -60,0 kg"
14700,830360,"Men / Adult (age 15+) / Beginner / -65,0 kg"
14700,830361,"Men / Adult (age 15+) / Beginner / -70,0 kg"
14700,830362,"Men / Adult (age 15+) / Beginner / -76,0 kg"
14700,830363,"Men / Adult (age 15+) / Beginner / -83,0 kg"
14700,830364,"Men / Adult (age 15+) / Beginner / -91,0 kg"
14700,830365,"Men / Adult (age 15+) / Beginner / -100,0 kg"
14700,830366,"Men / Adult (age 15+) / Beginner / +100,0 kg"
14700,830367,"Men / Adult (age 15+) / Intermediate / -60,0 kg"
14700,830368,"Men / Adult (age 15+) / Intermediate / -65,0 kg"
14700,830369,"Men / Adult (age 15+) / Intermediate / -70,0 kg"
14700,830370,"Men / Adult (age 15+) / Intermediate / -76,0 kg"
14700,830371,"Men / Adult (age 15+) / Intermediate / -83,0 kg"
14700,830372,"Men / Adult (age 15+) / Intermediate / -91,0 kg"
14700,830374,"Men / Adult (age 15+) / Intermediate / -100,0 kg"
14700,830375,"Men / Adult (age 15+) / Intermediate / +100,0 kg"
14700,830376,"Men / Adult (age 15+) / Advanced / -60,0 kg"
14700,830377,"Men / Adult (age 15+) / Advanced / -65,0 kg"
14700,830379,"Men / Adult (age 15+) / Advanced / -70,0 kg"
14700,830380,"Men / Adult (age 15+) / Advanced / -76,0 kg"
14700,830381,"Men / Adult (age 15+) / Advanced / -83,0 kg"
14700,830382,"Men / Adult (age 15+) / Advanced / -91,0 kg"
14700,830383,"Men / Adult (age 15+) / Advanced / -100,0 kg"
14700,830384,"Men / Adult (age 15+) / Advanced / +100,0 kg"
14700,830338,"Men / Master (age 35+) / Beginner / -65,0 kg"
14700,830339,"Men / Master (age 35+) / Intermediate / -70,0 kg"
14700,830342,"Men / Master (age 35+) / Intermediate / -76,0 kg"
14700,830343,"Men / Master (age 35+) / Intermediate / -83,0 kg"
14700,830344,"Men / Master (age 35+) / Intermediate / -91,0 kg"
14700,830353,"Men / Master (age 35+) / Intermediate / -100,0 kg"
14700,830352,"Men / Master (age 35+) / Advanced / -65,0 kg"
14700,830351,"Men / Master (age 35+) / Advanced / -70,0 kg"
14700,830350,"Men / Master (age 35+) / Advanced / -76,0 kg"
14700,830349,"Men / Master (age 35+) / Advanced / -83,0 kg"
14700,830348,"Men / Master (age 35+) / Advanced / -91,0 kg"
14700,830347,"Men / Master (age 35+) / Advanced / -100,0 kg"
14700,830346,"Men / Master 2 (age 45+) / Advanced / -76,0 kg"
14700,830345,"Men / Master 2 (age 45+) / Advanced / -91,0 kg"
14700,830477,Men's Absolute / Adult / Advanced
14700,830420,"Girls [7-8 years] / Beginner / -24,0 kg"
14700,830422,"Girls [7-8 years] / Beginner / -28,0 kg"
14700,830424,"Girls [11-12 years] / Beginner / +52,0 kg"
14700,830425,"Girls [11-12 years] / Intermediate / +52,0 kg"
14700,830426,"Boys [6 and under] / Intermediate / -20,0 kg"
14700,830428,"Boys [7-8 years] / Beginner / -40,0 kg"
14700,830430,"Boys [7-8 years] / Intermediate / -24,0 kg"
14700,830433,"Boys [7-8 years] / Intermediate / -28,0 kg"
14700,830435,"Boys [7-8 years] / Intermediate / -32,0 kg"
14700,830445,"Boys [9-10 years] / Intermediate / -32,0 kg"
14700,830446,"Boys [9-10 years] / Intermediate / -40,0 kg"
14700,830447,"Boys [9-10 years] / Intermediate / -44,0 kg"
14700,830448,"Boys [9-10 years] / Intermediate / -48,0 kg"
14700,830449,"Boys [11-12 years] / Beginner / -32,0 kg"
14700,830450,"Boys [11-12 years] / Beginner / -44,0 kg"
14700,830451,"Boys [11-12 years] / Intermediate / +52,0 kg"
14700,830452,"Boys [11-12 years] / Advanced / -32,0 kg"
14700,830453,"Boys [11-12 years] / Advanced / +52,0 kg"
14700,830454,"Boys [13-14 years] / Beginner / -55,0 kg"
14700,830455,"Boys [13-14 years] / Beginner / -65,0 kg"
14700,830463,"Boys [13-14 years] / Intermediate / -65,0 kg"
14700,830462,"Boys [13-14 years] / Advanced / -50,0 kg"
14700,830464,"Boys [15-17 years] / Beginner / -55,0 kg"
14700,831118,"Boys [15-17 years] / Beginner / -60,0 kg"
14700,830467,"Boys [15-17 years] / Beginner / -65,0 kg"
14700,830472,"Boys [15-17 years] / Advanced / -55,0 kg"
14700,830473,"Boys [15-17 years] / Advanced / -60,0 kg"
14700,830474,"Boys [15-17 years] / Advanced / -65,0 kg"
14700,830475,"Boys [15-17 years] / Advanced / -80,0 kg"
14782,816718,"Women / Adult (age 15+) / Beginner / -50,0 kg"
14782,815841,"Women / Adult (age 15+) / Beginner / -60,0 kg"
14782,815836,"Women / Adult (age 15+) / Beginner / -65,0 kg"
14782,815844,"Women / Adult (age 15+) / Beginner / +70,0 kg"
14782,815837,"Women / Adult (age 15+) / Intermediate / -50,0 kg"
14782,815840,"Women / Adult (age 15+) / Intermediate / -55,0 kg"
14782,815845,"Women / Adult (age 15+) / Intermediate / -60,0 kg"
14782,815839,"Women / Adult (age 15+) / Intermediate / -65,0 kg"
14782,815842,"Women / Adult (age 15+) / Intermediate / -70,0 kg"
14782,815838,"Women / Adult (age 15+) / Intermediate / +70,0 kg"
14782,815941,"Women / Adult (age 15+) / Advanced / -55,0 kg"
14782,815940,"Women / Adult (age 15+) / Advanced / -60,0 kg"
14782,815942,"Women / Adult (age 15+) / Advanced / -65,0 kg"
14782,815939,"Women / Adult (age 15+) / Advanced / -70,0 kg"
14782,815943,"Women / Adult (age 15+) / Advanced / +70,0 kg"
14782,815846,"Women / Master (age 35+) / Beginner / -65,0 kg"
14782,815958,"Women / Master (age 35+) / Advanced / -70,0 kg"
14782,815957,"Women / Master (age 35+) / Advanced / +70,0 kg"
14782,816797,Women's Absolute / Adult / Advanced
14782,815874,"Men / Adult (age 15+) / Beginner / -60,0 kg"
14782,815883,"Men / Adult (age 15+) / Beginner / -65,0 kg"
14782,816704,"Men / Adult (age 15+) / Beginner / -70,0 kg"
14782,815876,"Men / Adult (age 15+) / Beginner / -76,0 kg"
14782,815878,"Men / Adult (age 15+) / Beginner / -83,0 kg"
14782,815879,"Men / Adult (age 15+) / Beginner / -91,0 kg"
14782,815881,"Men / Adult (age 15+) / Beginner / -100,0 kg"
14782,815885,"Men / Adult (age 15+) / Beginner / +100,0 kg"
14782,815877,"Men / Adult (age 15+) / Intermediate / -60,0 kg"
14782,815875,"Men / Adult (age 15+) / Intermediate / -65,0 kg"
14782,815873,"Men / Adult (age 15+) / Intermediate / -70,0 kg"
14782,815872,"Men / Adult (age 15+) / Intermediate / -76,0 kg"
14782,815884,"Men / Adult (age 15+) / Intermediate / -83,0 kg"
14782,815880,"Men / Adult (age 15+) / Intermediate / -91,0 kg"
14782,815887,"Men / Adult (age 15+) / Intermediate / -100,0 kg"
14782,815882,"Men / Adult (age 15+) / Intermediate / +100,0 kg"
14782,815935,"Men / Adult (age 15+) / Advanced / -60,0 kg"
14782,815930,"Men / Adult (age 15+) / Advanced / -65,0 kg"
14782,815928,"Men / Adult (age 15+) / Advanced / -70,0 kg"
14782,815929,"Men / Adult (age 15+) / Advanced / -76,0 kg"
14782,815934,"Men / Adult (age 15+) / Advanced / -83,0 kg"
14782,815931,"Men / Adult (age 15+) / Advanced / -91,0 kg"
14782,815932,"Men / Adult (age 15+) / Advanced / -100,0 kg"
14782,815933,"Men / Adult (age 15+) / Advanced / +100,0 kg"
14782,815892,"Men / Master (age 35+) / Beginner / -76,0 kg"
14782,815899,"Men / Master (age 35+) / Beginner / -83,0 kg"
14782,815900,"Men / Master (age 35+) / Beginner / -100,0 kg"
14782,815896,"Men / Master (age 35+) / Beginner / +100,0 kg"
14782,815889,"Men / Master (age 35+) / Intermediate / -65,0 kg"
14782,815897,"Men / Master (age 35+) / Intermediate / -70,0 kg"
14782,815893,"Men / Master (age 35+) / Intermediate / -76,0 kg"
14782,815890,"Men / Master (age 35+) / Intermediate / -83,0 kg"
14782,816709,"Men / Master (age 35+) / Intermediate / -91,0 kg"
14782,815891,"Men / Master (age 35+) / Intermediate / -100,0 kg"
14782,815888,"Men / Master (age 35+) / Intermediate / +100,0 kg"
14782,815950,"Men / Master (age 35+) / Advanced / -65,0 kg"
14782,815949,"Men / Master (age 35+) / Advanced / -70,0 kg"
14782,815947,"Men / Master (age 35+) / Advanced / -76,0 kg"
14782,815945,"Men / Master (age 35+) / Advanced / -83,0 kg"
14782,815946,"Men / Master (age 35+) / Advanced / -91,0 kg"
14782,815954,"Men / Master (age 35+) / Advanced / -100,0 kg"
14782,815952,"Men / Master (age 35+) / Advanced / +100,0 kg"
14782,815898,"Men / Master 2 (age 45+) / Intermediate / -76,0 kg"
14782,815894,"Men / Master 2 (age 45+) / Intermediate / -91,0 kg"
14782,816798,"Men / Master 2 (age 45+) / Advanced / -65,0 kg"
14782,815948,"Men / Master 2 (age 45+) / Advanced / -83,0 kg"
14782,815953,"Men / Master 2 (age 45+) / Advanced / -91,0 kg"
14782,815951,"Men / Master 2 (age 45+) / Advanced / +100,0 kg"
14782,816802,Men's Absolute / Adult / Advanced
14782,815677,"Girls [7-8 years] / Intermediate / -24,0 kg"
14782,815680,"Girls [7-8 years] / Intermediate / -32,0 kg"
14782,815676,"Girls [7-8 years] / Advanced / -24,0 kg"
14782,815678,"Girls [7-8 years] / Advanced / -32,0 kg"
14782,815679,"Girls [7-8 years] / Advanced / -36,0 kg"
14782,815693,"Girls [9-10 years] / Beginner / -32,0 kg"
14782,815692,"Girls [9-10 years] / Beginner / -40,0 kg"
14782,815684,"Girls [9-10 years] / Intermediate / -32,0 kg"
14782,815686,"Girls [9-10 years] / Intermediate / -36,0 kg"
14782,815691,"Girls [9-10 years] / Intermediate / -40,0 kg"
14782,815685,"Girls [9-10 years] / Intermediate / -44,0 kg"
14782,815687,"Girls [9-10 years] / Advanced / -32,0 kg"
14782,815688,"Girls [9-10 years] / Advanced / -36,0 kg"
14782,815689,"Girls [9-10 years] / Advanced / -40,0 kg"
14782,815683,"Girls [9-10 years] / Advanced / -44,0 kg"
14782,815690,"Girls [9-10 years] / Advanced / +48,0 kg"
14782,815700,"Girls [11-12 years] / Intermediate / -32,0 kg"
14782,815699,"Girls [11-12 years] / Intermediate / -36,0 kg"
14782,815704,"Girls [11-12 years] / Intermediate / -40,0 kg"
14782,815708,"Girls [11-12 years] / Intermediate / -44,0 kg"
14782,815709,"Girls [11-12 years] / Intermediate / -48,0 kg"
14782,815701,"Girls [11-12 years] / Intermediate / -52,0 kg"
14782,815702,"Girls [11-12 years] / Intermediate / +52,0 kg"
14782,815707,"Girls [11-12 years] / Advanced / -32,0 kg"
14782,815698,"Girls [11-12 years] / Advanced / -36,0 kg"
14782,815705,"Girls [11-12 years] / Advanced / -40,0 kg"
14782,815706,"Girls [11-12 years] / Advanced / -44,0 kg"
14782,815710,"Girls [11-12 years] / Advanced / -48,0 kg"
14782,815703,"Girls [11-12 years] / Advanced / -52,0 kg"
14782,815711,"Girls [11-12 years] / Advanced / +52,0 kg"
14782,815770,"Girls [13-14 years] / Beginner / -60,0 kg"
14782,815765,"Girls [13-14 years] / Intermediate / -45,0 kg"
14782,815764,"Girls [13-14 years] / Intermediate / -50,0 kg"
14782,815767,"Girls [13-14 years] / Intermediate / -55,0 kg"
14782,815769,"Girls [13-14 years] / Intermediate / +60,0 kg"
14782,815762,"Girls [13-14 years] / Advanced / -45,0 kg"
14782,815763,"Girls [13-14 years] / Advanced / -50,0 kg"
14782,815771,"Girls [13-14 years] / Advanced / -55,0 kg"
14782,815768,"Girls [13-14 years] / Advanced / -60,0 kg"
14782,815777,"Girls [15-17 years] / Intermediate / -55,0 kg"
14782,815774,"Girls [15-17 years] / Intermediate / -60,0 kg"
14782,815775,"Girls [15-17 years] / Intermediate / -65,0 kg"
14782,815776,"Girls [15-17 years] / Advanced / -45,0 kg"
14782,815773,"Girls [15-17 years] / Advanced / -60,0 kg"
14782,815766,"Girls [15-17 years] / Advanced / -65,0 kg"
14782,815713,"Boys [6 and under] / Beginner / -24,0 kg"
14782,815715,"Boys [6 and under] / Intermediate / -20,0 kg"
14782,815714,"Boys [6 and under] / Intermediate / -24,0 kg"
14782,815726,"Boys [7-8 years] / Beginner / -28,0 kg"
14782,815723,"Boys [7-8 years] / Beginner / -32,0 kg"
14782,815712,"Boys [7-8 years] / Intermediate / -24,0 kg"
14782,815720,"Boys [7-8 years] / Intermediate / -28,0 kg"
14782,815721,"Boys [7-8 years] / Intermediate / -32,0 kg"
14782,815718,"Boys [7-8 years] / Intermediate / -36,0 kg"
14782,815727,"Boys [7-8 years] / Intermediate / -44,0 kg"
14782,815725,"Boys [7-8 years] / Advanced / -24,0 kg"
14782,815724,"Boys [7-8 years] / Advanced / -28,0 kg"
14782,815722,"Boys [7-8 years] / Advanced / -32,0 kg"
14782,815719,"Boys [7-8 years] / Advanced / -36,0 kg"
14782,815740,"Boys [9-10 years] / Beginner / -32,0 kg"
14782,815744,"Boys [9-10 years] / Beginner / -36,0 kg"
14782,815741,"Boys [9-10 years] / Beginner / -40,0 kg"
14782,815739,"Boys [9-10 years] / Beginner / -48,0 kg"
14782,815730,"Boys [9-10 years] / Intermediate / -28,0 kg"
14782,815733,"Boys [9-10 years] / Intermediate / -32,0 kg"
14782,815731,"Boys [9-10 years] / Intermediate / -36,0 kg"
14782,815735,"Boys [9-10 years] / Intermediate / -40,0 kg"
14782,815737,"Boys [9-10 years] / Intermediate / -44,0 kg"
14782,815736,"Boys [9-10 years] / Intermediate / +48,0 kg"
14782,815729,"Boys [9-10 years] / Advanced / -28,0 kg"
14782,815734,"Boys [9-10 years] / Advanced / -32,0 kg"
14782,815732,"Boys [9-10 years] / Advanced / -36,0 kg"
14782,815738,"Boys [9-10 years] / Advanced / -44,0 kg"
14782,815742,"Boys [9-10 years] / Advanced / -48,0 kg"
14782,815743,"Boys [9-10 years] / Advanced / +48,0 kg"
14782,815759,"Boys [11-12 years] / Beginner / -40,0 kg"
14782,815756,"Boys [11-12 years] / Intermediate / -32,0 kg"
14782,815749,"Boys [11-12 years] / Intermediate / -36,0 kg"
14782,815747,"Boys [11-12 years] / Intermediate / -40,0 kg"
14782,815746,"Boys [11-12 years] / Intermediate / -44,0 kg"
14782,815752,"Boys [11-12 years] / Intermediate / -48,0 kg"
14782,815753,"Boys [11-12 years] / Intermediate / -52,0 kg"
14782,815754,"Boys [11-12 years] / Intermediate / +52,0 kg"
14782,815757,"Boys [11-12 years] / Advanced / -32,0 kg"
14782,815750,"Boys [11-12 years] / Advanced / -36,0 kg"
14782,815748,"Boys [11-12 years] / Advanced / -40,0 kg"
14782,815758,"Boys [11-12 years] / Advanced / -44,0 kg"
14782,815751,"Boys [11-12 years] / Advanced / -48,0 kg"
14782,815760,"Boys [11-12 years] / Advanced / -52,0 kg"
14782,815755,"Boys [11-12 years] / Advanced / +52,0 kg"
14782,815789,"Boys [13-14 years] / Beginner / -55,0 kg"
14782,815779,"Boys [13-14 years] / Intermediate / -40,0 kg"
14782,815778,"Boys [13-14 years] / Intermediate / -45,0 kg"
14782,815780,"Boys [13-14 years] / Intermediate / -55,0 kg"
14782,815786,"Boys [13-14 years] / Intermediate / -60,0 kg"
14782,815783,"Boys [13-14 years] / Advanced / -40,0 kg"
14782,815784,"Boys [13-14 years] / Advanced / -45,0 kg"
14782,815788,"Boys [13-14 years] / Advanced / -50,0 kg"
14782,815781,"Boys [13-14 years] / Advanced / -55,0 kg"
14782,815785,"Boys [13-14 years] / Advanced / -60,0 kg"
14782,815782,"Boys [13-14 years] / Advanced / -65,0 kg"
14782,815787,"Boys [13-14 years] / Advanced / +65,0 kg"
14782,815804,"Boys [15-17 years] / Beginner / -60,0 kg"
14782,815801,"Boys [15-17 years] / Beginner / -75,0 kg"
14782,815795,"Boys [15-17 years] / Intermediate / -55,0 kg"
14782,815802,"Boys [15-17 years] / Intermediate / -60,0 kg"
14782,815798,"Boys [15-17 years] / Intermediate / -65,0 kg"
14782,815796,"Boys [15-17 years] / Intermediate / -75,0 kg"
14782,815800,"Boys [15-17 years] / Intermediate / -80,0 kg"
14782,815803,"Boys [15-17 years] / Intermediate / +80,0 kg"
14782,815805,"Boys [15-17 years] / Advanced / -50,0 kg"
14782,815799,"Boys [15-17 years] / Advanced / -55,0 kg"
14782,815797,"Boys [15-17 years] / Advanced / -60,0 kg"
14782,815792,"Boys [15-17 years] / Advanced / -65,0 kg"
14782,815790,"Boys [15-17 years] / Advanced / -70,0 kg"
14782,815791,"Boys [15-17 years] / Advanced / -75,0 kg"
14782,815793,"Boys [15-17 years] / Advanced / -80,0 kg"
14782,815794,"Boys [15-17 years] / Advanced / +80,0 kg"
14648,808793,"Women / Adult (age 15+) / Beginner / -50,0 kg"
14648,808792,"Women / Adult (age 15+) / Beginner / -60,0 kg"
14648,808791,"Women / Adult (age 15+) / Beginner / -65,0 kg"
14648,808790,"Women / Adult (age 15+) / Beginner / -70,0 kg"
14648,808715,"Women / Adult (age 15+) / Intermediate / -50,0 kg"
14648,808711,"Women / Adult (age 15+) / Intermediate / -55,0 kg"
14648,808714,"Women / Adult (age 15+) / Intermediate / -60,0 kg"
14648,808713,"Women / Adult (age 15+) / Intermediate / -65,0 kg"
14648,808712,"Women / Adult (age 15+) / Intermediate / -70,0 kg"
14648,808710,"Women / Adult (age 15+) / Intermediate / +70,0 kg"
14648,808730,"Women / Adult (age 15+) / Advanced / -60,0 kg"
14648,808729,"Women / Adult (age 15+) / Advanced / -65,0 kg"
14648,808695,"Women / Master (age 35+) / Intermediate / -55,0 kg"
14648,808801,Women's Absolute / Adult / Advanced
14648,808814,"Men / Adult (age 15+) / Beginner / -60,0 kg"
14648,808810,"Men / Adult (age 15+) / Beginner / -65,0 kg"
14648,808806,"Men / Adult (age 15+) / Beginner / -70,0 kg"
14648,808805,"Men / Adult (age 15+) / Beginner / -76,0 kg"
14648,808812,"Men / Adult (age 15+) / Beginner / -83,0 kg"
14648,808811,"Men / Adult (age 15+) / Beginner / -91,0 kg"
14648,808813,"Men / Adult (age 15+) / Beginner / -100,0 kg"
14648,808809,"Men / Adult (age 15+) / Beginner / +100,0 kg"
14648,808716,"Men / Adult (age 15+) / Intermediate / -60,0 kg"
14648,808719,"Men / Adult (age 15+) / Intermediate / -65,0 kg"
14648,808722,"Men / Adult (age 15+) / Intermediate / -70,0 kg"
14648,808720,"Men / Adult (age 15+) / Intermediate / -76,0 kg"
14648,808721,"Men / Adult (age 15+) / Intermediate / -83,0 kg"
14648,808723,"Men / Adult (age 15+) / Intermediate / -91,0 kg"
14648,808725,"Men / Adult (age 15+) / Intermediate / -100,0 kg"
14648,808726,"Men / Adult (age 15+) / Intermediate / +100,0 kg"
14648,808789,"Men / Adult (age 15+) / Advanced / -60,0 kg"
14648,808784,"Men / Adult (age 15+) / Advanced / -65,0 kg"
14648,808780,"Men / Adult (age 15+) / Advanced / -70,0 kg"
14648,808761,"Men / Adult (age 15+) / Advanced / -76,0 kg"
14648,808785,"Men / Adult (age 15+) / Advanced / -83,0 kg"
14648,808786,"Men / Adult (age 15+) / Advanced / -91,0 kg"
14648,808787,"Men / Adult (age 15+) / Advanced / -100,0 kg"
14648,808788,"Men / Adult (age 15+) / Advanced / +100,0 kg"
14648,808799,"Men / Master (age 35+) / Beginner / -91,0 kg"
14648,808798,"Men / Master (age 35+) / Beginner / -100,0 kg"
14648,808701,"Men / Master (age 35+) / Intermediate / -70,0 kg"
14648,808703,"Men / Master (age 35+) / Intermediate / -76,0 kg"
14648,808708,"Men / Master (age 35+) / Intermediate / -83,0 kg"
14648,808705,"Men / Master (age 35+) / Intermediate / -100,0 kg"
14648,808709,"Men / Master (age 35+) / Intermediate / +100,0 kg"
14648,808734,"Men / Master (age 35+) / Advanced / -70,0 kg"
14648,808733,"Men / Master (age 35+) / Advanced / -76,0 kg"
14648,808731,"Men / Master (age 35+) / Advanced / -83,0 kg"
14648,808732,"Men / Master (age 35+) / Advanced / -91,0 kg"
14648,808736,"Men / Master (age 35+) / Advanced / -100,0 kg"
14648,808735,"Men / Master (age 35+) / Advanced / +100,0 kg"
14648,808797,"Men / Master 2 (age 45+) / Beginner / -70,0 kg"
14648,808702,"Men / Master 2 (age 45+) / Intermediate / -70,0 kg"
14648,808704,"Men / Master 2 (age 45+) / Intermediate / -76,0 kg"
14648,808707,"Men / Master 2 (age 45+) / Intermediate / -83,0 kg"
14648,808706,"Men / Master 2 (age 45+) / Intermediate / -91,0 kg"
14648,808804,Men's Absolute / Adult / Advanced
14648,808636,"Girls [7-8 years] / Intermediate / -32,0 kg"
14648,808633,"Girls [7-8 years] / Advanced / -28,0 kg"
14648,808642,"Girls [9-10 years] / Intermediate / -28,0 kg"
14648,808644,"Girls [9-10 years] / Intermediate / -32,0 kg"
14648,808645,"Girls [9-10 years] / Intermediate / -36,0 kg"
14648,808649,"Girls [9-10 years] / Advanced / -44,0 kg"
14648,808652,"Girls [11-12 years] / Intermediate / -40,0 kg"
14648,808651,"Girls [11-12 years] / Intermediate / -48,0 kg"
14648,808662,"Girls [11-12 years] / Advanced / -40,0 kg"
14648,808663,"Girls [11-12 years] / Advanced / -48,0 kg"
14648,808674,"Girls [13-14 years] / Intermediate / -60,0 kg"
14648,808680,"Girls [13-14 years] / Advanced / -50,0 kg"
14648,808677,"Girls [13-14 years] / Advanced / -60,0 kg"
14648,808684,"Girls [15-17 years] / Advanced / -60,0 kg"
14648,808632,"Boys-Girls [6 and under] / Intermediate / -24,0 kg"
14648,808637,"Boys-Girls [7-8 years] / Beginner / -28,0 kg"
14648,808638,"Boys [7-8 years] / Beginner / -32,0 kg"
14648,808639,"Boys [7-8 years] / Beginner / -40,0 kg"
14648,808634,"Boys [7-8 years] / Intermediate / -24,0 kg"
14648,808635,"Boys [7-8 years] / Intermediate / -28,0 kg"
14648,808640,"Boys [7-8 years] / Intermediate / -40,0 kg"
14648,808643,"Boys [9-10 years] / Beginner / -40,0 kg"
14648,808641,"Boys [9-10 years] / Intermediate / -32,0 kg"
14648,808646,"Boys [9-10 years] / Intermediate / -36,0 kg"
14648,808647,"Boys [9-10 years] / Intermediate / -44,0 kg"
14648,808650,"Boys [9-10 years] / Advanced / -36,0 kg"
14648,808654,"Boys [11-12 years] / Intermediate / -36,0 kg"
14648,808653,"Boys [11-12 years] / Intermediate / -40,0 kg"
14648,808648,"Boys [11-12 years] / Intermediate / -48,0 kg"
14648,808655,"Boys [11-12 years] / Intermediate / -52,0 kg"
14648,808657,"Boys [11-12 years] / Advanced / -36,0 kg"
14648,808656,"Boys [11-12 years] / Advanced / -40,0 kg"
14648,808658,"Boys [11-12 years] / Advanced / -44,0 kg"
14648,808659,"Boys [11-12 years] / Advanced / -48,0 kg"
14648,808660,"Boys [11-12 years] / Advanced / -52,0 kg"
14648,808661,"Boys [11-12 years] / Advanced / +52,0 kg"
14648,808673,"Boys [13-14 years] / Intermediate / -45,0 kg"
14648,808671,"Boys [13-14 years] / Intermediate / -50,0 kg"
14648,808670,"Boys [13-14 years] / Intermediate / -55,0 kg"
14648,808672,"Boys [13-14 years] / Intermediate / -60,0 kg"
14648,808675,"Boys [13-14 years] / Intermediate / -65,0 kg"
14648,808678,"Boys [13-14 years] / Advanced / -60,0 kg"
14648,808676,"Boys [13-14 years] / Advanced / +65,0 kg"
14648,808681,"Boys [15-17 years] / Beginner / -60,0 kg"
14648,808688,"Boys [15-17 years] / Beginner / -70,0 kg"
14648,808689,"Boys [15-17 years] / Beginner / -80,0 kg"
14648,808687,"Boys [15-17 years] / Intermediate / -70,0 kg"
14648,808685,"Boys [15-17 years] / Advanced / -65,0 kg"
14648,808686,"Boys [15-17 years] / Advanced / -70,0 kg"
14648,808682,"Boys [15-17 years] / Advanced / -80,0 kg"
14648,808683,"Boys [15-17 years] / Advanced / +80,0 kg"
14244,798591,"Women / Adult (age 15+) / Beginner / -55,0 kg"
14244,798593,"Women / Adult (age 15+) / Beginner / -65,0 kg"
14244,798598,"Women / Adult (age 15+) / Beginner / -70,0 kg"
14244,798596,"Women / Adult (age 15+) / Beginner / +70,0 kg"
14244,798594,"Women / Adult (age 15+) / Intermediate / -50,0 kg"
14244,798590,"Women / Adult (age 15+) / Intermediate / -55,0 kg"
14244,798586,"Women / Adult (age 15+) / Intermediate / -60,0 kg"
14244,798587,"Women / Adult (age 15+) / Intermediate / -65,0 kg"
14244,798592,"Women / Adult (age 15+) / Intermediate / +70,0 kg"
14244,798754,"Women / Adult (age 15+) / Advanced / -55,0 kg"
14244,798752,"Women / Adult (age 15+) / Advanced / -60,0 kg"
14244,798753,"Women / Adult (age 15+) / Advanced / -65,0 kg"
14244,798755,"Women / Adult (age 15+) / Advanced / -70,0 kg"
14244,798751,"Women / Adult (age 15+) / Advanced / +70,0 kg"
14244,798583,"Women / Master (age 35+) / Intermediate / +70,0 kg"
14244,798581,"Women / Master (age 35+) / Advanced / -60,0 kg"
14244,799368,Women's Absolute / Adult / Advanced
14244,798567,"Men / Adult (age 15+) / Beginner / -60,0 kg"
14244,798557,"Men / Adult (age 15+) / Beginner / -65,0 kg"
14244,798559,"Men / Adult (age 15+) / Beginner / -70,0 kg"
14244,798564,"Men / Adult (age 15+) / Beginner / -76,0 kg"
14244,798563,"Men / Adult (age 15+) / Beginner / -83,0 kg"
14244,798558,"Men / Adult (age 15+) / Beginner / -91,0 kg"
14244,798568,"Men / Adult (age 15+) / Beginner / -100,0 kg"
14244,798545,"Men / Adult (age 15+) / Beginner / +100,0 kg"
14244,798546,"Men / Adult (age 15+) / Intermediate / -60,0 kg"
14244,798544,"Men / Adult (age 15+) / Intermediate / -65,0 kg"
14244,798550,"Men / Adult (age 15+) / Intermediate / -70,0 kg"
14244,798551,"Men / Adult (age 15+) / Intermediate / -76,0 kg"
14244,798553,"Men / Adult (age 15+) / Intermediate / -83,0 kg"
14244,798547,"Men / Adult (age 15+) / Intermediate / -91,0 kg"
14244,798562,"Men / Adult (age 15+) / Intermediate / -100,0 kg"
14244,798566,"Men / Adult (age 15+) / Intermediate / +100,0 kg"
14244,798749,"Men / Adult (age 15+) / Advanced / -60,0 kg"
14244,798747,"Men / Adult (age 15+) / Advanced / -65,0 kg"
14244,798742,"Men / Adult (age 15+) / Advanced / -70,0 kg"
14244,798743,"Men / Adult (age 15+) / Advanced / -76,0 kg"
14244,798748,"Men / Adult (age 15+) / Advanced / -83,0 kg"
14244,798744,"Men / Adult (age 15+) / Advanced / -91,0 kg"
14244,798750,"Men / Adult (age 15+) / Advanced / -100,0 kg"
14244,798745,"Men / Adult (age 15+) / Advanced / +100,0 kg"
14244,798528,"Men / Master (age 35+) / Intermediate / -70,0 kg"
14244,798529,"Men / Master (age 35+) / Intermediate / -76,0 kg"
14244,798533,"Men / Master (age 35+) / Intermediate / -83,0 kg"
14244,798539,"Men / Master (age 35+) / Intermediate / -91,0 kg"
14244,798535,"Men / Master (age 35+) / Intermediate / -100,0 kg"
14244,798536,"Men / Master (age 35+) / Intermediate / +100,0 kg"
14244,798542,"Men / Master (age 35+) / Advanced / -65,0 kg"
14244,798537,"Men / Master (age 35+) / Advanced / -70,0 kg"
14244,798532,"Men / Master (age 35+) / Advanced / -76,0 kg"
14244,798531,"Men / Master (age 35+) / Advanced / -83,0 kg"
14244,798534,"Men / Master (age 35+) / Advanced / -91,0 kg"
14244,798538,"Men / Master (age 35+) / Advanced / +100,0 kg"
14244,798779,"Men / Master 2 (age 45+) / Intermediate / -91,0 kg"
14244,798543,"Men / Master 2 (age 45+) / Advanced / -70,0 kg"
14244,798541,"Men / Master 2 (age 45+) / Advanced / -100,0 kg"
14244,799372,Men's Absolute / Adult / Advanced
14244,798602,"Girls [6 and under] / Beginner / -20,0 kg"
14244,798601,"Girls [6 and under] / Beginner / -24,0 kg"
14244,798600,"Girls [6 and under] / Intermediate / -24,0 kg"
14244,798610,"Girls [7-8 years] / Beginner / -24,0 kg"
14244,798603,"Girls [7-8 years] / Intermediate / -24,0 kg"
14244,798604,"Girls [7-8 years] / Intermediate / -28,0 kg"
14244,798607,"Girls [7-8 years] / Intermediate / -32,0 kg"
14244,798606,"Girls [7-8 years] / Advanced / -24,0 kg"
14244,798608,"Girls [7-8 years] / Advanced / -28,0 kg"
14244,798609,"Girls [7-8 years] / Advanced / -32,0 kg"
14244,798700,"Girls [9-10 years] / Beginner / -28,0 kg"
14244,798701,"Girls [9-10 years] / Beginner / -32,0 kg"
14244,798707,"Girls [9-10 years] / Intermediate / -24,0 kg"
14244,798704,"Girls [9-10 years] / Intermediate / -28,0 kg"
14244,798702,"Girls [9-10 years] / Intermediate / -32,0 kg"
14244,798703,"Girls [9-10 years] / Intermediate / -36,0 kg"
14244,798706,"Girls [9-10 years] / Intermediate / -40,0 kg"
14244,798705,"Girls [9-10 years] / Intermediate / -48,0 kg"
14244,798710,"Girls [9-10 years] / Advanced / -32,0 kg"
14244,798711,"Girls [9-10 years] / Advanced / -36,0 kg"
14244,798713,"Girls [9-10 years] / Advanced / -40,0 kg"
14244,798708,"Girls [9-10 years] / Advanced / -44,0 kg"
14244,798709,"Girls [9-10 years] / Advanced / +48,0 kg"
14244,798781,"Girls [11-12 years] / Beginner / -48,0 kg"
14244,798717,"Girls [11-12 years] / Intermediate / -32,0 kg"
14244,798716,"Girls [11-12 years] / Intermediate / -36,0 kg"
14244,798715,"Girls [11-12 years] / Intermediate / -40,0 kg"
14244,798718,"Girls [11-12 years] / Intermediate / -44,0 kg"
14244,798714,"Girls [11-12 years] / Intermediate / +52,0 kg"
14244,798723,"Girls [11-12 years] / Advanced / -32,0 kg"
14244,798719,"Girls [11-12 years] / Advanced / -40,0 kg"
14244,798665,"Girls [11-12 years] / Advanced / -44,0 kg"
14244,798720,"Girls [11-12 years] / Advanced / -48,0 kg"
14244,798721,"Girls [11-12 years] / Advanced / -52,0 kg"
14244,798722,"Girls [11-12 years] / Advanced / +52,0 kg"
14244,799321,Exhibition
14244,798724,"Girls [13-14 years] / Beginner / -50,0 kg"
14244,798725,"Girls [13-14 years] / Beginner / +60,0 kg"
14244,798729,"Girls [13-14 years] / Intermediate / -45,0 kg"
14244,798727,"Girls [13-14 years] / Intermediate / -50,0 kg"
14244,798728,"Girls [13-14 years] / Intermediate / -55,0 kg"
14244,798726,"Girls [13-14 years] / Intermediate / -60,0 kg"
14244,798731,"Girls [13-14 years] / Advanced / -45,0 kg"
14244,798734,"Girls [13-14 years] / Advanced / -50,0 kg"
14244,798730,"Girls [13-14 years] / Advanced / -55,0 kg"
14244,798732,"Girls [13-14 years] / Advanced / -60,0 kg"
14244,798733,"Girls [13-14 years] / Advanced / +60,0 kg"
14244,798735,"Girls [15-17 years] / Intermediate / -55,0 kg"
14244,798736,"Girls [15-17 years] / Intermediate / -65,0 kg"
14244,798740,"Girls [15-17 years] / Advanced / -45,0 kg"
14244,798737,"Girls [15-17 years] / Advanced / -50,0 kg"
14244,798739,"Girls [15-17 years] / Advanced / -55,0 kg"
14244,798738,"Girls [15-17 years] / Advanced / -60,0 kg"
14244,798614,"Boys [6 and under] / Beginner / -20,0 kg"
14244,798615,"Boys [6 and under] / Beginner / -24,0 kg"
14244,798613,"Boys [6 and under] / Intermediate / -20,0 kg"
14244,798612,"Boys [6 and under] / Intermediate / -24,0 kg"
14244,798611,"Boys [6 and under] / Intermediate / -28,0 kg"
14244,798616,"Boys [6 and under] / Advanced / -28,0 kg"
14244,798625,"Boys [7-8 years] / Beginner / -24,0 kg"
14244,798622,"Boys [7-8 years] / Beginner / -28,0 kg"
14244,798626,"Boys [7-8 years] / Beginner / -36,0 kg"
14244,798618,"Boys [7-8 years] / Intermediate / -24,0 kg"
14244,798621,"Boys [7-8 years] / Intermediate / -28,0 kg"
14244,798623,"Boys [7-8 years] / Intermediate / -32,0 kg"
14244,798624,"Boys [7-8 years] / Intermediate / -36,0 kg"
14244,798619,"Boys [7-8 years] / Advanced / -24,0 kg"
14244,798620,"Boys [7-8 years] / Advanced / -28,0 kg"
14244,798627,"Boys [7-8 years] / Advanced / -32,0 kg"
14244,798628,"Boys [7-8 years] / Advanced / -36,0 kg"
14244,798650,"Boys [9-10 years] / Beginner / -28,0 kg"
14244,798647,"Boys [9-10 years] / Beginner / -32,0 kg"
14244,798646,"Boys [9-10 years] / Beginner / -36,0 kg"
14244,798649,"Boys [9-10 years] / Beginner / -48,0 kg"
14244,798648,"Boys [9-10 years] / Beginner / +48,0 kg"
14244,798639,"Boys [9-10 years] / Intermediate / -24,0 kg"
14244,798641,"Boys [9-10 years] / Intermediate / -28,0 kg"
14244,798642,"Boys [9-10 years] / Intermediate / -32,0 kg"
14244,798638,"Boys [9-10 years] / Intermediate / -36,0 kg"
14244,798637,"Boys [9-10 years] / Intermediate / -40,0 kg"
14244,798644,"Boys [9-10 years] / Intermediate / -44,0 kg"
14244,798640,"Boys [9-10 years] / Intermediate / -48,0 kg"
14244,798643,"Boys [9-10 years] / Intermediate / +48,0 kg"
14244,798634,"Boys [9-10 years] / Advanced / -24,0 kg"
14244,798631,"Boys [9-10 years] / Advanced / -28,0 kg"
14244,798630,"Boys [9-10 years] / Advanced / -32,0 kg"
14244,798629,"Boys [9-10 years] / Advanced / -36,0 kg"
14244,798633,"Boys [9-10 years] / Advanced / -40,0 kg"
14244,798635,"Boys [9-10 years] / Advanced / -44,0 kg"
14244,798636,"Boys [9-10 years] / Advanced / -48,0 kg"
14244,798632,"Boys [9-10 years] / Advanced / +48,0 kg"
14244,798780,"Boys [11-12 years] / Beginner / +52,0 kg"
14244,798652,"Boys [11-12 years] / Intermediate / -32,0 kg"
14244,798654,"Boys [11-12 years] / Intermediate / -36,0 kg"
14244,798653,"Boys [11-12 years] / Intermediate / -40,0 kg"
14244,798651,"Boys [11-12 years] / Intermediate / -44,0 kg"
14244,798655,"Boys [11-12 years] / Intermediate / -48,0 kg"
14244,798657,"Boys [11-12 years] / Intermediate / -52,0 kg"
14244,798656,"Boys [11-12 years] / Intermediate / +52,0 kg"
14244,798660,"Boys [11-12 years] / Advanced / -32,0 kg"
14244,798658,"Boys [11-12 years] / Advanced / -36,0 kg"
14244,798661,"Boys [11-12 years] / Advanced / -40,0 kg"
14244,798663,"Boys [11-12 years] / Advanced / -44,0 kg"
14244,798664,"Boys [11-12 years] / Advanced / -48,0 kg"
14244,798659,"Boys [11-12 years] / Advanced / -52,0 kg"
14244,798662,"Boys [11-12 years] / Advanced / +52,0 kg"
14244,798666,"Boys [13-14 years] / Beginner / -50,0 kg"
14244,798668,"Boys [13-14 years] / Beginner / -60,0 kg"
14244,798667,"Boys [13-14 years] / Beginner / +65,0 kg"
14244,798671,"Boys [13-14 years] / Intermediate / -40,0 kg"
14244,798670,"Boys [13-14 years] / Intermediate / -45,0 kg"
14244,798669,"Boys [13-14 years] / Intermediate / -50,0 kg"
14244,798673,"Boys [13-14 years] / Intermediate / -55,0 kg"
14244,798672,"Boys [13-14 years] / Intermediate / -60,0 kg"
14244,798674,"Boys [13-14 years] / Intermediate / -65,0 kg"
14244,798678,"Boys [13-14 years] / Advanced / -40,0 kg"
14244,798677,"Boys [13-14 years] / Advanced / -45,0 kg"
14244,798676,"Boys [13-14 years] / Advanced / -50,0 kg"
14244,798675,"Boys [13-14 years] / Advanced / -55,0 kg"
14244,798679,"Boys [13-14 years] / Advanced / -60,0 kg"
14244,798681,"Boys [13-14 years] / Advanced / -65,0 kg"
14244,798680,"Boys [13-14 years] / Advanced / +65,0 kg"
14244,798683,"Boys [15-17 years] / Beginner / -60,0 kg"
14244,798684,"Boys [15-17 years] / Beginner / -65,0 kg"
14244,798685,"Boys [15-17 years] / Beginner / -70,0 kg"
14244,798682,"Boys [15-17 years] / Beginner / +80,0 kg"
14244,798688,"Boys [15-17 years] / Intermediate / -50,0 kg"
14244,798689,"Boys [15-17 years] / Intermediate / -60,0 kg"
14244,798686,"Boys [15-17 years] / Intermediate / -65,0 kg"
14244,798690,"Boys [15-17 years] / Intermediate / -70,0 kg"
14244,798687,"Boys [15-17 years] / Intermediate / -75,0 kg"
14244,798691,"Boys [15-17 years] / Intermediate / +80,0 kg"
14244,798693,"Boys [15-17 years] / Advanced / -50,0 kg"
14244,798698,"Boys [15-17 years] / Advanced / -55,0 kg"
14244,798692,"Boys [15-17 years] / Advanced / -60,0 kg"
14244,798694,"Boys [15-17 years] / Advanced / -65,0 kg"
14244,798697,"Boys [15-17 years] / Advanced / -70,0 kg"
14244,798695,"Boys [15-17 years] / Advanced / -75,0 kg"
14244,798696,"Boys [15-17 years] / Advanced / -80,0 kg"
14244,798699,"Boys [15-17 years] / Advanced / +80,0 kg"
13678,785504,"Women / Adult (age 15+) / Beginner / -50,0 kg"
13678,785505,"Women / Adult (age 15+) / Beginner / -55,0 kg"
13678,785506,"Women / Adult (age 15+) / Beginner / -60,0 kg"
13678,785507,"Women / Adult (age 15+) / Beginner / -65,0 kg"
13678,786484,"Women / Adult (age 15+) / Beginner / -70,0 kg"
13678,785509,"Women / Adult (age 15+) / Beginner / +70,0 kg"
13678,785510,"Women / Adult (age 15+) / Intermediate / -50,0 kg"
13678,785511,"Women / Adult (age 15+) / Intermediate / -55,0 kg"
13678,785512,"Women / Adult (age 15+) / Intermediate / -60,0 kg"
13678,786489,"Women / Adult (age 15+) / Intermediate / -65,0 kg"
13678,786492,"Women / Adult (age 15+) / Intermediate / -70,0 kg"
13678,785515,"Women / Adult (age 15+) / Intermediate / +70,0 kg"
13678,786247,"Women / Adult (age 15+) / Advanced / -50,0 kg"
13678,786246,"Women / Adult (age 15+) / Advanced / -55,0 kg"
13678,786245,"Women / Adult (age 15+) / Advanced / -60,0 kg"
13678,786244,"Women / Adult (age 15+) / Advanced / -65,0 kg"
13678,786249,"Women / Adult (age 15+) / Advanced / +70,0 kg"
13678,785516,"Women / Master (age 35+) / Intermediate / -65,0 kg"
13678,787275,Women's Absolute / Adult / Advanced
13678,785473,"Men / Adult (age 15+) / Beginner / -60,0 kg"
13678,785474,"Men / Adult (age 15+) / Beginner / -65,0 kg"
13678,785475,"Men / Adult (age 15+) / Beginner / -70,0 kg"
13678,785476,"Men / Adult (age 15+) / Beginner / -76,0 kg"
13678,785477,"Men / Adult (age 15+) / Beginner / -83,0 kg"
13678,785478,"Men / Adult (age 15+) / Beginner / -91,0 kg"
13678,785479,"Men / Adult (age 15+) / Beginner / -100,0 kg"
13678,785480,"Men / Adult (age 15+) / Beginner / +100,0 kg"
13678,785481,"Men / Adult (age 15+) / Intermediate / -60,0 kg"
13678,785482,"Men / Adult (age 15+) / Intermediate / -65,0 kg"
13678,785483,"Men / Adult (age 15+) / Intermediate / -70,0 kg"
13678,785484,"Men / Adult (age 15+) / Intermediate / -76,0 kg"
13678,785485,"Men / Adult (age 15+) / Intermediate / -83,0 kg"
13678,785486,"Men / Adult (age 15+) / Intermediate / -91,0 kg"
13678,785487,"Men / Adult (age 15+) / Intermediate / -100,0 kg"
13678,785488,"Men / Adult (age 15+) / Intermediate / +100,0 kg"
13678,786497,"Men / Adult (age 15+) / Advanced / -60,0 kg"
13678,786357,"Men / Adult (age 15+) / Advanced / -65,0 kg"
13678,786358,"Men / Adult (age 15+) / Advanced / -70,0 kg"
13678,786359,"Men / Adult (age 15+) / Advanced / -76,0 kg"
13678,786360,"Men / Adult (age 15+) / Advanced / -83,0 kg"
13678,786361,"Men / Adult (age 15+) / Advanced / -91,0 kg"
13678,786362,"Men / Adult (age 15+) / Advanced / -100,0 kg"
13678,786363,"Men / Adult (age 15+) / Advanced / +100,0 kg"
13678,786495,"Men / Master (age 35+) / Beginner / -70,0 kg"
13678,786267,"Men / Master (age 35+) / Beginner / -76,0 kg"
13678,785490,"Men / Master (age 35+) / Beginner / -83,0 kg"
13678,785491,"Men / Master (age 35+) / Beginner / -91,0 kg"
13678,785492,"Men / Master (age 35+) / Beginner / -100,0 kg"
13678,785493,"Men / Master (age 35+) / Beginner / +100,0 kg"
13678,785495,"Men / Master (age 35+) / Intermediate / -65,0 kg"
13678,785496,"Men / Master (age 35+) / Intermediate / -70,0 kg"
13678,785497,"Men / Master (age 35+) / Intermediate / -76,0 kg"
13678,785498,"Men / Master (age 35+) / Intermediate / -83,0 kg"
13678,785499,"Men / Master (age 35+) / Intermediate / -91,0 kg"
13678,785500,"Men / Master (age 35+) / Intermediate / -100,0 kg"
13678,785501,"Men / Master (age 35+) / Intermediate / +100,0 kg"
13678,786257,"Men / Master (age 35+) / Advanced / -65,0 kg"
13678,786256,"Men / Master (age 35+) / Advanced / -76,0 kg"
13678,785554,"Men / Master (age 35+) / Advanced / -83,0 kg"
13678,786255,"Men / Master (age 35+) / Advanced / -91,0 kg"
13678,786254,"Men / Master (age 35+) / Advanced / -100,0 kg"
13678,786253,"Men / Master (age 35+) / Advanced / +100,0 kg"
13678,785502,"Men / Master 2 (age 45+) / Intermediate / -76,0 kg"
13678,785503,"Men / Master 2 (age 45+) / Intermediate / -83,0 kg"
13678,786252,"Men / Master 2 (age 45+) / Advanced / -70,0 kg"
13678,786251,"Men / Master 2 (age 45+) / Advanced / -76,0 kg"
13678,786250,"Men / Master 2 (age 45+) / Advanced / -83,0 kg"
13678,787274,Men's Absolute / Adult / Advanced
13678,785316,"Girls [7-8 years] / Intermediate / -24,0 kg"
13678,785317,"Girls [7-8 years] / Intermediate / -28,0 kg"
13678,785318,"Girls [7-8 years] / Intermediate / -32,0 kg"
13678,785320,"Girls [7-8 years] / Advanced / -24,0 kg"
13678,785321,"Girls [7-8 years] / Advanced / -32,0 kg"
13678,785361,"Girls [9-10 years] / Intermediate / -24,0 kg"
13678,785362,"Girls [9-10 years] / Intermediate / -28,0 kg"
13678,785363,"Girls [9-10 years] / Intermediate / -32,0 kg"
13678,785364,"Girls [9-10 years] / Intermediate / -36,0 kg"
13678,785365,"Girls [9-10 years] / Intermediate / -40,0 kg"
13678,785366,"Girls [9-10 years] / Advanced / -28,0 kg"
13678,785340,"Girls [9-10 years] / Advanced / -32,0 kg"
13678,785367,"Girls [9-10 years] / Advanced / -36,0 kg"
13678,785368,"Girls [9-10 years] / Advanced / -40,0 kg"
13678,785370,"Girls [9-10 years] / Advanced / -44,0 kg"
13678,785374,"Girls [11-12 years] / Beginner / -36,0 kg"
13678,785376,"Girls [11-12 years] / Intermediate / -36,0 kg"
13678,785377,"Girls [11-12 years] / Intermediate / -48,0 kg"
13678,785372,"Girls [11-12 years] / Intermediate / -52,0 kg"
13678,785378,"Girls [11-12 years] / Intermediate / +52,0 kg"
13678,785379,"Girls [11-12 years] / Advanced / -32,0 kg"
13678,785380,"Girls [11-12 years] / Advanced / -36,0 kg"
13678,785373,"Girls [11-12 years] / Advanced / -40,0 kg"
13678,785381,"Girls [11-12 years] / Advanced / -44,0 kg"
13678,785382,"Girls [11-12 years] / Advanced / -48,0 kg"
13678,785435,"Girls [13-14 years] / Intermediate / -45,0 kg"
13678,785436,"Girls [13-14 years] / Intermediate / -55,0 kg"
13678,785439,"Girls [13-14 years] / Intermediate / -60,0 kg"
13678,786486,"Girls [13-14 years] / Advanced / -45,0 kg"
13678,785441,"Girls [13-14 years] / Advanced / -50,0 kg"
13678,785442,"Girls [13-14 years] / Advanced / -60,0 kg"
13678,785449,"Girls [15-17 years] / Intermediate / -60,0 kg"
13678,785448,"Girls [15-17 years] / Advanced / -45,0 kg"
13678,785447,"Girls [15-17 years] / Advanced / -55,0 kg"
13678,785446,"Girls [15-17 years] / Advanced / -60,0 kg"
13678,785443,"Girls [15-17 years] / Advanced / +65,0 kg"
13678,785323,"Boys [6 and under] / Intermediate / -24,0 kg"
13678,786494,"Boys [6 and under] / Intermediate / -28,0 kg"
13678,785325,"Boys [7-8 years] / Beginner / -24,0 kg"
13678,785322,"Boys [7-8 years] / Beginner / -32,0 kg"
13678,785326,"Boys [7-8 years] / Intermediate / -24,0 kg"
13678,785327,"Boys [7-8 years] / Intermediate / -28,0 kg"
13678,785328,"Boys [7-8 years] / Intermediate / -32,0 kg"
13678,785330,"Boys [7-8 years] / Intermediate / -36,0 kg"
13678,785332,"Boys [7-8 years] / Intermediate / -40,0 kg"
13678,785333,"Boys [7-8 years] / Advanced / -24,0 kg"
13678,785334,"Boys [7-8 years] / Advanced / -28,0 kg"
13678,785336,"Boys [7-8 years] / Advanced / -32,0 kg"
13678,785337,"Boys [9-10 years] / Beginner / -36,0 kg"
13678,785341,"Boys [9-10 years] / Beginner / -40,0 kg"
13678,785343,"Boys [9-10 years] / Intermediate / -24,0 kg"
13678,785345,"Boys [9-10 years] / Intermediate / -28,0 kg"
13678,785346,"Boys [9-10 years] / Intermediate / -32,0 kg"
13678,785347,"Boys [9-10 years] / Intermediate / -36,0 kg"
13678,785350,"Boys [9-10 years] / Intermediate / -44,0 kg"
13678,785349,"Boys [9-10 years] / Intermediate / -48,0 kg"
13678,785339,"Boys [9-10 years] / Intermediate / +48,0 kg"
13678,785352,"Boys [9-10 years] / Advanced / -28,0 kg"
13678,785353,"Boys [9-10 years] / Advanced / -32,0 kg"
13678,785354,"Boys [9-10 years] / Advanced / -36,0 kg"
13678,785355,"Boys [9-10 years] / Advanced / -40,0 kg"
13678,785356,"Boys [9-10 years] / Advanced / +48,0 kg"
13678,786483,"Boys [11-12 years] / Beginner / -40,0 kg"
13678,785385,"Boys [11-12 years] / Beginner / +52,0 kg"
13678,785357,"Boys [11-12 years] / Intermediate / -32,0 kg"
13678,785358,"Boys [11-12 years] / Intermediate / -36,0 kg"
13678,785387,"Boys [11-12 years] / Intermediate / -40,0 kg"
13678,785383,"Boys [11-12 years] / Intermediate / -44,0 kg"
13678,785388,"Boys [11-12 years] / Intermediate / -48,0 kg"
13678,785389,"Boys [11-12 years] / Intermediate / -52,0 kg"
13678,785390,"Boys [11-12 years] / Intermediate / +52,0 kg"
13678,785391,"Boys [11-12 years] / Advanced / -32,0 kg"
13678,785392,"Boys [11-12 years] / Advanced / -36,0 kg"
13678,785393,"Boys [11-12 years] / Advanced / -40,0 kg"
13678,785394,"Boys [11-12 years] / Advanced / -44,0 kg"
13678,785398,"Boys [11-12 years] / Advanced / -48,0 kg"
13678,785399,"Boys [11-12 years] / Advanced / -52,0 kg"
13678,785400,"Boys [11-12 years] / Advanced / +52,0 kg"
13678,785401,"Boys [13-14 years] / Beginner / -45,0 kg"
13678,785402,"Boys [13-14 years] / Intermediate / -40,0 kg"
13678,785404,"Boys [13-14 years] / Intermediate / -45,0 kg"
13678,785405,"Boys [13-14 years] / Intermediate / -50,0 kg"
13678,786824,"Boys [13-14 years] / Intermediate / -55,0 kg"
13678,785407,"Boys [13-14 years] / Intermediate / -60,0 kg"
13678,785408,"Boys [13-14 years] / Intermediate / +65,0 kg"
13678,785409,"Boys [13-14 years] / Advanced / -40,0 kg"
13678,785410,"Boys [13-14 years] / Advanced / -45,0 kg"
13678,785411,"Boys [13-14 years] / Advanced / -50,0 kg"
13678,785412,"Boys [13-14 years] / Advanced / -55,0 kg"
13678,785413,"Boys [13-14 years] / Advanced / -60,0 kg"
13678,785414,"Boys [13-14 years] / Advanced / -65,0 kg"
13678,785415,"Boys [13-14 years] / Advanced / +65,0 kg"
13678,785419,"Boys [15-17 years] / Beginner / -55,0 kg"
13678,785422,"Boys [15-17 years] / Beginner / -65,0 kg"
13678,785423,"Boys [15-17 years] / Beginner / -75,0 kg"
13678,785424,"Boys [15-17 years] / Beginner / +80,0 kg"
13678,785426,"Boys [15-17 years] / Intermediate / -60,0 kg"
13678,785427,"Boys [15-17 years] / Intermediate / -65,0 kg"
13678,786506,"Boys [15-17 years] / Advanced / -50,0 kg"
13678,786507,"Boys [15-17 years] / Advanced / -55,0 kg"
13678,785430,"Boys [15-17 years] / Advanced / -60,0 kg"
13678,785431,"Boys [15-17 years] / Advanced / -65,0 kg"
13678,785531,"Boys [15-17 years] / Advanced / -70,0 kg"
13678,785433,"Boys [15-17 years] / Advanced / -75,0 kg"
13678,785434,"Boys [15-17 years] / Advanced / -80,0 kg"
13336,743219,"Women / Adult / Beginner / -60,0 kg"
13336,743220,"Women / Adult / Beginner / -65,0 kg"
13336,743221,"Women / Adult / Beginner / -70,0 kg"
13336,743224,"Women / Adult / Beginner / +70,0 kg"
13336,743225,"Women / Adult / Intermediate / -55,0 kg"
13336,743226,"Women / Adult / Intermediate / -60,0 kg"
13336,743227,"Women / Adult / Intermediate / -65,0 kg"
13336,743228,"Women / Adult / Intermediate / -70,0 kg"
13336,743229,"Women / Adult / Intermediate / +70,0 kg"
13336,743240,"Women / Adult / Advanced / -55,0 kg"
13336,743241,"Women / Adult / Advanced / -60,0 kg"
13336,743242,"Women / Adult / Advanced / -65,0 kg"
13336,743244,"Women / Adult / Advanced / +70,0 kg"
13336,743205,"Women / Masters 35+ / Intermediate / -70,0 kg"
13336,743262,"Women / Masters 35+ / Advanced / -60,0 kg"
13336,744180,Women's Absolute / Adult / Advanced
13336,743171,"Men / Adult / Beginner / -60,0 kg"
13336,743172,"Men / Adult / Beginner / -65,0 kg"
13336,743173,"Men / Adult / Beginner / -70,0 kg"
13336,743175,"Men / Adult / Beginner / -76,0 kg"
13336,743176,"Men / Adult / Beginner / -83,0 kg"
13336,743177,"Men / Adult / Beginner / -91,0 kg"
13336,743178,"Men / Adult / Beginner / -100,0 kg"
13336,743179,"Men / Adult / Beginner / +100,0 kg"
13336,743180,"Men / Adult / Intermediate / -60,0 kg"
13336,743181,"Men / Adult / Intermediate / -65,0 kg"
13336,743182,"Men / Adult / Intermediate / -70,0 kg"
13336,743183,"Men / Adult / Intermediate / -76,0 kg"
13336,743184,"Men / Adult / Intermediate / -83,0 kg"
13336,743186,"Men / Adult / Intermediate / -91,0 kg"
13336,743187,"Men / Adult / Intermediate / -100,0 kg"
13336,743188,"Men / Adult / Intermediate / +100,0 kg"
13336,743233,"Men / Adult / Advanced / -60,0 kg"
13336,743234,"Men / Adult / Advanced / -65,0 kg"
13336,743267,"Men / Adult / Advanced / -70,0 kg"
13336,743235,"Men / Adult / Advanced / -76,0 kg"
13336,743236,"Men / Adult / Advanced / -83,0 kg"
13336,743237,"Men / Adult / Advanced / -91,0 kg"
13336,743238,"Men / Adult / Advanced / -100,0 kg"
13336,743268,"Men / Adult / Advanced / +100,0 kg"
13336,743192,"Men / Masters 35+ / Beginner / -76,0 kg"
13336,743193,"Men / Masters 35+ / Beginner / -83,0 kg"
13336,743194,"Men / Masters 35+ / Beginner / -91,0 kg"
13336,743195,"Men / Masters 35+ / Beginner / +100,0 kg"
13336,743196,"Men / Masters 35+ / Intermediate / -65,0 kg"
13336,743197,"Men / Masters 35+ / Intermediate / -70,0 kg"
13336,743198,"Men / Masters 35+ / Intermediate / -76,0 kg"
13336,743199,"Men / Masters 35+ / Intermediate / -83,0 kg"
13336,743200,"Men / Masters 35+ / Intermediate / -91,0 kg"
13336,743201,"Men / Masters 35+ / Intermediate / -100,0 kg"
13336,743202,"Men / Masters 35+ / Intermediate / +100,0 kg"
13336,743249,"Men / Masters 35+ / Advanced / -65,0 kg"
13336,743250,"Men / Masters 35+ / Advanced / -70,0 kg"
13336,743251,"Men / Masters 35+ / Advanced / -76,0 kg"
13336,743252,"Men / Masters 35+ / Advanced / -83,0 kg"
13336,743253,"Men / Masters 35+ / Advanced / -91,0 kg"
13336,743255,"Men / Masters 35+ / Advanced / -100,0 kg"
13336,743256,"Men / Masters 35+ / Advanced / +100,0 kg"
13336,743189,"Men / Masters 45+ / Intermediate / -70,0 kg"
13336,744066,"Men / Masters 45+ / Intermediate / -83,0 kg"
13336,743191,"Men / Masters 45+ / Intermediate / -91,0 kg"
13336,743257,"Men / Masters 45+ / Advanced / -70,0 kg"
13336,743258,"Men / Masters 45+ / Advanced / -76,0 kg"
13336,744171,"Men / Masters 45+ / Advanced / -83,0 kg"
13336,743261,"Men / Masters 45+ / Advanced / -100,0 kg"
13336,743260,"Men / Masters 45+ / Advanced / +100,0 kg"
13336,744182,Men's Absolute / Adult / Advanced
13336,743041,"Girls [6 and under] / Intermediate / -24,0 kg"
13336,743068,"Girls [7-8 years] / Beginner / -28,0 kg"
13336,743065,"Girls [7-8 years] / Intermediate / -24,0 kg"
13336,743063,"Girls [7-8 years] / Intermediate / -28,0 kg"
13336,743061,"Girls [7-8 years] / Intermediate / -32,0 kg"
13336,743049,"Girls [7-8 years] / Advanced / -24,0 kg"
13336,743076,"Girls [9-10 years] / Intermediate / -28,0 kg"
13336,743077,"Girls [9-10 years] / Intermediate / -32,0 kg"
13336,743078,"Girls [9-10 years] / Intermediate / -36,0 kg"
13336,743080,"Girls [9-10 years] / Intermediate / -40,0 kg"
13336,743081,"Girls [9-10 years] / Intermediate / -48,0 kg"
13336,743880,"Girls [9-10 years] / Advanced / -28,0 kg"
13336,743082,"Girls [9-10 years] / Advanced / -32,0 kg"
13336,743083,"Girls [9-10 years] / Advanced / -36,0 kg"
13336,743084,"Girls [9-10 years] / Advanced / -40,0 kg"
13336,743085,"Girls [9-10 years] / Advanced / -44,0 kg"
13336,743086,"Girls [9-10 years] / Advanced / -48,0 kg"
13336,743088,"Girls [9-10 years] / Advanced / +48,0 kg"
13336,743090,"Girls [11-12 years] / Intermediate / -32,0 kg"
13336,743092,"Girls [11-12 years] / Intermediate / -40,0 kg"
13336,743093,"Girls [11-12 years] / Intermediate / -44,0 kg"
13336,743104,"Girls [11-12 years] / Intermediate / -52,0 kg"
13336,743102,"Girls [11-12 years] / Intermediate / +52,0 kg"
13336,743103,"Girls [11-12 years] / Advanced / -32,0 kg"
13336,743101,"Girls [11-12 years] / Advanced / -36,0 kg"
13336,743100,"Girls [11-12 years] / Advanced / -40,0 kg"
13336,743099,"Girls [11-12 years] / Advanced / -48,0 kg"
13336,743094,"Girls [11-12 years] / Advanced / -52,0 kg"
13336,743116,"Girls [13-14 years] / Intermediate / -50,0 kg"
13336,743114,"Girls [13-14 years] / Intermediate / -55,0 kg"
13336,743117,"Girls [13-14 years] / Intermediate / -60,0 kg"
13336,743111,"Girls [13-14 years] / Advanced / -40,0 kg"
13336,743109,"Girls [13-14 years] / Advanced / -50,0 kg"
13336,743108,"Girls [13-14 years] / Advanced / -60,0 kg"
13336,743131,"Girls [15-17 years] / Beginner / -50,0 kg"
13336,743130,"Girls [15-17 years] / Beginner / -60,0 kg"
13336,743129,"Girls [15-17 years] / Intermediate / -65,0 kg"
13336,743892,"Girls [15-17 years] / Intermediate / +65,0 kg"
13336,743126,"Girls [15-17 years] / Advanced / -55,0 kg"
13336,743121,"Girls [15-17 years] / Advanced / -60,0 kg"
13336,743107,"Girls [15-17 years] / Advanced / -65,0 kg"
13336,743106,"Girls [15-17 years] / Advanced / +65,0 kg"
13336,743035,"Boys [6 and under] / Beginner / -24,0 kg"
13336,743044,"Boys [6 and under] / Beginner / -28,0 kg"
13336,743037,"Boys [6 and under] / Intermediate / -20,0 kg"
13336,743042,"Boys [6 and under] / Intermediate / -24,0 kg"
13336,743040,"Boys [6 and under] / Advanced / -24,0 kg"
13336,743026,"Boys [7-8 years] / Beginner / -28,0 kg"
13336,743027,"Boys [7-8 years] / Beginner / -32,0 kg"
13336,743028,"Boys [7-8 years] / Intermediate / -24,0 kg"
13336,743029,"Boys [7-8 years] / Intermediate / -28,0 kg"
13336,743031,"Boys [7-8 years] / Intermediate / -32,0 kg"
13336,743032,"Boys [7-8 years] / Intermediate / -36,0 kg"
13336,743033,"Boys [7-8 years] / Intermediate / -40,0 kg"
13336,743034,"Boys [7-8 years] / Advanced / -24,0 kg"
13336,743024,"Boys [7-8 years] / Advanced / -28,0 kg"
13336,743023,"Boys [7-8 years] / Advanced / -32,0 kg"
13336,743052,"Boys [9-10 years] / Beginner / -28,0 kg"
13336,743091,"Boys [9-10 years] / Beginner / -32,0 kg"
13336,743054,"Boys [9-10 years] / Intermediate / -24,0 kg"
13336,743055,"Boys [9-10 years] / Intermediate / -28,0 kg"
13336,743057,"Boys [9-10 years] / Intermediate / -32,0 kg"
13336,743059,"Boys [9-10 years] / Intermediate / -36,0 kg"
13336,743062,"Boys [9-10 years] / Intermediate / -40,0 kg"
13336,743079,"Boys [9-10 years] / Intermediate / -44,0 kg"
13336,743064,"Boys [9-10 years] / Intermediate / -48,0 kg"
13336,743069,"Boys [9-10 years] / Advanced / -24,0 kg"
13336,743071,"Boys [9-10 years] / Advanced / -28,0 kg"
13336,743072,"Boys [9-10 years] / Advanced / -32,0 kg"
13336,743073,"Boys [9-10 years] / Advanced / -36,0 kg"
13336,743074,"Boys [9-10 years] / Advanced / -40,0 kg"
13336,743075,"Boys [9-10 years] / Advanced / +48,0 kg"
13336,743110,"Boys [11-12 years] / Intermediate / -32,0 kg"
13336,743112,"Boys [11-12 years] / Intermediate / -36,0 kg"
13336,743113,"Boys [11-12 years] / Intermediate / -40,0 kg"
13336,743115,"Boys [11-12 years] / Intermediate / -44,0 kg"
13336,743118,"Boys [11-12 years] / Intermediate / -52,0 kg"
13336,743119,"Boys [11-12 years] / Intermediate / +52,0 kg"
13336,743120,"Boys [11-12 years] / Advanced / -32,0 kg"
13336,743123,"Boys [11-12 years] / Advanced / -36,0 kg"
13336,743124,"Boys [11-12 years] / Advanced / -40,0 kg"
13336,743125,"Boys [11-12 years] / Advanced / -44,0 kg"
13336,743127,"Boys [11-12 years] / Advanced / -48,0 kg"
13336,743096,"Boys [11-12 years] / Advanced / -52,0 kg"
13336,743128,"Boys [11-12 years] / Advanced / +52,0 kg"
13336,743132,"Boys [13-14 years] / Beginner / -65,0 kg"
13336,743133,"Boys [13-14 years] / Beginner / +65,0 kg"
13336,743134,"Boys [13-14 years] / Intermediate / -40,0 kg"
13336,743135,"Boys [13-14 years] / Intermediate / -45,0 kg"
13336,743136,"Boys [13-14 years] / Intermediate / -50,0 kg"
13336,743137,"Boys [13-14 years] / Intermediate / -55,0 kg"
13336,743140,"Boys [13-14 years] / Intermediate / -60,0 kg"
13336,743141,"Boys [13-14 years] / Intermediate / -65,0 kg"
13336,743142,"Boys [13-14 years] / Advanced / -45,0 kg"
13336,743143,"Boys [13-14 years] / Advanced / -50,0 kg"
13336,743145,"Boys [13-14 years] / Advanced / -55,0 kg"
13336,743146,"Boys [13-14 years] / Advanced / -60,0 kg"
13336,743148,"Boys [13-14 years] / Advanced / -65,0 kg"
13336,743149,"Boys [13-14 years] / Advanced / +65,0 kg"
13336,743719,"Boys [15-17 years] / Beginner / -55,0 kg"
13336,743163,"Boys [15-17 years] / Beginner / -70,0 kg"
13336,743162,"Boys [15-17 years] / Beginner / +80,0 kg"
13336,743161,"Boys [15-17 years] / Intermediate / -60,0 kg"
13336,743160,"Boys [15-17 years] / Intermediate / -65,0 kg"
13336,743159,"Boys [15-17 years] / Intermediate / -80,0 kg"
13336,743158,"Boys [15-17 years] / Advanced / -50,0 kg"
13336,743157,"Boys [15-17 years] / Advanced / -55,0 kg"
13336,743156,"Boys [15-17 years] / Advanced / -60,0 kg"
13336,743155,"Boys [15-17 years] / Advanced / -65,0 kg"
13336,743154,"Boys [15-17 years] / Advanced / -70,0 kg"
13336,743153,"Boys [15-17 years] / Advanced / -75,0 kg"
13336,743152,"Boys [15-17 years] / Advanced / -80,0 kg"
13336,743151,"Boys [15-17 years] / Advanced / +80,0 kg"
12933,720099,"Women / Adult / Beginner / -55,0 kg"
12933,720101,"Women / Adult / Beginner / -65,0 kg"
12933,720104,"Women / Adult / Intermediate / -55,0 kg"
12933,720116,"Women / Adult / Intermediate / -60,0 kg"
12933,720913,"Women / Adult / Intermediate / -65,0 kg"
12933,720121,"Women / Adult / Intermediate / -70,0 kg"
12933,720122,"Women / Adult / Intermediate / +70,0 kg"
12933,720123,"Women / Master (Age 35+) / Intermediate / -65,0 kg"
12933,720036,"Men / Adult / Beginner / -60,0 kg"
12933,720037,"Men / Adult / Beginner / -65,0 kg"
12933,720038,"Men / Adult / Beginner / -70,0 kg"
12933,720039,"Men / Adult / Beginner / -76,0 kg"
12933,720040,"Men / Adult / Beginner / -83,0 kg"
12933,720041,"Men / Adult / Beginner / -91,0 kg"
12933,720043,"Men / Adult / Beginner / -100,0 kg"
12933,720042,"Men / Adult / Intermediate / -60,0 kg"
12933,720044,"Men / Adult / Intermediate / -65,0 kg"
12933,720045,"Men / Adult / Intermediate / -70,0 kg"
12933,720046,"Men / Adult / Intermediate / -76,0 kg"
12933,720047,"Men / Adult / Intermediate / -83,0 kg"
12933,720048,"Men / Adult / Intermediate / -91,0 kg"
12933,720050,"Men / Adult / Intermediate / -100,0 kg"
12933,720049,"Men / Adult / Intermediate / +100,0 kg"
12933,720051,"Men / Master (Age 35+) / Beginner / -76,0 kg"
12933,720052,"Men / Master (Age 35+) / Beginner / -83,0 kg"
12933,720070,"Men / Master (Age 35+) / Beginner / -100,0 kg"
12933,720071,"Men / Master (Age 35+) / Intermediate / -65,0 kg"
12933,720072,"Men / Master (Age 35+) / Intermediate / -76,0 kg"
12933,720073,"Men / Master (Age 35+) / Intermediate / -83,0 kg"
12933,720074,"Men / Master (Age 35+) / Intermediate / -91,0 kg"
12933,720075,"Men / Master (Age 35+) / Intermediate / -100,0 kg"
12933,720076,"Men / Master (Age 35+) / Advanced / -65,0 kg"
12933,720077,"Men / Master (Age 35+) / Advanced / -70,0 kg"
12933,720078,"Men / Master (Age 35+) / Advanced / -76,0 kg"
12933,720079,"Men / Master (Age 35+) / Advanced / -83,0 kg"
12933,720086,"Men / Master (Age 35+) / Advanced / -91,0 kg"
12933,720087,"Men / Master (Age 35+) / Advanced / +100,0 kg"
12933,720088,"Men / Master 2 (Age 45+) / Intermediate / -83,0 kg"
12933,720089,"Men / Master 2 (Age 45+) / Intermediate / -100,0 kg"
12933,720090,"Men / Master 2 (Age 45+) / Advanced / -76,0 kg"
12933,720091,"Men / Master 2 (Age 45+) / Advanced / -83,0 kg"
12933,720092,"Men / Master 2 (Age 45+) / Advanced / -91,0 kg"
12933,720093,"Men / Master 2 (Age 45+) / Advanced / -100,0 kg"
12933,720129,"Girls [7-8 years] / Intermediate / -24,0 kg"
12933,720128,"Girls [7-8 years] / Intermediate / -32,0 kg"
12933,720153,"Girls [9-10 years] / Intermediate / -40,0 kg"
12933,720155,"Girls [9-10 years] / Advanced / -28,0 kg"
12933,720171,"Girls [9-10 years] / Advanced / -32,0 kg"
12933,720146,"Girls [9-10 years] / Advanced / -36,0 kg"
12933,720144,"Girls [9-10 years] / Advanced / -40,0 kg"
12933,720143,"Girls [9-10 years] / Advanced / -44,0 kg"
12933,720184,"Girls [11-12 years] / Beginner / -44,0 kg"
12933,720187,"Girls [11-12 years] / Intermediate / -44,0 kg"
12933,720188,"Girls [11-12 years] / Intermediate / -48,0 kg"
12933,720193,"Girls [11-12 years] / Advanced / -32,0 kg"
12933,720211,"Girls [11-12 years] / Advanced / -36,0 kg"
12933,720194,"Girls [11-12 years] / Advanced / -44,0 kg"
12933,720196,"Girls [11-12 years] / Advanced / -48,0 kg"
12933,720197,"Girls [11-12 years] / Advanced / +52,0 kg"
12933,720219,"Girls [13-14 years] / Intermediate / -50,0 kg"
12933,720220,"Girls [13-14 years] / Intermediate / -55,0 kg"
12933,720221,"Girls [13-14 years] / Intermediate / -60,0 kg"
12933,720222,"Girls [13-14 years] / Intermediate / +60,0 kg"
12933,720223,"Girls [13-14 years] / Advanced / -40,0 kg"
12933,720218,"Girls [13-14 years] / Advanced / -45,0 kg"
12933,720217,"Girls [13-14 years] / Advanced / -50,0 kg"
12933,720215,"Girls [13-14 years] / Advanced / -55,0 kg"
12933,720206,"Girls [13-14 years] / Advanced / -60,0 kg"
12933,720232,"Girls [15-17 years] / Advanced / -50,0 kg"
12933,720233,"Girls [15-17 years] / Advanced / -55,0 kg"
12933,719997,"Boys [6 and under] / Intermediate / -24,0 kg"
12933,720288,"Boys [7-8 years] / Beginner / -24,0 kg"
12933,720273,"Boys [7-8 years] / Beginner / -32,0 kg"
12933,720127,"Boys [7-8 years] / Intermediate / -28,0 kg"
12933,720241,"Boys [7-8 years] / Intermediate / -32,0 kg"
12933,720268,"Boys [7-8 years] / Advanced / -24,0 kg"
12933,720270,"Boys [7-8 years] / Advanced / -28,0 kg"
12933,720272,"Boys [7-8 years] / Advanced / -32,0 kg"
12933,720309,"Boys [9-10 years] / Beginner / -40,0 kg"
12933,720311,"Boys [9-10 years] / Intermediate / -24,0 kg"
12933,720263,"Boys [9-10 years] / Intermediate / -32,0 kg"
12933,720326,"Boys [9-10 years] / Intermediate / -36,0 kg"
12933,720330,"Boys [9-10 years] / Advanced / -24,0 kg"
12933,720332,"Boys [9-10 years] / Advanced / -28,0 kg"
12933,720334,"Boys [9-10 years] / Advanced / -32,0 kg"
12933,720335,"Boys [9-10 years] / Advanced / -36,0 kg"
12933,720336,"Boys [9-10 years] / Advanced / -40,0 kg"
12933,720376,"Boys [11-12 years] / Beginner / -52,0 kg"
12933,720198,"Boys [11-12 years] / Intermediate / -32,0 kg"
12933,720351,"Boys [11-12 years] / Intermediate / -36,0 kg"
12933,720356,"Boys [11-12 years] / Intermediate / -40,0 kg"
12933,720372,"Boys [11-12 years] / Intermediate / -44,0 kg"
12933,720371,"Boys [11-12 years] / Advanced / -36,0 kg"
12933,720365,"Boys [11-12 years] / Advanced / -40,0 kg"
12933,720364,"Boys [11-12 years] / Advanced / -44,0 kg"
12933,720363,"Boys [11-12 years] / Advanced / -48,0 kg"
12933,720360,"Boys [11-12 years] / Advanced / -52,0 kg"
12933,720400,"Boys [13-14 years] / Intermediate / -40,0 kg"
12933,720399,"Boys [13-14 years] / Intermediate / -45,0 kg"
12933,720397,"Boys [13-14 years] / Intermediate / -50,0 kg"
12933,720396,"Boys [13-14 years] / Intermediate / -60,0 kg"
12933,720394,"Boys [13-14 years] / Intermediate / -65,0 kg"
12933,720393,"Boys [13-14 years] / Intermediate / +65,0 kg"
12933,720392,"Boys [13-14 years] / Advanced / -40,0 kg"
12933,720391,"Boys [13-14 years] / Advanced / -50,0 kg"
12933,720389,"Boys [13-14 years] / Advanced / -60,0 kg"
12933,720388,"Boys [13-14 years] / Advanced / -65,0 kg"
12933,720387,"Boys [13-14 years] / Advanced / +65,0 kg"
12933,720413,"Boys [15-17 years] / Beginner / -70,0 kg"
12933,720412,"Boys [15-17 years] / Beginner / +80,0 kg"
12933,720411,"Boys [15-17 years] / Intermediate / -65,0 kg"
12933,720408,"Boys [15-17 years] / Advanced / -60,0 kg"
12933,720407,"Boys [15-17 years] / Advanced / -65,0 kg"
12933,720406,"Boys [15-17 years] / Advanced / -70,0 kg"
12933,720403,"Boys [15-17 years] / Advanced / -75,0 kg"
12753,711679,"Women / Adult / Beginner / -65,0 kg"
12753,711676,"Women / Adult / Intermediate / -60,0 kg"
12753,711681,"Women / Adult / Intermediate / -65,0 kg"
12753,711680,"Women / Adult / Intermediate / -70,0 kg"
12753,712294,"Women / Adult / Intermediate / +70,0 kg"
12753,711682,"Women / Adult / Advanced / -55,0 kg"
12753,711675,"Women / Adult / Advanced / -65,0 kg"
12753,711677,"Women / Adult / Advanced / +70,0 kg"
12753,711519,"Women / Masters 35+ / Intermediate / -65,0 kg"
12753,711523,Women's Absolute / Adult / Advanced
12753,711694,"Men / Adult / Beginner / -60,0 kg"
12753,711690,"Men / Adult / Beginner / -70,0 kg"
12753,711695,"Men / Adult / Beginner / -76,0 kg"
12753,711697,"Men / Adult / Beginner / -83,0 kg"
12753,711684,"Men / Adult / Beginner / -91,0 kg"
12753,711689,"Men / Adult / Beginner / -100,0 kg"
12753,711705,"Men / Adult / Beginner / +100,0 kg"
12753,711700,"Men / Adult / Intermediate / -60,0 kg"
12753,711692,"Men / Adult / Intermediate / -65,0 kg"
12753,711687,"Men / Adult / Intermediate / -70,0 kg"
12753,711685,"Men / Adult / Intermediate / -76,0 kg"
12753,711693,"Men / Adult / Intermediate / -83,0 kg"
12753,711683,"Men / Adult / Intermediate / -91,0 kg"
12753,711688,"Men / Adult / Intermediate / -100,0 kg"
12753,712251,"Men / Adult / Intermediate / +100,0 kg"
12753,713233,"Men / Adult / Advanced / -60,0 kg"
12753,711691,"Men / Adult / Advanced / -65,0 kg"
12753,711704,"Men / Adult / Advanced / -70,0 kg"
12753,712858,"Men / Adult / Advanced / -76,0 kg"
12753,712914,"Men / Adult / Advanced / -83,0 kg"
12753,712913,"Men / Adult / Advanced / -91,0 kg"
12753,711701,"Men / Adult / Advanced / -100,0 kg"
12753,711703,"Men / Adult / Advanced / +100,0 kg"
12753,711560,"Men / Masters 35+ / Intermediate / -70,0 kg"
12753,711536,"Men / Masters 35+ / Intermediate / -83,0 kg"
12753,711538,"Men / Masters 35+ / Intermediate / -91,0 kg"
12753,711564,"Men / Masters 35+ / Intermediate / +100,0 kg"
12753,711563,"Men / Masters 35+ / Advanced / -60,0 kg"
12753,711534,"Men / Masters 35+ / Advanced / -65,0 kg"
12753,711537,"Men / Masters 35+ / Advanced / -70,0 kg"
12753,713144,"Men / Masters 35+ / Advanced / -76,0 kg"
12753,713324,"Men / Masters 35+ / Advanced / -83,0 kg"
12753,711559,"Men / Masters 35+ / Advanced / -91,0 kg"
12753,711550,"Men / Masters 35+ / Advanced / -100,0 kg"
12753,711544,"Men / Masters 35+ / Advanced / +100,0 kg"
12753,713325,Men's Absolute / Adult / Advanced
12753,712776,"Girls [11-12 years] / Advanced / -36,0 kg"
12753,712775,"Girls [11-12 years] / Advanced / -52,0 kg"
12753,713328,"Girls [13-14 years] / Intermediate / -50,0 kg"
12753,711568,"Girls [13-14 years] / Advanced / -45,0 kg"
12753,713330,"Girls [13-14 years] / Advanced / -50,0 kg"
12753,713329,"Girls [13-14 years] / Advanced / -55,0 kg"
12753,711567,"Girls [13-14 years] / Advanced / -60,0 kg"
12753,711572,"Girls [15-17 years] / Advanced / -60,0 kg"
12753,711571,"Girls [15-17 years] / Advanced / -65,0 kg"
12753,712780,"Boys [7-8 years] / Intermediate / -28,0 kg"
12753,712778,"Boys [7-8 years] / Intermediate / -36,0 kg"
12753,712779,"Boys [7-8 years] / Intermediate / -40,0 kg"
12753,712777,"Boys [7-8 years] / Advanced / -36,0 kg"
12753,712784,"Boys [9-10 years] / Intermediate / -28,0 kg"
12753,712783,"Boys [9-10 years] / Intermediate / -32,0 kg"
12753,712786,"Boys [9-10 years] / Intermediate / -36,0 kg"
12753,712782,"Boys [9-10 years] / Advanced / -32,0 kg"
12753,712781,"Boys [9-10 years] / Advanced / -36,0 kg"
12753,712787,"Boys [9-10 years] / Advanced / -40,0 kg"
12753,711599,"Boys [11-12 years] / Intermediate / -36,0 kg"
12753,711602,"Boys [11-12 years] / Intermediate / -40,0 kg"
12753,711598,"Boys [11-12 years] / Intermediate / -48,0 kg"
12753,711597,"Boys [11-12 years] / Advanced / -36,0 kg"
12753,711600,"Boys [11-12 years] / Advanced / -44,0 kg"
12753,711601,"Boys [11-12 years] / Advanced / -48,0 kg"
12753,711596,"Boys [11-12 years] / Advanced / +52,0 kg"
12753,711622,"Boys [13-14 years] / Intermediate / -45,0 kg"
12753,711621,"Boys [13-14 years] / Intermediate / -50,0 kg"
12753,711620,"Boys [13-14 years] / Intermediate / -55,0 kg"
12753,711625,"Boys [13-14 years] / Intermediate / -60,0 kg"
12753,711624,"Boys [13-14 years] / Intermediate / -65,0 kg"
12753,711616,"Boys [13-14 years] / Intermediate / +65,0 kg"
12753,711617,"Boys [13-14 years] / Advanced / -45,0 kg"
12753,711615,"Boys [13-14 years] / Advanced / -50,0 kg"
12753,711626,"Boys [13-14 years] / Advanced / -55,0 kg"
12753,711623,"Boys [13-14 years] / Advanced / -60,0 kg"
12753,711618,"Boys [13-14 years] / Advanced / -65,0 kg"
12753,711619,"Boys [13-14 years] / Advanced / +65,0 kg"
12753,711638,"Boys [15-17 years] / Beginner / -60,0 kg"
12753,711629,"Boys [15-17 years] / Beginner / -65,0 kg"
12753,713331,"Boys [15-17 years] / Beginner / -70,0 kg"
12753,711636,"Boys [15-17 years] / Beginner / -75,0 kg"
12753,711637,"Boys [15-17 years] / Beginner / +80,0 kg"
12753,711635,"Boys [15-17 years] / Intermediate / -70,0 kg"
12753,711631,"Boys [15-17 years] / Advanced / -50,0 kg"
12753,711632,"Boys [15-17 years] / Advanced / -55,0 kg"
12753,711634,"Boys [15-17 years] / Advanced / -60,0 kg"
12753,711628,"Boys [15-17 years] / Advanced / -65,0 kg"
12753,711627,"Boys [15-17 years] / Advanced / -70,0 kg"
12753,711633,"Boys [15-17 years] / Advanced / -80,0 kg"
12753,711630,"Boys [15-17 years] / Advanced / +80,0 kg"
12785,691299,"Women / Adult / Beginner / -50,0 kg"
12785,691300,"Women / Adult / Beginner / -55,0 kg"
12785,691301,"Women / Adult / Beginner / -60,0 kg"
12785,691302,"Women / Adult / Beginner / -65,0 kg"
12785,691307,"Women / Adult / Beginner / -70,0 kg"
12785,691310,"Women / Adult / Intermediate / -50,0 kg"
12785,691308,"Women / Adult / Intermediate / -55,0 kg"
12785,691309,"Women / Adult / Intermediate / -60,0 kg"
12785,691311,"Women / Adult / Intermediate / -65,0 kg"
12785,691312,"Women / Adult / Intermediate / -70,0 kg"
12785,691313,"Women / Adult / Intermediate / +70,0 kg"
12785,691315,"Women / Adult / Advanced / -60,0 kg"
12785,691317,"Women / Adult / Advanced / -65,0 kg"
12785,691316,"Women / Adult / Advanced / -70,0 kg"
12785,694907,Women's Absolute / Adult / Advanced
12785,691319,"Men / Adult / Beginner / -60,0 kg"
12785,691320,"Men / Adult / Beginner / -65,0 kg"
12785,691321,"Men / Adult / Beginner / -70,0 kg"
12785,691322,"Men / Adult / Beginner / -76,0 kg"
12785,691323,"Men / Adult / Beginner / -83,0 kg"
12785,691324,"Men / Adult / Beginner / -91,0 kg"
12785,691325,"Men / Adult / Beginner / -100,0 kg"
12785,691327,"Men / Adult / Beginner / +100,0 kg"
12785,691332,"Men / Adult / Intermediate / -60,0 kg"
12785,691344,"Men / Adult / Intermediate / -65,0 kg"
12785,691345,"Men / Adult / Intermediate / -70,0 kg"
12785,691346,"Men / Adult / Intermediate / -76,0 kg"
12785,691343,"Men / Adult / Intermediate / -83,0 kg"
12785,691342,"Men / Adult / Intermediate / -91,0 kg"
12785,691341,"Men / Adult / Intermediate / -100,0 kg"
12785,691340,"Men / Adult / Intermediate / +100,0 kg"
12785,691363,"Men / Adult / Advanced / -60,0 kg"
12785,691359,"Men / Adult / Advanced / -65,0 kg"
12785,691358,"Men / Adult / Advanced / -70,0 kg"
12785,691357,"Men / Adult / Advanced / -76,0 kg"
12785,691356,"Men / Adult / Advanced / -83,0 kg"
12785,691355,"Men / Adult / Advanced / -91,0 kg"
12785,691354,"Men / Adult / Advanced / -100,0 kg"
12785,691353,"Men / Adult / Advanced / +100,0 kg"
12785,691328,"Men / Masters 35+ / Beginner / -70,0 kg"
12785,691329,"Men / Masters 35+ / Beginner / -76,0 kg"
12785,691331,"Men / Masters 35+ / Beginner / -83,0 kg"
12785,691330,"Men / Masters 35+ / Beginner / +100,0 kg"
12785,691339,"Men / Masters 35+ / Intermediate / -65,0 kg"
12785,691338,"Men / Masters 35+ / Intermediate / -70,0 kg"
12785,691337,"Men / Masters 35+ / Intermediate / -76,0 kg"
12785,691335,"Men / Masters 35+ / Intermediate / -83,0 kg"
12785,691334,"Men / Masters 35+ / Intermediate / -91,0 kg"
12785,691333,"Men / Masters 35+ / Intermediate / -100,0 kg"
12785,691352,"Men / Masters 35+ / Advanced / -65,0 kg"
12785,691351,"Men / Masters 35+ / Advanced / -70,0 kg"
12785,691350,"Men / Masters 35+ / Advanced / -76,0 kg"
12785,691349,"Men / Masters 35+ / Advanced / -83,0 kg"
12785,691348,"Men / Masters 35+ / Advanced / -100,0 kg"
12785,691347,"Men / Masters 35+ / Advanced / +100,0 kg"
12785,694991,Men's Absolute / Adult / Advanced
12785,691633,"Girls [11-12 years] / Beginner / -40,0 kg"
12785,691657,"Girls [11-12 years] / Beginner / -52,0 kg"
12785,691638,"Girls [15-17 years] / Beginner / -50,0 kg"
12785,691639,"Girls [15-17 years] / Beginner / -65,0 kg"
12785,691636,"Girls [15-17 years] / Intermediate / -45,0 kg"
12785,691640,"Girls [15-17 years] / Intermediate / -60,0 kg"
12785,691407,"Boys [7-8 years] / Beginner / -28,0 kg"
12785,691409,"Boys [7-8 years] / Advanced / -32,0 kg"
12785,691410,"Boys [9-10 years] / Beginner / -36,0 kg"
12785,691408,"Boys [9-10 years] / Intermediate / -36,0 kg"
12785,694703,"Boys [9-10 years] / Intermediate / -40,0 kg"
12785,691642,"Boys [11-12 years] / Beginner / -40,0 kg"
12785,691643,"Boys [11-12 years] / Beginner / -44,0 kg"
12785,691644,"Boys [11-12 years] / Intermediate / -36,0 kg"
12785,691645,"Boys [11-12 years] / Intermediate / -52,0 kg"
12785,691634,"Boys [11-12 years] / Advanced / -32,0 kg"
12785,691635,"Boys [11-12 years] / Advanced / -48,0 kg"
12785,691648,"Boys [13-14 years] / Advanced / -55,0 kg"
12785,691649,"Boys [13-14 years] / Advanced / -60,0 kg"
12785,691652,"Boys [15-17 years] / Beginner / -55,0 kg"
12785,691651,"Boys [15-17 years] / Beginner / -60,0 kg"
12785,691650,"Boys [15-17 years] / Beginner / -65,0 kg"
12785,691653,"Boys [15-17 years] / Intermediate / -65,0 kg"
12785,691654,"Boys [15-17 years] / Advanced / -60,0 kg"
12785,691655,"Boys [15-17 years] / Advanced / -65,0 kg"
12785,691656,"Boys [15-17 years] / Advanced / -80,0 kg"
12692,688729,"Women / Adult / Beginner / -55,0 kg"
12692,688723,"Women / Adult / Beginner / -65,0 kg"
12692,688727,"Women / Adult / Intermediate / -50,0 kg"
12692,688710,"Women / Adult / Intermediate / -55,0 kg"
12692,688706,"Women / Adult / Intermediate / -60,0 kg"
12692,688716,"Women / Adult / Intermediate / -65,0 kg"
12692,688697,"Women / Adult / Intermediate / -70,0 kg"
12692,688707,"Women / Adult / Intermediate / +70,0 kg"
12692,688722,"Women / Adult / Advanced / -55,0 kg"
12692,688713,"Women / Adult / Advanced / -60,0 kg"
12692,688714,"Women / Adult / Advanced / -65,0 kg"
12692,688726,"Women / Adult / Advanced / -70,0 kg"
12692,689585,"Women / Masters 35+ / Intermediate / -55,0 kg"
12692,689591,"Women / Masters 35+ / Intermediate / -70,0 kg"
12692,689572,"Women / Masters 35+ / Intermediate / +70,0 kg"
12692,688731,Women's Absolute / Adult / Advanced
12692,688721,"Men / Adult / Beginner / -60,0 kg"
12692,688719,"Men / Adult / Beginner / -65,0 kg"
12692,688724,"Men / Adult / Beginner / -70,0 kg"
12692,688717,"Men / Adult / Beginner / -76,0 kg"
12692,688715,"Men / Adult / Beginner / -83,0 kg"
12692,688703,"Men / Adult / Beginner / -91,0 kg"
12692,688698,"Men / Adult / Beginner / -100,0 kg"
12692,688728,"Men / Adult / Beginner / +100,0 kg"
12692,688709,"Men / Adult / Intermediate / -60,0 kg"
12692,688725,"Men / Adult / Intermediate / -65,0 kg"
12692,688696,"Men / Adult / Intermediate / -70,0 kg"
12692,688699,"Men / Adult / Intermediate / -76,0 kg"
12692,688702,"Men / Adult / Intermediate / -83,0 kg"
12692,688711,"Men / Adult / Intermediate / -91,0 kg"
12692,688704,"Men / Adult / Intermediate / -100,0 kg"
12692,688708,"Men / Adult / Intermediate / +100,0 kg"
12692,688718,"Men / Adult / Advanced / -60,0 kg"
12692,688695,"Men / Adult / Advanced / -65,0 kg"
12692,688712,"Men / Adult / Advanced / -70,0 kg"
12692,688705,"Men / Adult / Advanced / -76,0 kg"
12692,688700,"Men / Adult / Advanced / -83,0 kg"
12692,688694,"Men / Adult / Advanced / -91,0 kg"
12692,688701,"Men / Adult / Advanced / -100,0 kg"
12692,688720,"Men / Adult / Advanced / +100,0 kg"
12692,689586,"Men / Masters 35+ / Beginner / -70,0 kg"
12692,689573,"Men / Masters 35+ / Beginner / -76,0 kg"
12692,689589,"Men / Masters 35+ / Beginner / -83,0 kg"
12692,689587,"Men / Masters 35+ / Beginner / -91,0 kg"
12692,689578,"Men / Masters 35+ / Beginner / +100,0 kg"
12692,689588,"Men / Masters 35+ / Intermediate / -65,0 kg"
12692,689579,"Men / Masters 35+ / Intermediate / -70,0 kg"
12692,689574,"Men / Masters 35+ / Intermediate / -76,0 kg"
12692,689577,"Men / Masters 35+ / Intermediate / -83,0 kg"
12692,689576,"Men / Masters 35+ / Intermediate / -91,0 kg"
12692,689590,"Men / Masters 35+ / Intermediate / -100,0 kg"
12692,689582,"Men / Masters 35+ / Advanced / -65,0 kg"
12692,689581,"Men / Masters 35+ / Advanced / -70,0 kg"
12692,689584,"Men / Masters 35+ / Advanced / -76,0 kg"
12692,689575,"Men / Masters 35+ / Advanced / -83,0 kg"
12692,689571,"Men / Masters 35+ / Advanced / -91,0 kg"
12692,689580,"Men / Masters 35+ / Advanced / -100,0 kg"
12692,689583,"Men / Masters 35+ / Advanced / +100,0 kg"
12692,688730,Men's Absolute / Adult / Advanced
12692,689618,"Girls [7-8 years] / Beginner / -28,0 kg"
12692,689641,"Girls [7-8 years] / Beginner / -32,0 kg"
12692,689620,"Girls [7-8 years] / Intermediate / -32,0 kg"
12692,689639,"Girls [9-10 years] / Intermediate / -32,0 kg"
12692,689625,"Girls [9-10 years] / Intermediate / -48,0 kg"
12692,689636,"Girls [9-10 years] / Advanced / -28,0 kg"
12692,689597,"Girls [9-10 years] / Advanced / -32,0 kg"
12692,689642,"Girls [9-10 years] / Advanced / -36,0 kg"
12692,689602,"Girls [9-10 years] / Advanced / -40,0 kg"
12692,689600,"Girls [11-12 years] / Intermediate / -40,0 kg"
12692,689595,"Girls [11-12 years] / Intermediate / -48,0 kg"
12692,689634,"Girls [11-12 years] / Intermediate / -52,0 kg"
12692,689637,"Girls [11-12 years] / Advanced / -32,0 kg"
12692,689607,"Girls [11-12 years] / Advanced / -40,0 kg"
12692,689599,"Girls [11-12 years] / Advanced / -44,0 kg"
12692,689638,"Girls [11-12 years] / Advanced / -48,0 kg"
12692,689614,"Girls [11-12 years] / Advanced / -52,0 kg"
12692,689635,"Girls [11-12 years] / Advanced / +52,0 kg"
12692,689538,"Girls [13-14 years] / Intermediate / -50,0 kg"
12692,689536,"Girls [13-14 years] / Intermediate / -55,0 kg"
12692,689562,"Girls [13-14 years] / Intermediate / -60,0 kg"
12692,689550,"Girls [13-14 years] / Advanced / -50,0 kg"
12692,689555,"Girls [13-14 years] / Advanced / -55,0 kg"
12692,689551,"Girls [15-17 years] / Intermediate / -60,0 kg"
12692,689539,"Girls [15-17 years] / Advanced / -60,0 kg"
12692,689544,"Girls [15-17 years] / Advanced / -65,0 kg"
12692,689622,"Boys [6 and under] / Beginner / -20,0 kg"
12692,689610,"Boys [6 and under] / Intermediate / -20,0 kg"
12692,689623,"Boys [7-8 years] / Beginner / -24,0 kg"
12692,689619,"Boys [7-8 years] / Beginner / -32,0 kg"
12692,689633,"Boys [7-8 years] / Beginner / -40,0 kg"
12692,689592,"Boys [7-8 years] / Intermediate / -24,0 kg"
12692,689593,"Boys [7-8 years] / Intermediate / -28,0 kg"
12692,689640,"Boys [7-8 years] / Intermediate / -40,0 kg"
12692,689594,"Boys [7-8 years] / Advanced / -24,0 kg"
12692,689626,"Boys [7-8 years] / Advanced / -28,0 kg"
12692,689621,"Boys [7-8 years] / Advanced / -32,0 kg"
12692,689613,"Boys [9-10 years] / Beginner / -32,0 kg"
12692,689611,"Boys [9-10 years] / Intermediate / -32,0 kg"
12692,689603,"Boys [9-10 years] / Intermediate / -36,0 kg"
12692,689601,"Boys [9-10 years] / Intermediate / -40,0 kg"
12692,689609,"Boys [9-10 years] / Advanced / -28,0 kg"
12692,689612,"Boys [9-10 years] / Advanced / -32,0 kg"
12692,689604,"Boys [9-10 years] / Advanced / -36,0 kg"
12692,689608,"Boys [9-10 years] / Advanced / -40,0 kg"
12692,689630,"Boys [9-10 years] / Advanced / -44,0 kg"
12692,689643,"Boys [11-12 years] / Beginner / -40,0 kg"
12692,689605,"Boys [11-12 years] / Intermediate / -32,0 kg"
12692,689632,"Boys [11-12 years] / Intermediate / -36,0 kg"
12692,689616,"Boys [11-12 years] / Intermediate / -40,0 kg"
12692,689615,"Boys [11-12 years] / Intermediate / -44,0 kg"
12692,689631,"Boys [11-12 years] / Intermediate / -48,0 kg"
12692,689596,"Boys [11-12 years] / Intermediate / +52,0 kg"
12692,689606,"Boys [11-12 years] / Advanced / -32,0 kg"
12692,689628,"Boys [11-12 years] / Advanced / -36,0 kg"
12692,689617,"Boys [11-12 years] / Advanced / -40,0 kg"
12692,689624,"Boys [11-12 years] / Advanced / -48,0 kg"
12692,689627,"Boys [11-12 years] / Advanced / -52,0 kg"
12692,689598,"Boys [11-12 years] / Advanced / +52,0 kg"
12692,689565,"Boys [13-14 years] / Beginner / -50,0 kg"
12692,689570,"Boys [13-14 years] / Beginner / -60,0 kg"
12692,689553,"Boys [13-14 years] / Intermediate / -45,0 kg"
12692,689552,"Boys [13-14 years] / Intermediate / -50,0 kg"
12692,689547,"Boys [13-14 years] / Intermediate / -55,0 kg"
12692,689537,"Boys [13-14 years] / Intermediate / -60,0 kg"
12692,689569,"Boys [13-14 years] / Intermediate / -65,0 kg"
12692,689563,"Boys [13-14 years] / Intermediate / +65,0 kg"
12692,689549,"Boys [13-14 years] / Advanced / -50,0 kg"
12692,689568,"Boys [13-14 years] / Advanced / -55,0 kg"
12692,689566,"Boys [13-14 years] / Advanced / -60,0 kg"
12692,689545,"Boys [13-14 years] / Advanced / -65,0 kg"
12692,689546,"Boys [13-14 years] / Advanced / +65,0 kg"
12692,689564,"Boys [15-17 years] / Beginner / -60,0 kg"
12692,689567,"Boys [15-17 years] / Beginner / -65,0 kg"
12692,689560,"Boys [15-17 years] / Beginner / -75,0 kg"
12692,689557,"Boys [15-17 years] / Beginner / +80,0 kg"
12692,689542,"Boys [15-17 years] / Intermediate / -55,0 kg"
12692,689558,"Boys [15-17 years] / Intermediate / -65,0 kg"
12692,689540,"Boys [15-17 years] / Intermediate / -75,0 kg"
12692,689556,"Boys [15-17 years] / Advanced / -50,0 kg"
12692,689543,"Boys [15-17 years] / Advanced / -55,0 kg"
12692,689559,"Boys [15-17 years] / Advanced / -65,0 kg"
12692,689554,"Boys [15-17 years] / Advanced / -70,0 kg"
12692,689541,"Boys [15-17 years] / Advanced / -80,0 kg"
12692,689548,"Boys [15-17 years] / Advanced / +80,0 kg"
11951,735655,"Women / Adult / Beginner / -55,0 kg"
11951,735667,"Women / Adult / Beginner / -60,0 kg"
11951,735668,"Women / Adult / Intermediate / -55,0 kg"
11951,735680,"Women / Adult / Intermediate / -60,0 kg"
11951,735660,"Women / Adult / Intermediate / -65,0 kg"
11951,735656,"Women / Adult / Advanced / -55,0 kg"
11951,735703,"Women / Adult / Advanced / -65,0 kg"
11951,735669,"Women / Adult / Advanced / +70,0 kg"
11951,735685,"Women / Masters 35+ / Advanced / -65,0 kg"
11951,735670,Women's Absolute / Adult / Advanced
11951,735692,"Men / Adult / Beginner / -65,0 kg"
11951,735638,"Men / Adult / Beginner / -70,0 kg"
11951,735674,"Men / Adult / Beginner / -76,0 kg"
11951,735659,"Men / Adult / Beginner / -83,0 kg"
11951,735643,"Men / Adult / Beginner / -91,0 kg"
11951,735688,"Men / Adult / Beginner / -100,0 kg"
11951,735657,Men / Adult / Beginner / +100 kg
11951,735678,"Men / Adult / Intermediate  / -60,0 kg"
11951,735651,"Men / Adult / Intermediate  / -65,0 kg"
11951,735658,"Men / Adult / Intermediate  / -70,0 kg"
11951,735653,"Men / Adult / Intermediate  / -76,0 kg"
11951,735632,"Men / Adult / Intermediate  / -83,0 kg"
11951,735663,"Men / Adult / Intermediate  / -91,0 kg"
11951,735661,"Men / Adult / Intermediate  / -100,0 kg"
11951,735675,Men / Adult / Intermediate  / +100 kg
11951,735664,"Men / Adult / Advanced / -60,0 kg"
11951,735649,"Men / Adult / Advanced / -65,0 kg"
11951,735644,"Men / Adult / Advanced / -70,0 kg"
11951,735633,"Men / Adult / Advanced / -76,0 kg"
11951,735640,"Men / Adult / Advanced / -83,0 kg"
11951,735673,"Men / Adult / Advanced / -91,0 kg"
11951,735676,"Men / Adult / Advanced / -100,0 kg"
11951,735662,Men / Adult / Advanced / +100 kg
11951,735713,"Men / Masters 35+ / Beginner / -83,0 kg"
11951,735699,"Men / Masters 35+ / Beginner / -91,0 kg"
11951,735705,"Men / Masters 35+ / Intermediate  / -70,0 kg"
11951,735683,"Men / Masters 35+ / Intermediate  / -76,0 kg"
11951,735654,"Men / Masters 35+ / Intermediate  / -83,0 kg"
11951,735690,Men / Masters 35+ / Intermediate  / +100 kg
11951,735645,"Men / Masters 35+ / Advanced / -70,0 kg"
11951,735641,"Men / Masters 35+ / Advanced / -76,0 kg"
11951,735639,"Men / Masters 35+ / Advanced / -83,0 kg"
11951,735679,"Men / Masters 35+ / Advanced / -91,0 kg"
11951,735686,"Men / Masters 35+ / Advanced / -100,0 kg"
11951,735650,Men's Absolute / Adult / Advanced
11951,735684,"Girls [9-10 years] / Intermediate / -32,0 kg"
11951,735715,"Girls [9-10 years] / Advanced / -28,0 kg"
11951,735691,"Girls [9-10 years] / Advanced / -36,0 kg"
11951,735712,"Girls [11-12 years] / Intermediate / -44,0 kg"
11951,735682,"Girls [11-12 years] / Advanced / -36,0 kg"
11951,735717,"Girls [13-14 years] / Intermediate / -40,0 kg"
11951,735704,"Girls [13-14 years] / Intermediate / -45,0 kg"
11951,735677,"Girls [13-14 years] / Intermediate / -50,0 kg"
11951,735722,"Girls [13-14 years] / Advanced / -60,0 kg"
11951,735702,"Girls [15-17 years] / Advanced / -55,0 kg"
11951,735681,"Girls [15-17 years] / Advanced / -60,0 kg"
11951,735701,"Girls [15-17 years] / Advanced / +65,0 kg"
11951,735672,"Boys [6 and under] / Beginner / -20,0 kg"
11951,735634,"Boys [6 and under] / Beginner / -24,0 kg"
11951,735718,"Boys [6 and under] / Intermediate / -24,0 kg"
11951,735646,"Boys [7-8 years] / Beginner / -24,0 kg"
11951,735709,"Boys [7-8 years] / Beginner / -28,0 kg"
11951,735714,"Boys [7-8 years] / Beginner / -40,0 lg"
11951,735689,"Boys [7-8 years] / Intermediate / -24,0 kg"
11951,735695,"Boys-Girls [7-8 years] / Intermediate / -28,0 kg"
11951,735707,"Boys [7-8 years] / Intermediate / -32,0 kg"
11951,735721,"Boys-Girls [7-8 years] / Advanced / -28,0 kg"
11951,735716,"Boys [9-10 years] / Beginner / -32,0 kg"
11951,735665,"Boys [9-10 years] / Intermediate / -28,0 kg"
11951,735635,"Boys [9-10 years] / Intermediate / -32,0 kg"
11951,735636,"Boys [9-10 years] / Intermediate / -36,0 kg"
11951,735698,"Boys-Girls [9-10 years] / Intermediate / -44,0 kg"
11951,735719,"Boys [9-10 years] / Advanced / -28,0 kg"
11951,735694,"Boys [9-10 years] / Advanced / -32,0 kg"
11951,735693,"Boys [9-10 years] / Advanced / -36,0 kg"
11951,735700,"Boys-Girls [11-12 years] / Beginner / -36,0 kg"
11951,735708,"Boys-Girls [11-12 years] / Intermediate / -36,0 kg"
11951,735711,"Boys [11-12 years] / Intermediate / -44,0 kg"
11951,735652,"Boys-Girls [11-12 years] / Advanced / -40,0 kg"
11951,735710,"Boys [13-14 years] / Beginner / -65,0 kg"
11951,735697,"Boys [13-14 years] / Intermediate / -50,0 kg"
11951,735720,"Boys [13-14 years] / Intermediate / -60,0 kg"
11951,735647,"Boys [13-14 years] / Advanced / -55,0 kg"
11951,735648,"Boys [13-14 years] / Advanced / -60,0 kg"
11951,735696,"Boys [15-17 years] / Beginner / -65,0 kg"
11951,735706,"Boys [15-17 years] / Beginner / -75,0 kg"
11951,735637,"Boys [15-17 years] / Intermediate / -55,0 kg"
11951,735671,"Boys [15-17 years] / Intermediate / -65,0 kg"
11951,735642,"Boys [15-17 years] / Advanced / -60,0 kg"
11951,735687,"Boys [15-17 years] / Advanced / -65,0 kg"
11951,735666,"Boys [15-17 years] / Advanced / -75,0 kg"
11768,735487,"Women / Adult / Beginner / -50,0 kg"
11768,735444,"Women / Adult / Beginner / -55,0 kg"
11768,735416,"Women / Adult / Beginner / -65,0 kg"
11768,735488,"Women / Adult / Beginner / +70,0 kg"
11768,735411,"Women / Adult / Intermediate / -50,0 kg"
11768,735389,"Women / Adult / Intermediate / -55,0 kg"
11768,735377,"Women / Adult / Intermediate / -60,0 kg"
11768,735386,"Women / Adult / Intermediate / -65,0 kg"
11768,735438,"Women / Adult / Intermediate / -70,0 kg"
11768,735398,"Women / Adult / Intermediate / +70,0 kg"
11768,735407,"Women / Adult / Advanced / -50,0 kg"
11768,735417,"Women / Adult / Advanced / -55,0 kg"
11768,735409,"Women / Adult / Advanced / -60,0 kg"
11768,735423,"Women / Adult / Advanced / -65,0 kg"
11768,735490,"Women / Adult / Advanced / -70,0 kg"
11768,735489,"Women / Adult / Advanced / +70,0 kg"
11768,735495,"Women / Masters 35+ / Intermediate / -60,0 kg"
11768,735410,"Women / Masters 35+ / Advanced / -60,0 kg"
11768,735390,Women's Absolute / Adult / Advanced
11768,735435,"Men / Adult / Beginner / -60,0 kg"
11768,735484,"Men / Adult / Beginner / -65,0 kg"
11768,735440,"Men / Adult / Beginner / -70,0 kg"
11768,735402,"Men / Adult / Beginner / -76,0 kg"
11768,735408,"Men / Adult / Beginner / -83,0 kg"
11768,735421,"Men / Adult / Beginner / -91,0 kg"
11768,735485,"Men / Adult / Beginner / -100,0 kg"
11768,735391,"Men / Adult / Beginner / +100,0 kg"
11768,735373,"Men / Adult / Intermediate / -60,0 kg"
11768,735369,"Men / Adult / Intermediate / -65,0 kg"
11768,735370,"Men / Adult / Intermediate / -70,0 kg"
11768,735376,"Men / Adult / Intermediate / -76,0 kg"
11768,735378,"Men / Adult / Intermediate / -83,0 kg"
11768,735419,"Men / Adult / Intermediate / -91,0 kg"
11768,735380,"Men / Adult / Intermediate / -100,0 kg"
11768,735385,"Men / Adult / Intermediate / +100,0 kg"
11768,735404,"Men / Adult / Advanced / -60,0 kg"
11768,735405,"Men / Adult / Advanced / -65,0 kg"
11768,735434,"Men / Adult / Advanced / -70,0 kg"
11768,735383,"Men / Adult / Advanced / -76,0 kg"
11768,735368,"Men / Adult / Advanced / -83,0 kg"
11768,735372,"Men / Adult / Advanced / -91,0 kg"
11768,735428,"Men / Adult / Advanced / -100,0 kg"
11768,735486,"Men / Adult / Advanced / +100,0 kg"
11768,735491,"Men / Masters 35+ / Beginner / -83,0 kg"
11768,735415,"Men / Masters 35+ / Beginner / -91,0 kg"
11768,735492,"Men / Masters 35+ / Beginner / -100,0 kg"
11768,735392,"Men / Masters 35+ / Intermediate / -70,0 kg"
11768,735493,"Men / Masters 35+ / Intermediate / -76,0 kg"
11768,735393,"Men / Masters 35+ / Intermediate / -83,0 kg"
11768,735381,"Men / Masters 35+ / Intermediate / -91,0 kg"
11768,735384,"Men / Masters 35+ / Intermediate / -100,0 kg"
11768,735420,"Men / Masters 35+ / Advanced / -60,0 kg"
11768,735494,"Men / Masters 35+ / Advanced / -70,0 kg"
11768,735422,"Men / Masters 35+ / Advanced / -76,0 kg"
11768,735401,"Men / Masters 35+ / Advanced / -83,0 kg"
11768,735406,"Men / Masters 35+ / Advanced / -91,0 kg"
11768,735427,"Men / Masters 35+ / Advanced / -100,0 kg"
11768,735394,"Men / Masters 35+ / Advanced / +100,0 kg"
11768,735371,Men's Absolute / Adult / Advanced
11768,735450,"Girls [6 and under] / Beginner / -24,0 kg"
11768,735451,"Girls [7-8 years] / Beginner / -36,0 kg"
11768,735432,"Girls [7-8 years] / Intermediate / -24,0 kg"
11768,735436,"Girls [7-8 years] / Intermediate / -28,0 kg"
11768,735437,"Girls [7-8 years] / Advanced / -28,0 kg"
11768,735433,"Girls [9-10 years] / Intermediate / -32,0 kg"
11768,735379,"Girls [9-10 years] / Intermediate / -36,0 kg"
11768,735459,"Girls [9-10 years] / Intermediate / -44,0 kg"
11768,735413,"Girls [9-10 years] / Advanced / -32,0 kg"
11768,735466,"Girls [11-12 years] / Beginner / -52,0 kg"
11768,735467,"Girls [11-12 years] / Intermediate / -36,0 kg"
11768,735374,"Girls [11-12 years] / Intermediate / -40,0 kg"
11768,735468,"Girls [11-12 years] / Intermediate / -44,0 kg"
11768,735469,"Girls [11-12 years] / Intermediate / -48,0 kg"
11768,735445,"Girls [11-12 years] / Advanced / -32,0 kg"
11768,735387,"Girls [11-12 years] / Advanced / -36,0 kg"
11768,735470,"Girls [11-12 years] / Advanced / -40,0 kg"
11768,735471,"Girls [11-12 years] / Advanced / -48,0 kg"
11768,735403,"Girls [11-12 years] / Advanced / +52,0 kg"
11768,735477,"Girls [13-14 years] / Intermediate / -45,0 kg"
11768,735478,"Girls [13-14 years] / Intermediate / -50,0 kg"
11768,735479,"Girls [13-14 years] / Intermediate / -60,0 kg"
11768,735397,"Girls [13-14 years] / Advanced / +60,0 kg"
11768,735483,"Girls [15-17 years] / Beginner / +65,0 kg"
11768,735424,"Girls [15-17 years] / Advanced / -65,0 kg"
11768,735388,"Girls [15-17 years] / Advanced / +65,0 kg"
11768,735412,"Boys [6 and under] / Beginner / -20,0 kg"
11768,735442,"Boys [6 and under] / Intermediate / -24,0 kg"
11768,735443,"Boys [6 and under] / Advanced / -24,0 kg"
11768,735399,"Boys [7-8 years] / Beginner / -32,0 kg"
11768,735396,"Boys [7-8 years] / Intermediate / -24,0 kg"
11768,735418,"Boys [7-8 years] / Intermediate / -28,0 kg"
11768,735448,"Boys [7-8 years] / Intermediate / -36,0 kg"
11768,735449,"Boys [7-8 years] / Intermediate / +44,0 kg"
11768,735447,"Boys [7-8 years] / Advanced / -24,0 kg"
11768,735426,"Boys [7-8 years] / Advanced / -28,0 kg"
11768,735452,"Boys [9-10 years] / Intermediate / -28,0 kg"
11768,735453,"Boys [9-10 years] / Intermediate / -32,0 kg"
11768,735400,"Boys [9-10 years] / Intermediate / -36,0 kg"
11768,735431,"Boys [9-10 years] / Advanced / -28,0 kg"
11768,735454,"Boys [9-10 years] / Advanced / -32,0 kg"
11768,735455,"Boys [9-10 years] / Advanced / -36,0 kg"
11768,735456,"Boys [9-10 years] / Advanced / -40,0 kg"
11768,735457,"Boys [9-10 years] / Advanced / -44,0 kg"
11768,735458,"Boys [9-10 years] / Advanced / -48,0 kg"
11768,735460,"Boys [11-12 years] / Beginner / -44,0 kg"
11768,735461,"Boys [11-12 years] / Intermediate / -36,0 kg"
11768,735375,"Boys [11-12 years] / Intermediate / -40,0 kg"
11768,735463,"Boys [11-12 years] / Intermediate / +52,0 kg"
11768,735446,"Boys [11-12 years] / Advanced / -32,0 kg"
11768,735464,"Boys [11-12 years] / Advanced / -36,0 kg"
11768,735382,"Boys [11-12 years] / Advanced / -40,0 kg"
11768,735465,"Boys [11-12 years] / Advanced / -48,0 kg"
11768,735472,"Boys [13-14 years] / Intermediate / -45,0 kg"
11768,735425,"Boys [13-14 years] / Intermediate / -50,0 kg"
11768,735439,"Boys [13-14 years] / Intermediate / -55,0 kg"
11768,735366,"Boys [13-14 years] / Intermediate / -60,0 kg"
11768,735395,"Boys [13-14 years] / Intermediate / -65,0 kg"
11768,735473,"Boys [13-14 years] / Advanced / -50,0 kg"
11768,735474,"Boys [13-14 years] / Advanced / -55,0 kg"
11768,735367,"Boys [13-14 years] / Advanced / -60,0 kg"
11768,735475,"Boys [13-14 years] / Advanced / -65,0 kg"
11768,735476,"Boys [13-14 years] / Advanced / +65,0 kg"
11768,735429,"Boys [15-17 years] / Beginner / -60,0 kg"
11768,735480,"Boys [15-17 years] / Intermediate / -55,0 kg"
11768,735481,"Boys [15-17 years] / Intermediate / -70,0 kg"
11768,735482,"Boys [15-17 years] / Advanced / -55,0 kg"
11768,735430,"Boys [15-17 years] / Advanced / -60,0 kg"
11768,735414,"Boys [15-17 years] / Advanced / -65,0 kg"
11768,735441,"Boys [15-17 years] / Advanced / -80,0 kg"
11765,733579,"Women / Adult / Beginner / -65,0 kg"
11765,733572,"Women / Adult / Beginner / +70,0 kg"
11765,733561,"Women / Adult / Intermediate / -55,0 kg"
11765,733565,"Women / Adult / Intermediate / -60,0 kg"
11765,733567,"Women / Adult / Intermediate / -65,0 kg"
11765,733562,"Women / Adult / Intermediate / -70,0 kg"
11765,733537,"Women / Adult / Intermediate / +70,0 kg"
11765,733553,"Women / Adult / Advanced / -65,0 kg"
11765,733574,"Women / Adult / Advanced / -70,0 kg"
11765,733548,"Women / Adult / Advanced / +70,0 kg"
11765,733554,Women's Absolute / Adult / Advanced
11765,733555,"Men / Adult / Beginner / -60,0 kg"
11765,733556,"Men / Adult / Beginner / -65,0 kg"
11765,733549,"Men / Adult / Beginner / -70,0 kg"
11765,733538,"Men / Adult / Beginner / -76,0 kg"
11765,733546,"Men / Adult / Beginner / -83,0 kg"
11765,733557,"Men / Adult / Beginner / -91,0 kg"
11765,733584,"Men / Adult / Beginner / -100,0 kg"
11765,733536,"Men / Adult / Beginner / +100,0 kg"
11765,733566,"Men / Adult / Intermediate / -60,0 kg"
11765,733543,"Men / Adult / Intermediate / -65,0 kg"
11765,733539,"Men / Adult / Intermediate / -70,0 kg"
11765,733540,"Men / Adult / Intermediate / -76,0 kg"
11765,733532,"Men / Adult / Intermediate / -83,0 kg"
11765,733551,"Men / Adult / Intermediate / -91,0 kg"
11765,733542,"Men / Adult / Intermediate / -100,0 kg"
11765,733576,"Men / Adult / Intermediate / +100,0 kg"
11765,733528,"Men / Adult / Advanced / -60,0 kg"
11765,733531,"Men / Adult / Advanced / -65,0 kg"
11765,733559,"Men / Adult / Advanced / -70,0 kg"
11765,733547,"Men / Adult / Advanced / -76,0 kg"
11765,733550,"Men / Adult / Advanced / -83,0 kg"
11765,733568,"Men / Adult / Advanced / -91,0 kg"
11765,733552,"Men / Adult / Advanced / -100,0 kg"
11765,733533,"Men / Adult / Advanced / +100,0 kg"
11765,733541,"Men / Masters 35+ / Intermediate / -70,0 kg"
11765,733570,"Men / Masters 35+ / Intermediate / -76,0 kg"
11765,733558,"Men / Masters 35+ / Intermediate / -83,0 kg"
11765,733545,"Men / Masters 35+ / Advanced / -76,0 kg"
11765,733569,"Men / Masters 35+ / Advanced / -83,0 kg"
11765,733535,"Men / Masters 35+ / Advanced / -91,0 kg"
11765,733571,"Men / Masters 35+ / Advanced / -100,0 kg"
11765,733534,Men's Absolute / Adult / Advanced
11765,733578,"Girls [7-8 years] / Beginner / -24,0 kg"
11765,733581,"Girls [7-8 years] / Intermediate / -32,0 kg"
11765,733589,"Girls [9-10 years] / Advanced / -44,0 kg"
11765,733585,"Girls [11-12 years] / Advanced / -40,0 kg"
11765,733582,"Girls [11-12 years] / Advanced / +52,0 kg"
11765,733587,"Boys [7-8 years] / Intermediate / -28,0 kg"
11765,733563,"Boys [9-10 years] / Beginner / -40,0 kg"
11765,733564,"Boys [9-10 years] / Intermediate / -40,0 kg"
11765,733530,"Boys [9-10 years] / Advanced / -32,0 kg"
11765,733529,"Boys [9-10 years] / Advanced / -40,0 kg"
11765,733586,"Boys [13-14 years] / Beginner / -55,0 kg"
11765,733573,"Boys [13-14 years] / Beginner / -60,0 kg"
11765,733544,"Boys [13-14 years] / Advanced / -60,0 kg"
11765,733575,"Boys [15-17 years] / Beginner / -55,0 kg"
11765,733577,"Boys [15-17 years] / Beginner / -70,0 kg"
11765,733588,"Boys [15-17 years] / Intermediate / +80,0 kg"
11765,733560,"Boys [15-17 years] / Advanced / -65,0 kg"
11765,733580,"Boys [15-17 years] / Advanced / -75,0 kg"
11268,732874,"Women / Adult / Beginner / -55,0 kg"
11268,732848,"Women / Adult / Beginner / -60,0 kg"
11268,732819,"Women / Adult / Beginner / -65,0 kg"
11268,732890,"Women / Adult / Beginner / -70,0 kg"
11268,732842,"Women / Adult / Intermediate / -55,0 kg"
11268,732831,"Women / Adult / Intermediate / -60,0 kg"
11268,732805,"Women / Adult / Intermediate / -65,0 kg"
11268,732858,"Women / Adult / Intermediate / -70,0 kg"
11268,732799,"Women / Adult / Intermediate / +70,0 kg"
11268,732840,"Women / Adult / Advanced / -55,0 kg"
11268,732847,"Women / Adult / Advanced / -60,0 kg"
11268,732814,"Women / Adult / Advanced / -65,0 kg"
11268,732868,"Women / Adult / Advanced / -70,0 kg"
11268,732854,"Women / Adult / Advanced / +70,0 kg"
11268,732913,"Women / Masters 35+ / Beginner / +70,0 kg"
11268,732844,"Women / Masters 35+ / Intermediate / -60,0 kg"
11268,732897,"Women / Masters 35+ / Intermediate / -65,0 kg"
11268,732875,"Women / Masters 35+ / Intermediate / -70,0 kg"
11268,732910,"Women / Masters 35+ / Advanced / -60,0 kg"
11268,732902,"Women / Masters 35+ / Advanced / -65,0 kg"
11268,732800,Women's Absolute / Adult / Advanced
11268,732807,"Men / Adult / Beginner / -60,0 kg"
11268,732866,"Men / Adult / Beginner / -65,0 kg"
11268,732853,"Men / Adult / Beginner / -70,0 kg"
11268,732862,"Men / Adult / Beginner / -76,0 kg"
11268,732829,"Men / Adult / Beginner / -83,0 kg"
11268,732815,"Men / Adult / Beginner / -91,0 kg"
11268,732809,"Men / Adult / Beginner / -100,0 kg"
11268,732795,Men / Adult / Beginner / +100 kg
11268,732785,"Men / Adult / Intermediate  / -60,0 kg"
11268,732826,"Men / Adult / Intermediate  / -65,0 kg"
11268,732787,"Men / Adult / Intermediate  / -70,0 kg"
11268,732791,"Men / Adult / Intermediate  / -76,0 kg"
11268,732818,"Men / Adult / Intermediate  / -83,0 kg"
11268,732796,"Men / Adult / Intermediate  / -91,0 kg"
11268,732803,"Men / Adult / Intermediate  / -100,0 kg"
11268,732790,Men / Adult / Intermediate  / +100 kg
11268,732810,"Men / Adult / Advanced / -60,0 kg"
11268,732789,"Men / Adult / Advanced / -65,0 kg"
11268,732817,"Men / Adult / Advanced / -70,0 kg"
11268,732797,"Men / Adult / Advanced / -76,0 kg"
11268,732830,"Men / Adult / Advanced / -83,0 kg"
11268,732802,"Men / Adult / Advanced / -91,0 kg"
11268,732820,"Men / Adult / Advanced / -100,0 kg"
11268,732873,Men / Adult / Advanced / +100 kg
11268,732895,"Men / Masters 35+ / Beginner / -76,0 kg"
11268,732832,"Men / Masters 35+ / Beginner / -83,0 kg"
11268,732816,"Men / Masters 35+ / Beginner / -100,0 kg"
11268,732891,Men / Masters 35+ / Beginner / +100 kg
11268,732793,"Men / Masters 35+ / Intermediate  / -70,0 kg"
11268,732821,"Men / Masters 35+ / Intermediate  / -76,0 kg"
11268,732794,"Men / Masters 35+ / Intermediate  / -83,0 kg"
11268,732839,"Men / Masters 35+ / Intermediate  / -91,0 kg"
11268,732782,"Men / Masters 35+ / Intermediate  / -100,0 kg"
11268,732824,Men / Masters 35+ / Intermediate  / +100 kg
11268,732883,"Men / Masters 35+ / Advanced / -60,0 kg"
11268,732851,"Men / Masters 35+ / Advanced / -65,0 kg"
11268,732838,"Men / Masters 35+ / Advanced / -76,0 kg"
11268,732801,"Men / Masters 35+ / Advanced / -83,0 kg"
11268,732833,"Men / Masters 35+ / Advanced / -91,0 kg"
11268,732837,"Men / Masters 35+ / Advanced / -100,0 kg"
11268,732828,Men / Masters 35+ / Advanced / +100 kg
11268,732783,Men's Absolute / Adult / Advanced
11268,732909,"Girls [6 and under] / Intermediate / -20,0 kg"
11268,732920,"Girls [7-8 years] / Beginner / -32,0 kg"
11268,732884,"Girls [7-8 years] / Intermediate / -24,0 kg"
11268,732906,"Girls [7-8 years] / Intermediate / -32,0 kg"
11268,732863,"Girls [9-10 years] / Beginner / -32,0 kg"
11268,732876,"Girls [9-10 years] / Beginner / -44,0 kg"
11268,732919,"Girls [9-10 years] / Intermediate / -28,0 kg"
11268,732857,"Girls [9-10 years] / Intermediate / -32,0 kg"
11268,732834,"Girls [9-10 years] / Intermediate / -36,0 kg"
11268,732841,"Girls [9-10 years] / Advanced / -36,0 kg"
11268,732904,"Girls [9-10 years] / Advanced / -40,0 kg"
11268,732877,"Girls [11-12 years] / Beginner / -48,0 kg"
11268,732846,"Girls [11-12 years] / Intermediate / -36,0 kg"
11268,732914,"Girls [11-12 years] / Intermediate / -44,0 kg"
11268,732880,"Girls [11-12 years] / Intermediate / -52,0 kg"
11268,732852,"Girls [11-12 years] / Advanced / -32,0 kg"
11268,732889,"Girls [11-12 years] / Advanced / -36,0 kg"
11268,732892,"Girls [11-12 years] / Advanced / -44,0 kg"
11268,732898,"Girls [11-12 years] / Advanced / -48,0 kg"
11268,732899,"Girls [11-12 years] / Advanced / +52,0 kg"
11268,732921,"Girls [13-14 years] / Beginner / -50,0 kg"
11268,732860,"Girls [13-14 years] / Intermediate / -60,0 kg"
11268,732822,"Girls [13-14 years] / Intermediate / +60,0 kg"
11268,732869,"Girls [13-14 years] / Advanced / -50,0 kg"
11268,732859,"Girls [13-14 years] / Advanced / -60,0 kg"
11268,732911,"Girls [15-17 years] / Beginner / -65,0 kg"
11268,732872,"Girls [15-17 years] / Advanced / -55,0 kg"
11268,732813,"Girls [15-17 years] / Advanced / -65,0 kg"
11268,732882,"Boys [6 and under] / Beginner / -20,0 kg"
11268,732864,"Boys [6 and under] / Intermediate / -24,0 kg"
11268,732888,"Boys [7-8 years] / Beginner / -24,0 kg"
11268,732836,"Boys [7-8 years] / Intermediate / -24,0 kg"
11268,732786,"Boys [7-8 years] / Intermediate / -28,0 kg"
11268,732903,"Boys [7-8 years] / Intermediate / -32,0 kg"
11268,732850,"Boys [7-8 years] / Intermediate / -40,0 kg"
11268,732907,"Boys [7-8 years] / Advanced / -28,0 kg"
11268,732798,"Boys [7-8 years] / Advanced / -36,0 kg"
11268,732918,"Boys [9-10 years] / Beginner / -32,0 kg"
11268,732804,"Boys [9-10 years] / Intermediate / -28,0 kg"
11268,732806,"Boys [9-10 years] / Intermediate / -32,0 kg"
11268,732835,"Boys [9-10 years] / Intermediate / -36,0 kg"
11268,732865,"Boys [9-10 years] / Intermediate / -40,0 kg"
11268,732871,"Boys [9-10 years] / Intermediate / -44,0 kg"
11268,732811,"Boys [9-10 years] / Advanced / -28,0 kg"
11268,732808,"Boys [9-10 years] / Advanced / -36,0 kg"
11268,732887,"Boys [9-10 years] / Advanced / -40,0 kg"
11268,732908,"Boys [9-10 years] / Advanced / -44,0 kg"
11268,732912,"Boys [11-12 years] / Beginner / -44,0 kg"
11268,732885,"Boys [11-12 years] / Intermediate / -32,0 kg"
11268,732855,"Boys [11-12 years] / Intermediate / -36,0 kg"
11268,732812,"Boys [11-12 years] / Intermediate / -44,0 kg"
11268,732792,"Boys [11-12 years] / Intermediate / -48,0 kg"
11268,732905,"Boys [11-12 years] / Intermediate / +52,0 kg"
11268,732901,"Boys [11-12 years] / Advanced / -36,0 kg"
11268,732896,"Boys [11-12 years] / Advanced / -40,0 kg"
11268,732856,"Boys [11-12 years] / Advanced / -44,0 kg"
11268,732784,"Boys [11-12 years] / Advanced / -48,0 kg"
11268,732881,"Boys [11-12 years] / Advanced / -52,0 kg"
11268,732823,"Boys [13-14 years] / Intermediate / -45,0 kg"
11268,732878,"Boys [13-14 years] / Intermediate / -50,0 kg"
11268,732870,"Boys [13-14 years] / Intermediate / -60,0 kg"
11268,732886,"Boys [13-14 years] / Intermediate / +65,0 kg"
11268,732867,"Boys [13-14 years] / Advanced / -40,0 kg"
11268,732894,"Boys [13-14 years] / Advanced / -50,0 kg"
11268,732825,"Boys [13-14 years] / Advanced / -55,0 kg"
11268,732843,"Boys [13-14 years] / Advanced / -60,0 kg"
11268,732893,"Boys [13-14 years] / Advanced / -65,0 kg"
11268,732827,"Boys [13-14 years] / Advanced / +65,0 kg"
11268,732917,"Boys [15-17 years] / Beginner / -60,0 kg"
11268,732916,"Boys [15-17 years] / Beginner / -80,0 kg"
11268,732915,"Boys [15-17 years] / Intermediate / -65,0 kg"
11268,732879,"Boys [15-17 years] / Advanced / -55,0 kg"
11268,732861,"Boys [15-17 years] / Advanced / -60,0 kg"
11268,732788,"Boys [15-17 years] / Advanced / -65,0 kg"
11268,732900,"Boys [15-17 years] / Advanced / -70,0 kg"
11268,732845,"Boys [15-17 years] / Advanced / -75,0 kg"
11268,732849,"Boys [15-17 years] / Advanced / +80,0 kg"
11127,732695,"Women / Adult / Beginner / -60,0 kg"
11127,732670,"Women / Adult / Beginner / +70,0 kg"
11127,732657,"Women / Adult / Intermediate / -55,0 kg"
11127,732614,"Women / Adult / Intermediate / -60,0 kg"
11127,732650,"Women / Adult / Intermediate / -65,0 kg"
11127,732703,"Women / Adult / Intermediate / -70,0 kg"
11127,732625,"Women / Adult / Intermediate / +70,0 kg"
11127,732667,"Women / Adult / Advanced / -60,0 kg"
11127,732665,"Women / Adult / Advanced / -65,0 kg"
11127,732621,"Women / Adult / Advanced / -70,0 kg"
11127,732688,"Women / Masters 35+ / Intermediate / -70,0 kg"
11127,732694,"Women / Masters 35+ / Advanced / -65,0 kg"
11127,732624,Women's Absolute / Adult / Advanced
11127,732676,"Men / Adult / Beginner / -65,0 kg"
11127,732622,"Men / Adult / Beginner / -70,0 kg"
11127,732646,"Men / Adult / Beginner / -76,0 kg"
11127,732637,"Men / Adult / Beginner / -83,0 kg"
11127,732679,"Men / Adult / Beginner / -91,0 kg"
11127,732619,"Men / Adult / Beginner / -100,0 kg"
11127,732678,Men / Adult / Beginner / +100 kg
11127,732617,"Men / Adult / Intermediate  / -60,0 kg"
11127,732636,"Men / Adult / Intermediate  / -65,0 kg"
11127,732616,"Men / Adult / Intermediate  / -70,0 kg"
11127,732630,"Men / Adult / Intermediate  / -76,0 kg"
11127,732618,"Men / Adult / Intermediate  / -83,0 kg"
11127,732610,"Men / Adult / Intermediate  / -91,0 kg"
11127,732655,"Men / Adult / Intermediate  / -100,0 kg"
11127,732686,Men / Adult / Intermediate  / +100 kg
11127,732640,"Men / Adult / Advanced / -60,0 kg"
11127,732635,"Men / Adult / Advanced / -65,0 kg"
11127,732674,"Men / Adult / Advanced / -70,0 kg"
11127,732623,"Men / Adult / Advanced / -76,0 kg"
11127,732641,"Men / Adult / Advanced / -83,0 kg"
11127,732658,"Men / Adult / Advanced / -91,0 kg"
11127,732659,"Men / Adult / Advanced / -100,0 kg"
11127,732611,Men / Adult / Advanced / +100 kg
11127,732662,"Men / Masters 35+ / Beginner / -91,0 kg"
11127,732626,"Men / Masters 35+ / Intermediate  / -76,0 kg"
11127,732651,"Men / Masters 35+ / Intermediate  / -83,0 kg"
11127,732638,"Men / Masters 35+ / Intermediate  / -91,0 kg"
11127,732620,Men / Masters 35+ / Intermediate  / +100 kg
11127,732690,"Men / Masters 35+ / Advanced / -60,0 kg"
11127,732648,"Men / Masters 35+ / Advanced / -76,0 kg"
11127,732660,"Men / Masters 35+ / Advanced / -83,0 kg"
11127,732681,"Men / Masters 35+ / Advanced / -91,0 kg"
11127,732633,Men / Masters 35+ / Advanced / +100 kg
11127,732612,Men's Absolute / Adult / Advanced
11127,732698,"Girls [6 and under] / Intermediate / -24,0 kg"
11127,732682,"Girls [7-8 years] / Beginner / -24,0 kg"
11127,732709,"Girls [7-8 years] / Beginner / -32,0 kg"
11127,732644,"Girls [9-10 years] / Intermediate / -28,0 kg"
11127,732701,"Girls [9-10 years] / Intermediate / -32,0 kg"
11127,732684,"Girls [9-10 years] / Intermediate / -48,0 kg"
11127,732653,"Girls [9-10 years] / Advanced / -28,0 kg"
11127,732654,"Girls [9-10 years] / Advanced / -32,0 kg"
11127,732702,"Girls [11-12 years] / Intermediate / -44,0 kg"
11127,732707,"Girls [11-12 years] / Intermediate / -48,0 kg"
11127,732663,"Girls [11-12 years] / Intermediate / -52,0 kg"
11127,732613,"Girls [11-12 years] / Intermediate / +52,0 kg"
11127,732706,"Girls [11-12 years] / Advanced / -40,0 kg"
11127,732661,"Girls [13-14 years] / Intermediate / -45,0 kg"
11127,732692,"Girls [13-14 years] / Intermediate / -50,0 kg"
11127,732687,"Girls [13-14 years] / Intermediate / +60,0 kg"
11127,732710,"Girls [13-14 years] / Advanced / -50,0 kg"
11127,732652,"Girls [13-14 years] / Advanced / -60,0 kg"
11127,732666,"Girls [15-17 years] / Advanced / -65,0 kg"
11127,732642,"Boys [6 and under] / Intermediate / -20,0 kg"
11127,732699,"Boys [6 and under] / Intermediate / -24,0 kg"
11127,732708,"Boys [6 and under] / Intermediate / -28,0 kg"
11127,732675,"Boys [7-8 years] / Intermediate / -24,0 kg"
11127,732673,"Boys [7-8 years] / Intermediate / -28,0 kg"
11127,732697,"Boys [7-8 years] / Intermediate / -32,0 kg"
11127,732685,"Boys [7-8 years] / Intermediate / -36,0 kg"
11127,732704,"Boys [9-10 years] / Beginner / -32,0 kg"
11127,732631,"Boys [9-10 years] / Beginner / -36,0 kg"
11127,732629,"Boys [9-10 years] / Intermediate / -28,0 kg"
11127,732627,"Boys [9-10 years] / Intermediate / -32,0 kg"
11127,732632,"Boys [9-10 years] / Intermediate / -36,0 kg"
11127,732639,"Boys [9-10 years] / Intermediate / -40,0 kg"
11127,732705,"Boys [9-10 years] / Intermediate / -48,0 kg"
11127,732628,"Boys [9-10 years] / Advanced / -28,0 kg"
11127,732668,"Boys [9-10 years] / Advanced / -32,0 kg"
11127,732677,"Boys [11-12 years] / Beginner / +52,0 kg"
11127,732672,"Boys [11-12 years] / Intermediate / -32,0 kg"
11127,732693,"Boys [11-12 years] / Intermediate / -44,0 kg"
11127,732664,"Boys [11-12 years] / Intermediate / -52,0 kg"
11127,732696,"Boys [11-12 years] / Advanced / -36,0 kg"
11127,732683,"Boys [11-12 years] / Advanced / -48,0 kg"
11127,732634,"Boys [13-14 years] / Intermediate / -50,0 kg"
11127,732643,"Boys [13-14 years] / Intermediate / -55,0 kg"
11127,732649,"Boys [13-14 years] / Intermediate / -60,0 kg"
11127,732671,"Boys [13-14 years] / Intermediate / -65,0 kg"
11127,732615,"Boys [13-14 years] / Advanced / -50,0 kg"
11127,732656,"Boys [13-14 years] / Advanced / -60,0 kg"
11127,732647,"Boys [13-14 years] / Advanced / +65,0 kg"
11127,732689,"Boys [15-17 years] / Beginner / -60,0 kg"
11127,732645,"Boys [15-17 years] / Intermediate / -60,0 kg"
11127,732711,"Boys [15-17 years] / Intermediate / +80,0 kg"
11127,732700,"Boys [15-17 years] / Advanced / -55,0 kg"
11127,732680,"Boys [15-17 years] / Advanced / -60,0 kg"
11127,732669,"Boys [15-17 years] / Advanced / -65,0 kg"
11127,732691,"Boys [15-17 years] / Advanced / -70,0 kg"
10767,731957,"Women / Adult / Beginner / -60,0 kg"
10767,732038,"Women / Adult / Beginner / +70,0 kg"
10767,731900,"Women / Adult / Intermediate / -55,0 kg"
10767,731886,"Women / Adult / Intermediate / -60,0 kg"
10767,731958,"Women / Adult / Intermediate / -65,0 kg"
10767,731880,"Women / Adult / Intermediate / -70,0 kg"
10767,731963,"Women / Adult / Intermediate / +70,0 kg"
10767,731932,"Women / Adult / Advanced / -50,0 kg"
10767,731944,"Women / Adult / Advanced / -55,0 kg"
10767,731917,"Women / Adult / Advanced / -60,0 kg"
10767,731858,"Women / Adult / Advanced / -65,0 kg"
10767,731856,"Women / Adult / Advanced / -70,0 kg"
10767,731881,"Women / Adult / Advanced / +70,0 kg"
10767,731997,"Women / Masters 35+ / Intermediate / -60,0 kg"
10767,731965,"Women / Masters 35+ / Advanced / -60,0 kg"
10767,732027,"Women / Masters 35+ / Advanced / -70,0 kg"
10767,731882,Women's Absolute / Adult / Advanced
10767,731981,"Men / Adult / Beginner / -60,0 kg"
10767,731898,"Men / Adult / Beginner / -65,0 kg"
10767,731887,"Men / Adult / Beginner / -70,0 kg"
10767,731896,"Men / Adult / Beginner / -76,0 kg"
10767,731865,"Men / Adult / Beginner / -83,0 kg"
10767,731954,"Men / Adult / Beginner / -91,0 kg"
10767,731927,Men / Adult / Beginner / +100 kg
10767,731907,"Men / Adult / Intermediate / -60,0 kg"
10767,731854,"Men / Adult / Intermediate / -65,0 kg"
10767,731870,"Men / Adult / Intermediate / -70,0 kg"
10767,731860,"Men / Adult / Intermediate / -76,0 kg"
10767,731873,"Men / Adult / Intermediate / -83,0 kg"
10767,731875,"Men / Adult / Intermediate / -91,0 kg"
10767,731946,"Men / Adult / Intermediate / -100,0 kg"
10767,731905,Men / Adult / Intermediate / +100 kg
10767,731862,"Men / Adult / Advanced / -60,0 kg"
10767,731853,"Men / Adult / Advanced / -65,0 kg"
10767,731871,"Men / Adult / Advanced / -70,0 kg"
10767,731857,"Men / Adult / Advanced / -76,0 kg"
10767,731888,"Men / Adult / Advanced / -83,0 kg"
10767,731867,"Men / Adult / Advanced / -91,0 kg"
10767,731872,"Men / Adult / Advanced / -100,0 kg"
10767,731934,Men / Adult / Advanced / +100 kg
10767,731951,"Men / Masters 35+ / Beginner / -83,0 kg"
10767,731971,"Men / Masters 35+ / Beginner / -91,0 kg"
10767,731979,"Men / Masters 35+ / Beginner / -100,0 kg"
10767,731890,"Men / Masters 35+ / Intermediate / -65,0 kg"
10767,731956,"Men / Masters 35+ / Intermediate / -70,0 kg"
10767,731891,"Men / Masters 35+ / Intermediate / -76,0 kg"
10767,731908,"Men / Masters 35+ / Intermediate / -83,0 kg"
10767,731910,"Men / Masters 35+ / Intermediate / -91,0 kg"
10767,731861,"Men / Masters 35+ / Intermediate / -100,0 kg"
10767,731929,Men / Masters 35+ / Intermediate / +100 kg
10767,731933,"Men / Masters 35+ / Advanced / -60,0 kg"
10767,731961,"Men / Masters 35+ / Advanced / -65,0 kg"
10767,731928,"Men / Masters 35+ / Advanced / -70,0 kg"
10767,731913,"Men / Masters 35+ / Advanced / -76,0 kg"
10767,731894,"Men / Masters 35+ / Advanced / -83,0 kg"
10767,731877,"Men / Masters 35+ / Advanced / -91,0 kg"
10767,731921,"Men / Masters 35+ / Advanced / -100,0 kg"
10767,731962,Men / Masters 35+ / Advanced / +100 kg
10767,731869,Men's Absolute / Adult / Advanced
10767,731967,"Girls [6 and under] / Beginner / -20,0 kg"
10767,732006,"Girls [6 and under] / Intermediate / -20,0 kg"
10767,732018,"Girls [6 and under] / Intermediate / -24,0 kg"
10767,731864,"Girls [7-8 years] / Beginner / -24,0 kg"
10767,731904,"Girls [7-8 years] / Beginner / -28,0 kg"
10767,731940,"Girls [7-8 years] / Beginner / -32,0 kg"
10767,732010,"Girls [7-8 years] / Intermediate / -24,0 kg"
10767,731983,"Girls [7-8 years] / Intermediate / -28,0 kg"
10767,732014,"Girls [7-8 years] / Intermediate / -32,0 kg"
10767,731892,"Girls [9-10 years] / Beginner / -28,0 kg"
10767,731911,"Girls [9-10 years] / Beginner / -32,0 kg"
10767,732046,"Girls [9-10 years] / Beginner / +36,0 kg"
10767,732001,"Girls [9-10 years] / Intermediate / -28,0 kg"
10767,731980,"Girls [9-10 years] / Intermediate / -32,0 kg"
10767,732037,"Girls [9-10 years] / Intermediate / -40,0 kg"
10767,732028,"Girls [9-10 years] / Intermediate / -48,0 kg"
10767,732002,"Girls [9-10 years] / Intermediate / +48,0 kg"
10767,731850,"Girls [9-10 years] / Advanced / -36,0 kg"
10767,731895,"Girls [9-10 years] / Advanced / -40,0 kg"
10767,731930,"Girls [11-12 years] / Beginner / -36,0 kg"
10767,732004,"Girls [11-12 years] / Intermediate / -36,0 kg"
10767,731986,"Girls [11-12 years] / Intermediate / -40,0 kg"
10767,732040,"Girls [11-12 years] / Intermediate / -48,0 kg"
10767,731982,"Girls [11-12 years] / Intermediate / +52,0 kg"
10767,731909,"Girls [11-12 years] / Advanced / -32,0 kg"
10767,731893,"Girls [11-12 years] / Advanced / -36,0 kg"
10767,731924,"Girls [11-12 years] / Advanced / -40,0 kg"
10767,731922,"Girls [11-12 years] / Advanced / -44,0 kg"
10767,731878,"Girls [11-12 years] / Advanced / +52,0 kg"
10767,732047,"Girls [11-12 years] / Intermediate / +61,0 kg"
10767,732042,"Girls [13-14 years] / Intermediate / -45,0 kg"
10767,731998,"Girls [13-14 years] / Intermediate / -50,0 kg"
10767,732003,"Girls [13-14 years] / Intermediate / -55,0 kg"
10767,732039,"Girls [13-14 years] / Intermediate / -60,0 kg"
10767,731994,"Girls [13-14 years] / Intermediate / +60,0 kg"
10767,732007,"Girls [13-14 years] / Advanced / -45,0 kg"
10767,731996,"Girls [13-14 years] / Advanced / -50,0 kg"
10767,732048,"Girls [13-14 years] / Advanced / +60,0 kg"
10767,732032,"Girls [15-17 years] / Advanced / -55,0 kg"
10767,731969,"Girls [15-17 years] / Advanced / -60,0 kg"
10767,732013,"Girls [15-17 years] / Advanced / -65,0 kg"
10767,731925,"Boys [6 and under] / Beginner / -20,0 kg"
10767,731955,"Boys [6 and under] / Beginner / -24,0 kg"
10767,731863,"Boys [6 and under] / Beginner / -28,0 kg"
10767,731945,"Boys [6 and under] / Intermediate / -20,0 kg"
10767,731906,"Boys [6 and under] / Intermediate / -24,0 kg"
10767,731959,"Boys [6 and under] / Intermediate / -28,0 kg"
10767,731884,"Boys [7-8 years] / Beginner / -24,0 kg"
10767,731889,"Boys [7-8 years] / Beginner / -28,0 kg"
10767,731885,"Boys [7-8 years] / Beginner / -32,0 kg"
10767,731977,"Boys [7-8 years] / Intermediate / -24,0 kg"
10767,731973,"Boys [7-8 years] / Intermediate / -28,0 kg"
10767,731972,"Boys [7-8 years] / Intermediate / -32,0 kg"
10767,732034,"Boys [7-8 years] / Intermediate / -36,0 kg"
10767,731855,"Boys [7-8 years] / Advanced / -28,0 kg"
10767,731920,"Boys [7-8 years] / Advanced / -32,0 kg"
10767,731943,"Boys [7-8 years] / Advanced / -36,0 kg"
10767,731899,"Boys [9-10 years] / Beginner / -28,0 kg"
10767,731897,"Boys [9-10 years] / Beginner / -32,0 kg"
10767,731936,"Boys [9-10 years] / Beginner / -40,0 kg"
10767,731985,"Boys [9-10 years] / Intermediate / -28,0 kg"
10767,731978,"Boys [9-10 years] / Intermediate / -32,0 kg"
10767,731975,"Boys [9-10 years] / Intermediate / -36,0 kg"
10767,731993,"Boys [9-10 years] / Intermediate / -40,0 kg"
10767,732023,"Boys [9-10 years] / Intermediate / -44,0 kg"
10767,731995,"Boys [9-10 years] / Intermediate / +48,0 kg"
10767,731879,"Boys [9-10 years] / Advanced / -28,0 kg"
10767,731901,"Boys [9-10 years] / Advanced / -32,0 kg"
10767,731938,"Boys [9-10 years] / Advanced / -36,0 kg"
10767,731935,"Boys [9-10 years] / Advanced / -40,0 kg"
10767,731968,"Boys [11-12 years] / Beginner / -40,0 kg"
10767,731950,"Boys [11-12 years] / Beginner / -44,0 kg"
10767,732015,"Boys [11-12 years] / Beginner / -52,0 kg"
10767,731952,"Boys [11-12 years] / Beginner / +52,0 kg"
10767,731974,"Boys [11-12 years] / Intermediate / -32,0 kg"
10767,732021,"Boys [11-12 years] / Intermediate / -36,0 kg"
10767,732008,"Boys [11-12 years] / Intermediate / -40,0 kg"
10767,732019,"Boys [11-12 years] / Intermediate / -48,0 kg"
10767,732025,"Boys [11-12 years] / Intermediate / -52,0 kg"
10767,731999,"Boys [11-12 years] / Intermediate / +52,0 kg"
10767,731851,"Boys [11-12 years] / Advanced / -32,0 kg"
10767,731947,"Boys [11-12 years] / Advanced / -36,0 kg"
10767,731849,"Boys [11-12 years] / Advanced / -40,0 kg"
10767,731859,"Boys [11-12 years] / Advanced / -44,0 kg"
10767,732011,"Boys [11-12 years] / Advanced / -48,0 kg"
10767,732012,"Boys [11-12 years] / Advanced / -52,0 kg"
10767,731915,"Boys [11-12 years] / Advanced / +52,0 kg"
10767,731989,"Boys [13-14 years] / Intermediate / -50,0 kg"
10767,731987,"Boys [13-14 years] / Intermediate / -55,0 kg"
10767,732016,"Boys [13-14 years] / Intermediate / -60,0 kg"
10767,732022,"Boys [13-14 years] / Intermediate / -65,0 kg"
10767,731988,"Boys [13-14 years] / Intermediate / +65,0 kg"
10767,731948,"Boys [13-14 years] / Advanced / -40,0 kg"
10767,731902,"Boys [13-14 years] / Advanced / -45,0 kg"
10767,731868,"Boys [13-14 years] / Advanced / -50,0 kg"
10767,731923,"Boys [13-14 years] / Advanced / -55,0 kg"
10767,732000,"Boys [13-14 years] / Advanced / -60,0 kg"
10767,732020,"Boys [13-14 years] / Advanced / -65,0 kg"
10767,731883,"Boys [13-14 years] / Advanced / +65,0 kg"
10767,732024,"Boys [15-17 years] / Beginner / -65,0 kg"
10767,732029,"Boys [15-17 years] / Intermediate / -55,0 kg"
10767,732017,"Boys [15-17 years] / Intermediate / -60,0 kg"
10767,731990,"Boys [15-17 years] / Intermediate / -70,0 kg"
10767,732033,"Boys [15-17 years] / Intermediate / +80,0 kg"
10767,731876,"Boys [15-17 years] / Advanced / -50,0 kg"
10767,731931,"Boys [15-17 years] / Advanced / -55,0 kg"
10767,731937,"Boys [15-17 years] / Advanced / -60,0 kg"
10767,731852,"Boys [15-17 years] / Advanced / -65,0 kg"
10767,731941,"Boys [15-17 years] / Advanced / -70,0 kg"
10767,731939,"Boys [15-17 years] / Advanced / -75,0 kg"
10767,731914,"Boys [15-17 years] / Advanced / -80,0 kg"
10767,732030,"Boys [15-17 years] / Advanced / +80,0 kg"
10748,585215,"Women / Adult / Beginner / -50,0 kg"
10748,585218,"Women / Adult / Beginner / -55,0 kg"
10748,585216,"Women / Adult / Beginner / -60,0 kg"
10748,585219,"Women / Adult / Beginner / -65,0 kg"
10748,585217,"Women / Adult / Beginner / -70,0 kg"
10748,586561,"Women / Adult / Intermediate / -50,0 kg"
10748,586559,"Women / Adult / Intermediate / -55,0 kg"
10748,586560,"Women / Adult / Intermediate / -60,0 kg"
10748,586558,"Women / Adult / Intermediate / -70,0 kg"
10748,586562,"Women / Adult / Intermediate / +70,0 kg"
10748,586467,"Women / Adult / Advanced / -60,0 kg"
10748,586469,"Women / Adult / Advanced / -65,0 kg"
10748,586502,"Women / Adult / Advanced / -70,0 kg"
10748,585214,"Women / Masters 35+ / Beginner / +70,0 kg"
10748,586557,"Women / Masters 35+ / Intermediate / -55,0 kg"
10748,586462,"Women / Masters 35+ / Advanced / -60,0 kg"
10748,586463,"Women / Masters 35+ / Advanced / -65,0 kg"
10748,585210,Women Absolute / Adult / All
10748,585226,"Men / Adult / Beginner / -60,0 kg"
10748,585227,"Men / Adult / Beginner / -65,0 kg"
10748,585221,"Men / Adult / Beginner / -70,0 kg"
10748,585220,"Men / Adult / Beginner / -76,0 kg"
10748,585222,"Men / Adult / Beginner / -83,0 kg"
10748,585224,"Men / Adult / Beginner / -91,0 kg"
10748,585223,"Men / Adult / Beginner / -100,0 kg"
10748,585225,Men / Adult / Beginner / +100 kg
10748,586577,"Men / Adult / Intermediate  / -60,0 kg"
10748,586576,"Men / Adult / Intermediate  / -65,0 kg"
10748,586570,"Men / Adult / Intermediate  / -70,0 kg"
10748,586573,"Men / Adult / Intermediate  / -76,0 kg"
10748,586572,"Men / Adult / Intermediate  / -83,0 kg"
10748,586575,"Men / Adult / Intermediate  / -91,0 kg"
10748,586574,"Men / Adult / Intermediate  / -100,0 kg"
10748,586571,Men / Adult / Intermediate  / +100 kg
10748,586515,"Men / Adult / Advanced / -60,0 kg"
10748,586510,"Men / Adult / Advanced / -65,0 kg"
10748,586514,"Men / Adult / Advanced / -70,0 kg"
10748,586512,"Men / Adult / Advanced / -76,0 kg"
10748,586509,"Men / Adult / Advanced / -83,0 kg"
10748,586511,"Men / Adult / Advanced / -91,0 kg"
10748,586513,"Men / Adult / Advanced / -100,0 kg"
10748,586508,Men / Adult / Advanced / +100 kg
10748,585212,"Men / Masters 35+ / Beginner / -76,0 kg"
10748,585211,"Men / Masters 35+ / Beginner / -83,0 kg"
10748,585213,Men / Masters 35+ / Beginner / +100 kg
10748,586569,"Men / Masters 35+ / Intermediate  / -65,0 kg"
10748,586566,"Men / Masters 35+ / Intermediate  / -70,0 kg"
10748,586563,"Men / Masters 35+ / Intermediate  / -76,0 kg"
10748,586567,"Men / Masters 35+ / Intermediate  / -83,0 kg"
10748,586565,"Men / Masters 35+ / Intermediate  / -91,0 kg"
10748,586568,"Men / Masters 35+ / Intermediate  / -100,0 kg"
10748,586564,Men / Masters 35+ / Intermediate  / +100 kg
10748,586535,"Men / Masters 35+ / Advanced / -65,0 kg"
10748,586533,"Men / Masters 35+ / Advanced / -70,0 kg"
10748,586529,"Men / Masters 35+ / Advanced / -76,0 kg"
10748,586534,"Men / Masters 35+ / Advanced / -83,0 kg"
10748,586530,"Men / Masters 35+ / Advanced / -91,0 kg"
10748,586532,"Men / Masters 35+ / Advanced / -100,0 kg"
10748,586531,Men / Masters 35+ / Advanced / +100 kg
10748,585147,Men Absolute / Adult / All
10748,585081,"Girls [7-8 years] / Beginner / -28,0 kg"
10748,585083,"Girls [7-8 years] / Intermediate / -24,0 kg"
10748,585084,"Girls [7-8 years] / Intermediate / -32,0 kg"
10748,585103,"Girls [9-10 years] / Intermediate / +48,0 kg"
10748,585107,"Girls [11-12 years] / Beginner / -40,0 kg"
10748,585109,"Girls [11-12 years] / Intermediate / -40,0 kg"
10748,585113,"Girls [11-12 years] / Intermediate / -48,0 kg"
10748,585125,"Girls [13-14 years] / Intermediate / -55,0 kg"
10748,585123,"Girls [13-14 years] / Advanced / -45,0 kg"
10748,585126,"Girls [13-14 years] / Advanced / -60,0 kg"
10748,585138,"Girls [15-17 years] / Advanced / -60,0 kg"
10748,585079,"Boys [6 and under] / Beginner / -20,0 kg"
10748,585080,"Boys [6 and under] / Beginner / -24,0 kg"
10748,585082,"Boys [7-8 years] / Beginner / -28,0 kg"
10748,585102,"Boys [9-10 years] / Beginner / -28,0 kg"
10748,585104,"Boys [9-10 years] / Intermediate / -36,0 kg"
10748,585108,"Boys [11-12 years] / Beginner / -40,0 kg"
10748,585112,"Boys [11-12 years] / Intermediate / -48,0 kg"
10748,585106,"Boys [11-12 years] / Advanced / -44,0 kg"
10748,585110,"Boys [11-12 years] / Advanced / -48,0 kg"
10748,585105,"Boys [11-12 years] / Advanced / +52,0 kg"
10748,585122,"Boys [13-14 years] / Beginner / -50,0 kg"
10748,585124,"Boys [13-14 years] / Intermediate / -50,0 kg"
10748,585121,"Boys [13-14 years] / Advanced / -55,0 kg"
10748,585127,"Boys [13-14 years] / Advanced / -60,0 kg"
10748,585142,"Boys [15-17 years] / Beginner / -65,0 kg"
10748,585140,"Boys [15-17 years] / Beginner / -80,0 kg"
10748,585144,"Boys [15-17 years] / Advanced / -60,0 kg"
10748,585137,"Boys [15-17 years] / Advanced / -65,0 kg"
10748,585139,"Boys [15-17 years] / Advanced / -70,0 kg"
10748,585143,"Boys [15-17 years] / Advanced / -80,0 kg"
10748,585141,"Boys [15-17 years] / Advanced / +80,0 kg"
11067,560931,"Women / Adult / Beginner / -50,0 kg"
11067,560932,"Women / Adult / Beginner / -55,0 kg"
11067,560934,"Women / Adult / Beginner / -60,0 kg"
11067,560936,"Women / Adult / Beginner / -65,0 kg"
11067,560937,"Women / Adult / Beginner / -70,0 kg"
11067,560940,"Women / Adult / Intermediate / -50,0 kg"
11067,560948,"Women / Adult / Intermediate / -55,0 kg"
11067,560947,"Women / Adult / Intermediate / -60,0 kg"
11067,560946,"Women / Adult / Intermediate / -65,0 kg"
11067,560945,"Women / Adult / Intermediate / -70,0 kg"
11067,560944,"Women / Adult / Intermediate / +70,0 kg"
11067,560941,"Women / Adult / Advanced / -60,0 kg"
11067,561861,Womens Absolute / Adult / Advanced
11067,560949,"Men / Adult / Beginner / -60,0 kg"
11067,560954,"Men / Adult / Beginner / -65,0 kg"
11067,560956,"Men / Adult / Beginner / -70,0 kg"
11067,560957,"Men / Adult / Beginner / -76,0 kg"
11067,560958,"Men / Adult / Beginner / -83,0 kg"
11067,560959,"Men / Adult / Beginner / -91,0 kg"
11067,560960,Men / Adult / Beginner / +100 kg
11067,560961,"Men / Adult / Intermediate / -60,0 kg"
11067,560962,"Men / Adult / Intermediate / -65,0 kg"
11067,560963,"Men / Adult / Intermediate / -70,0 kg"
11067,560966,"Men / Adult / Intermediate / -76,0 kg"
11067,560967,"Men / Adult / Intermediate / -83,0 kg"
11067,560968,"Men / Adult / Intermediate / -91,0 kg"
11067,560969,"Men / Adult / Intermediate / -100,0 kg"
11067,560970,Men / Adult / Intermediate / +100 kg
11067,560971,"Men / Adult / Advanced / -60,0 kg"
11067,560972,"Men / Adult / Advanced / -65,0 kg"
11067,560973,"Men / Adult / Advanced / -70,0 kg"
11067,560974,"Men / Adult / Advanced / -76,0 kg"
11067,560975,"Men / Adult / Advanced / -83,0 kg"
11067,560978,"Men / Adult / Advanced / -91,0 kg"
11067,560979,"Men / Adult / Advanced / -100,0 kg"
11067,560981,Men / Adult / Advanced / +100 kg
11067,560982,"Men / Masters 35+ / Beginner / -65,0 kg"
11067,560986,"Men / Masters 35+ / Beginner / -70,0 kg"
11067,560987,"Men / Masters 35+ / Beginner / -83,0 kg"
11067,560989,"Men / Masters 35+ / Beginner / -100,0 kg"
11067,560991,"Men / Masters 35+ / Intermediate / -65,0 kg"
11067,560992,"Men / Masters 35+ / Intermediate / -70,0 kg"
11067,560993,"Men / Masters 35+ / Intermediate / -76,0 kg"
11067,562623,"Men / Masters 35+ / Intermediate / -83,0 kg"
11067,560994,"Men / Masters 35+ / Intermediate / -91,0 kg"
11067,560995,"Men / Masters 35+ / Intermediate / -100,0 kg"
11067,561003,Men / Masters 35+ / Intermediate / +100 kg
11067,561004,"Men / Masters 35+ / Advanced / -65,0 kg"
11067,561005,"Men / Masters 35+ / Advanced / -70,0 kg"
11067,561006,"Men / Masters 35+ / Advanced / -76,0 kg"
11067,561007,"Men / Masters 35+ / Advanced / -83,0 kg"
11067,561008,"Men / Masters 35+ / Advanced / -91,0 kg"
11067,561009,Men / Masters 35+ / Advanced / +100 kg
11067,562665,Mens Absolute / Adult / Advanced
11067,561912,"Girls [9-10 years] / Beginner / -28,0 kg"
11067,561987,"Girls [9-10 years] / Beginner / -36,0 kg"
11067,561913,"Girls [11-12 years] / Advanced / +44,0 kg"
11067,561914,"Girls [13-14 years] / Advanced / -55,0 kg"
11067,561933,"Girls [15-17 years] / Advanced / -50,0 kg"
11067,561915,"Girls [15-17 years] / Advanced / +60,0 kg"
11067,562009,"Boys [9-10 years] / Beginner / -28,0 kg"
11067,562008,"Boys [11-12 years] / Beginner / -32,0 kg"
11067,562007,"Boys [11-12 years] / Beginner / -36,0 kg"
11067,562006,"Boys [11-12 years] / Beginner / +44,0 kg"
11067,562005,"Boys [11-12 years] / Advanced / +44,0 kg"
11067,562004,"Boys [13-14 years] / Beginner / -50,0 kg"
11067,562003,"Boys [13-14 years] / Beginner / -55,0 kg"
11067,562002,"Boys [13-14 years] / Advanced / -50,0 kg"
11067,562618,"Boys [13-14 years] / Advanced / -55,0 kg"
11067,562001,"Boys [13-14 years] / Advanced / +55,0 kg"
11067,562000,"Boys [15-17 years] / Beginner / -60,0 kg"
11067,561999,"Boys [15-17 years] / Beginner / -65,0 kg"
11067,561998,"Boys [15-17 years] / Beginner / -70,0 kg"
11067,561997,"Boys [15-17 years] / Advanced / -60,0 kg"
11067,561996,"Boys [15-17 years] / Advanced / -65,0 kg"
11067,561995,"Boys [15-17 years] / Advanced / -70,0 kg"
11067,561994,"Boys [15-17 years] / Advanced / +80,0 kg"
